manifestation_id,source_channel,source_record_id,title,year,doi,pmid,openalex_id,raw_artifact_locator,raw_artifact_checksum,retrieval_run_id,query_locator,provenance_status
MANIFEST:OFFICIAL-LEGAL-0001,LEGAL_GAZ,OFFICIAL-LEGAL-0001,Trang chủ trang chủ,2026,,,,official-sources/legal-portals-20260801T095241/raw/gaz-q01-p01.html,2c055e3e1ecf28a061030bbbd3f20337843903a3f9b342ce44da649a5a76b5e8,legal-portals-20260801T095241,official-sources/legal-portals-20260801T095241/query-ledger.csv,VERIFIED_RAW_MANIFEST
MANIFEST:OFFICIAL-LEGAL-0002,LEGAL_GAZ,OFFICIAL-LEGAL-0002,Công báo Công báo,2026,,,,official-sources/legal-portals-20260801T095241/raw/gaz-q01-p01.html,2c055e3e1ecf28a061030bbbd3f20337843903a3f9b342ce44da649a5a76b5e8,legal-portals-20260801T095241,official-sources/legal-portals-20260801T095241/query-ledger.csv,VERIFIED_RAW_MANIFEST
MANIFEST:OFFICIAL-LEGAL-0003,LEGAL_GAZ,OFFICIAL-LEGAL-0003,văn bản đăng công báo Văn bản đăng công báo,2026,,,,official-sources/legal-portals-20260801T095241/raw/gaz-q01-p01.html,2c055e3e1ecf28a061030bbbd3f20337843903a3f9b342ce44da649a5a76b5e8,legal-portals-20260801T095241,official-sources/legal-portals-20260801T095241/query-ledger.csv,VERIFIED_RAW_MANIFEST
MANIFEST:OFFICIAL-LEGAL-0004,LEGAL_GAZ,OFFICIAL-LEGAL-0004,Văn bản chỉ đạo điều hành Văn bản chỉ đạo điều hành,2026,,,,official-sources/legal-portals-20260801T095241/raw/gaz-q01-p01.html,2c055e3e1ecf28a061030bbbd3f20337843903a3f9b342ce44da649a5a76b5e8,legal-portals-20260801T095241,official-sources/legal-portals-20260801T095241/query-ledger.csv,VERIFIED_RAW_MANIFEST
MANIFEST:OFFICIAL-LEGAL-0005,LEGAL_GAZ,OFFICIAL-LEGAL-0005,Tìm kiếm nâng cao Tìm kiếm nâng cao,2026,,,,official-sources/legal-portals-20260801T095241/raw/gaz-q01-p01.html,2c055e3e1ecf28a061030bbbd3f20337843903a3f9b342ce44da649a5a76b5e8,legal-portals-20260801T095241,official-sources/legal-portals-20260801T095241/query-ledger.csv,VERIFIED_RAW_MANIFEST
MANIFEST:OFFICIAL-LEGAL-0006,LEGAL_GAZ,OFFICIAL-LEGAL-0006,Tìm kiếm Tìm kiếm,2026,,,,official-sources/legal-portals-20260801T095241/raw/gaz-q01-p01.html,2c055e3e1ecf28a061030bbbd3f20337843903a3f9b342ce44da649a5a76b5e8,legal-portals-20260801T095241,official-sources/legal-portals-20260801T095241/query-ledger.csv,VERIFIED_RAW_MANIFEST
MANIFEST:OFFICIAL-LEGAL-0007,LEGAL_GAZ,OFFICIAL-LEGAL-0007,Công báo số 456 ngày 03/08/2026 Công báo số 456 ngày 03/08/2026,2026,,,,official-sources/legal-portals-20260801T095241/raw/gaz-q01-p01.html,2c055e3e1ecf28a061030bbbd3f20337843903a3f9b342ce44da649a5a76b5e8,legal-portals-20260801T095241,official-sources/legal-portals-20260801T095241/query-ledger.csv,VERIFIED_RAW_MANIFEST
MANIFEST:OFFICIAL-LEGAL-0008,LEGAL_GAZ,OFFICIAL-LEGAL-0008,"Nghị định số 288/2026/NĐ-CP sửa đổi, bổ sung một số điều của Nghị định số 122/2021/NĐ-CP ngày 28 tháng 12 năm 2021 của Chính phủ quy định về xử phạt vi phạm hành chính trong lĩnh vực kế hoạch và đầu t",2026,,,,official-sources/legal-portals-20260801T095241/raw/gaz-q01-p01.html,2c055e3e1ecf28a061030bbbd3f20337843903a3f9b342ce44da649a5a76b5e8,legal-portals-20260801T095241,official-sources/legal-portals-20260801T095241/query-ledger.csv,VERIFIED_RAW_MANIFEST
MANIFEST:OFFICIAL-LEGAL-0009,LEGAL_GAZ,OFFICIAL-LEGAL-0009,"Nghị định số 290/2026/NĐ-CP sửa đổi, bổ sung một số điều của Nghị định số 06/2013/NĐ-CP ngày 09 tháng 01 năm 2013 của Chính phủ quy định về bảo vệ cơ quan, doanh nghiệp Nghị định số 290/2026/NĐ-CP sửa",2026,,,,official-sources/legal-portals-20260801T095241/raw/gaz-q01-p01.html,2c055e3e1ecf28a061030bbbd3f20337843903a3f9b342ce44da649a5a76b5e8,legal-portals-20260801T095241,official-sources/legal-portals-20260801T095241/query-ledger.csv,VERIFIED_RAW_MANIFEST
MANIFEST:OFFICIAL-LEGAL-0010,LEGAL_GAZ,OFFICIAL-LEGAL-0010,"Nghị định số 292/2026/NĐ-CP quy định chi tiết một số điều và biện pháp để tổ chức, hướng dẫn thi hành Luật Quản lý ngoại thương Nghị định số 292/2026/NĐ-CP quy định chi tiết một số điều và biện pháp đ",2026,,,,official-sources/legal-portals-20260801T095241/raw/gaz-q01-p01.html,2c055e3e1ecf28a061030bbbd3f20337843903a3f9b342ce44da649a5a76b5e8,legal-portals-20260801T095241,official-sources/legal-portals-20260801T095241/query-ledger.csv,VERIFIED_RAW_MANIFEST
MANIFEST:OFFICIAL-LEGAL-0011,LEGAL_GAZ,OFFICIAL-LEGAL-0011,Nghị quyết số 35/2026/NQ-CP gia hạn thời hạn hoạt động Dự án Phân hiệu Trường Đại học RMIT Việt Nam tại Hà Nội Nghị quyết số 35/2026/NQ-CP gia hạn thời hạn hoạt động Dự án Phân hiệu Trường Đại học RMI,2026,,,,official-sources/legal-portals-20260801T095241/raw/gaz-q01-p01.html,2c055e3e1ecf28a061030bbbd3f20337843903a3f9b342ce44da649a5a76b5e8,legal-portals-20260801T095241,official-sources/legal-portals-20260801T095241/query-ledger.csv,VERIFIED_RAW_MANIFEST
MANIFEST:OFFICIAL-LEGAL-0012,LEGAL_GAZ,OFFICIAL-LEGAL-0012,chia sẻ Chia sẻ,2026,,,,official-sources/legal-portals-20260801T095241/raw/gaz-q01-p01.html,2c055e3e1ecf28a061030bbbd3f20337843903a3f9b342ce44da649a5a76b5e8,legal-portals-20260801T095241,official-sources/legal-portals-20260801T095241/query-ledger.csv,VERIFIED_RAW_MANIFEST
MANIFEST:OFFICIAL-LEGAL-0013,LEGAL_GAZ,OFFICIAL-LEGAL-0013,Quyết định số 1328/QĐ-TTg kiện toàn Ban Chỉ đạo Phòng thủ dân sự quốc gia Quyết định số 1328/QĐ-TTg kiện toàn Ban Chỉ đạo Phòng thủ dân sự quốc gia,2026,,,,official-sources/legal-portals-20260801T095241/raw/gaz-q01-p01.html,2c055e3e1ecf28a061030bbbd3f20337843903a3f9b342ce44da649a5a76b5e8,legal-portals-20260801T095241,official-sources/legal-portals-20260801T095241/query-ledger.csv,VERIFIED_RAW_MANIFEST
MANIFEST:OFFICIAL-LEGAL-0014,LEGAL_GAZ,OFFICIAL-LEGAL-0014,Xem thêm Xem thêm,2026,,,,official-sources/legal-portals-20260801T095241/raw/gaz-q01-p01.html,2c055e3e1ecf28a061030bbbd3f20337843903a3f9b342ce44da649a5a76b5e8,legal-portals-20260801T095241,official-sources/legal-portals-20260801T095241/query-ledger.csv,VERIFIED_RAW_MANIFEST
MANIFEST:OFFICIAL-LEGAL-0015,LEGAL_GAZ,OFFICIAL-LEGAL-0015,Cơ quan ban hành,2026,,,,official-sources/legal-portals-20260801T095241/raw/gaz-q01-p01.html,2c055e3e1ecf28a061030bbbd3f20337843903a3f9b342ce44da649a5a76b5e8,legal-portals-20260801T095241,official-sources/legal-portals-20260801T095241/query-ledger.csv,VERIFIED_RAW_MANIFEST
MANIFEST:OFFICIAL-LEGAL-0016,LEGAL_GAZ,OFFICIAL-LEGAL-0016,Hệ thống văn bản,2026,,,,official-sources/legal-portals-20260801T095241/raw/gaz-q01-p01.html,2c055e3e1ecf28a061030bbbd3f20337843903a3f9b342ce44da649a5a76b5e8,legal-portals-20260801T095241,official-sources/legal-portals-20260801T095241/query-ledger.csv,VERIFIED_RAW_MANIFEST
MANIFEST:OFFICIAL-LEGAL-0017,LEGAL_GAZ,OFFICIAL-LEGAL-0017,Chủ tịch nước Chủ tịch nước,2026,,,,official-sources/legal-portals-20260801T095241/raw/gaz-q01-p01.html,2c055e3e1ecf28a061030bbbd3f20337843903a3f9b342ce44da649a5a76b5e8,legal-portals-20260801T095241,official-sources/legal-portals-20260801T095241/query-ledger.csv,VERIFIED_RAW_MANIFEST
MANIFEST:OFFICIAL-LEGAL-0018,LEGAL_GAZ,OFFICIAL-LEGAL-0018,Quốc hội Quốc hội,2026,,,,official-sources/legal-portals-20260801T095241/raw/gaz-q01-p01.html,2c055e3e1ecf28a061030bbbd3f20337843903a3f9b342ce44da649a5a76b5e8,legal-portals-20260801T095241,official-sources/legal-portals-20260801T095241/query-ledger.csv,VERIFIED_RAW_MANIFEST
MANIFEST:OFFICIAL-LEGAL-0019,LEGAL_GAZ,OFFICIAL-LEGAL-0019,Ủy ban thường vụ quốc hội Ủy ban thường vụ quốc hội,2026,,,,official-sources/legal-portals-20260801T095241/raw/gaz-q01-p01.html,2c055e3e1ecf28a061030bbbd3f20337843903a3f9b342ce44da649a5a76b5e8,legal-portals-20260801T095241,official-sources/legal-portals-20260801T095241/query-ledger.csv,VERIFIED_RAW_MANIFEST
MANIFEST:OFFICIAL-LEGAL-0020,LEGAL_GAZ,OFFICIAL-LEGAL-0020,Chính phủ Chính phủ,2026,,,,official-sources/legal-portals-20260801T095241/raw/gaz-q01-p01.html,2c055e3e1ecf28a061030bbbd3f20337843903a3f9b342ce44da649a5a76b5e8,legal-portals-20260801T095241,official-sources/legal-portals-20260801T095241/query-ledger.csv,VERIFIED_RAW_MANIFEST
MANIFEST:OFFICIAL-LEGAL-0021,LEGAL_GAZ,OFFICIAL-LEGAL-0021,Thủ tướng chính phủ Thủ tướng chính phủ,2026,,,,official-sources/legal-portals-20260801T095241/raw/gaz-q01-p01.html,2c055e3e1ecf28a061030bbbd3f20337843903a3f9b342ce44da649a5a76b5e8,legal-portals-20260801T095241,official-sources/legal-portals-20260801T095241/query-ledger.csv,VERIFIED_RAW_MANIFEST
MANIFEST:OFFICIAL-LEGAL-0022,LEGAL_GAZ,OFFICIAL-LEGAL-0022,BỘ CÔNG AN BỘ CÔNG AN,2026,,,,official-sources/legal-portals-20260801T095241/raw/gaz-q01-p01.html,2c055e3e1ecf28a061030bbbd3f20337843903a3f9b342ce44da649a5a76b5e8,legal-portals-20260801T095241,official-sources/legal-portals-20260801T095241/query-ledger.csv,VERIFIED_RAW_MANIFEST
MANIFEST:OFFICIAL-LEGAL-0023,LEGAL_GAZ,OFFICIAL-LEGAL-0023,BỘ CÔNG THƯƠNG BỘ CÔNG THƯƠNG,2026,,,,official-sources/legal-portals-20260801T095241/raw/gaz-q01-p01.html,2c055e3e1ecf28a061030bbbd3f20337843903a3f9b342ce44da649a5a76b5e8,legal-portals-20260801T095241,official-sources/legal-portals-20260801T095241/query-ledger.csv,VERIFIED_RAW_MANIFEST
MANIFEST:OFFICIAL-LEGAL-0024,LEGAL_GAZ,OFFICIAL-LEGAL-0024,BỘ DÂN TỘC VÀ TÔN GIÁO BỘ DÂN TỘC VÀ TÔN GIÁO,2026,,,,official-sources/legal-portals-20260801T095241/raw/gaz-q01-p01.html,2c055e3e1ecf28a061030bbbd3f20337843903a3f9b342ce44da649a5a76b5e8,legal-portals-20260801T095241,official-sources/legal-portals-20260801T095241/query-ledger.csv,VERIFIED_RAW_MANIFEST
MANIFEST:OFFICIAL-LEGAL-0025,LEGAL_GAZ,OFFICIAL-LEGAL-0025,BỘ GIÁO DỤC VÀ ĐÀO TẠO BỘ GIÁO DỤC VÀ ĐÀO TẠO,2026,,,,official-sources/legal-portals-20260801T095241/raw/gaz-q01-p01.html,2c055e3e1ecf28a061030bbbd3f20337843903a3f9b342ce44da649a5a76b5e8,legal-portals-20260801T095241,official-sources/legal-portals-20260801T095241/query-ledger.csv,VERIFIED_RAW_MANIFEST
MANIFEST:OFFICIAL-LEGAL-0026,LEGAL_GAZ,OFFICIAL-LEGAL-0026,BỘ KHOA HỌC VÀ CÔNG NGHỆ BỘ KHOA HỌC VÀ CÔNG NGHỆ,2026,,,,official-sources/legal-portals-20260801T095241/raw/gaz-q01-p01.html,2c055e3e1ecf28a061030bbbd3f20337843903a3f9b342ce44da649a5a76b5e8,legal-portals-20260801T095241,official-sources/legal-portals-20260801T095241/query-ledger.csv,VERIFIED_RAW_MANIFEST
MANIFEST:OFFICIAL-LEGAL-0027,LEGAL_GAZ,OFFICIAL-LEGAL-0027,BỘ NGOẠI GIAO BỘ NGOẠI GIAO,2026,,,,official-sources/legal-portals-20260801T095241/raw/gaz-q01-p01.html,2c055e3e1ecf28a061030bbbd3f20337843903a3f9b342ce44da649a5a76b5e8,legal-portals-20260801T095241,official-sources/legal-portals-20260801T095241/query-ledger.csv,VERIFIED_RAW_MANIFEST
MANIFEST:OFFICIAL-LEGAL-0028,LEGAL_GAZ,OFFICIAL-LEGAL-0028,BỘ NÔNG NGHIỆP VÀ MÔI TRƯỜNG BỘ NÔNG NGHIỆP VÀ MÔI TRƯỜNG,2026,,,,official-sources/legal-portals-20260801T095241/raw/gaz-q01-p01.html,2c055e3e1ecf28a061030bbbd3f20337843903a3f9b342ce44da649a5a76b5e8,legal-portals-20260801T095241,official-sources/legal-portals-20260801T095241/query-ledger.csv,VERIFIED_RAW_MANIFEST
MANIFEST:OFFICIAL-LEGAL-0029,LEGAL_GAZ,OFFICIAL-LEGAL-0029,BỘ NỘI VỤ BỘ NỘI VỤ,2026,,,,official-sources/legal-portals-20260801T095241/raw/gaz-q01-p01.html,2c055e3e1ecf28a061030bbbd3f20337843903a3f9b342ce44da649a5a76b5e8,legal-portals-20260801T095241,official-sources/legal-portals-20260801T095241/query-ledger.csv,VERIFIED_RAW_MANIFEST
MANIFEST:OFFICIAL-LEGAL-0030,LEGAL_GAZ,OFFICIAL-LEGAL-0030,BỘ QUỐC PHÒNG BỘ QUỐC PHÒNG,2026,,,,official-sources/legal-portals-20260801T095241/raw/gaz-q01-p01.html,2c055e3e1ecf28a061030bbbd3f20337843903a3f9b342ce44da649a5a76b5e8,legal-portals-20260801T095241,official-sources/legal-portals-20260801T095241/query-ledger.csv,VERIFIED_RAW_MANIFEST
MANIFEST:OFFICIAL-LEGAL-0031,LEGAL_GAZ,OFFICIAL-LEGAL-0031,BỘ TÀI CHÍNH BỘ TÀI CHÍNH,2026,,,,official-sources/legal-portals-20260801T095241/raw/gaz-q01-p01.html,2c055e3e1ecf28a061030bbbd3f20337843903a3f9b342ce44da649a5a76b5e8,legal-portals-20260801T095241,official-sources/legal-portals-20260801T095241/query-ledger.csv,VERIFIED_RAW_MANIFEST
MANIFEST:OFFICIAL-LEGAL-0032,LEGAL_GAZ,OFFICIAL-LEGAL-0032,BỘ TƯ PHÁP BỘ TƯ PHÁP,2026,,,,official-sources/legal-portals-20260801T095241/raw/gaz-q01-p01.html,2c055e3e1ecf28a061030bbbd3f20337843903a3f9b342ce44da649a5a76b5e8,legal-portals-20260801T095241,official-sources/legal-portals-20260801T095241/query-ledger.csv,VERIFIED_RAW_MANIFEST
MANIFEST:OFFICIAL-LEGAL-0033,LEGAL_GAZ,OFFICIAL-LEGAL-0033,"BỘ VĂN HÓA, THỂ THAO VÀ DU LỊCH BỘ VĂN HÓA, THỂ THAO VÀ DU LỊCH",2026,,,,official-sources/legal-portals-20260801T095241/raw/gaz-q01-p01.html,2c055e3e1ecf28a061030bbbd3f20337843903a3f9b342ce44da649a5a76b5e8,legal-portals-20260801T095241,official-sources/legal-portals-20260801T095241/query-ledger.csv,VERIFIED_RAW_MANIFEST
MANIFEST:OFFICIAL-LEGAL-0034,LEGAL_GAZ,OFFICIAL-LEGAL-0034,BỘ XÂY DỰNG BỘ XÂY DỰNG,2026,,,,official-sources/legal-portals-20260801T095241/raw/gaz-q01-p01.html,2c055e3e1ecf28a061030bbbd3f20337843903a3f9b342ce44da649a5a76b5e8,legal-portals-20260801T095241,official-sources/legal-portals-20260801T095241/query-ledger.csv,VERIFIED_RAW_MANIFEST
MANIFEST:OFFICIAL-LEGAL-0035,LEGAL_GAZ,OFFICIAL-LEGAL-0035,BỘ Y TẾ BỘ Y TẾ,2026,,,,official-sources/legal-portals-20260801T095241/raw/gaz-q01-p01.html,2c055e3e1ecf28a061030bbbd3f20337843903a3f9b342ce44da649a5a76b5e8,legal-portals-20260801T095241,official-sources/legal-portals-20260801T095241/query-ledger.csv,VERIFIED_RAW_MANIFEST
MANIFEST:OFFICIAL-LEGAL-0036,LEGAL_GAZ,OFFICIAL-LEGAL-0036,NGÂN HÀNG NHÀ NƯỚC VIỆT NAM NGÂN HÀNG NHÀ NƯỚC VIỆT NAM,2026,,,,official-sources/legal-portals-20260801T095241/raw/gaz-q01-p01.html,2c055e3e1ecf28a061030bbbd3f20337843903a3f9b342ce44da649a5a76b5e8,legal-portals-20260801T095241,official-sources/legal-portals-20260801T095241/query-ledger.csv,VERIFIED_RAW_MANIFEST
MANIFEST:OFFICIAL-LEGAL-0037,LEGAL_GAZ,OFFICIAL-LEGAL-0037,THANH TRA CHÍNH PHỦ THANH TRA CHÍNH PHỦ,2026,,,,official-sources/legal-portals-20260801T095241/raw/gaz-q01-p01.html,2c055e3e1ecf28a061030bbbd3f20337843903a3f9b342ce44da649a5a76b5e8,legal-portals-20260801T095241,official-sources/legal-portals-20260801T095241/query-ledger.csv,VERIFIED_RAW_MANIFEST
MANIFEST:OFFICIAL-LEGAL-0038,LEGAL_GAZ,OFFICIAL-LEGAL-0038,VĂN PHÒNG CHÍNH PHỦ VĂN PHÒNG CHÍNH PHỦ,2026,,,,official-sources/legal-portals-20260801T095241/raw/gaz-q01-p01.html,2c055e3e1ecf28a061030bbbd3f20337843903a3f9b342ce44da649a5a76b5e8,legal-portals-20260801T095241,official-sources/legal-portals-20260801T095241/query-ledger.csv,VERIFIED_RAW_MANIFEST
MANIFEST:OFFICIAL-LEGAL-0039,LEGAL_GAZ,OFFICIAL-LEGAL-0039,Hội đồng thẩm phán Tòa án nhân dân tối cao Hội đồng thẩm phán Tòa án nhân dân tối cao,2026,,,,official-sources/legal-portals-20260801T095241/raw/gaz-q01-p01.html,2c055e3e1ecf28a061030bbbd3f20337843903a3f9b342ce44da649a5a76b5e8,legal-portals-20260801T095241,official-sources/legal-portals-20260801T095241/query-ledger.csv,VERIFIED_RAW_MANIFEST
MANIFEST:OFFICIAL-LEGAL-0040,LEGAL_GAZ,OFFICIAL-LEGAL-0040,Chánh án Tòa án nhân dân tối cao Chánh án Tòa án nhân dân tối cao,2026,,,,official-sources/legal-portals-20260801T095241/raw/gaz-q01-p01.html,2c055e3e1ecf28a061030bbbd3f20337843903a3f9b342ce44da649a5a76b5e8,legal-portals-20260801T095241,official-sources/legal-portals-20260801T095241/query-ledger.csv,VERIFIED_RAW_MANIFEST
MANIFEST:OFFICIAL-LEGAL-0041,LEGAL_GAZ,OFFICIAL-LEGAL-0041,Viện trưởng Viện Kiểm sát nhân dân tối cao Viện trưởng Viện Kiểm sát nhân dân tối cao,2026,,,,official-sources/legal-portals-20260801T095241/raw/gaz-q01-p01.html,2c055e3e1ecf28a061030bbbd3f20337843903a3f9b342ce44da649a5a76b5e8,legal-portals-20260801T095241,official-sources/legal-portals-20260801T095241/query-ledger.csv,VERIFIED_RAW_MANIFEST
MANIFEST:OFFICIAL-LEGAL-0042,LEGAL_GAZ,OFFICIAL-LEGAL-0042,Tổng Kiểm toán nhà nước Tổng Kiểm toán nhà nước,2026,,,,official-sources/legal-portals-20260801T095241/raw/gaz-q01-p01.html,2c055e3e1ecf28a061030bbbd3f20337843903a3f9b342ce44da649a5a76b5e8,legal-portals-20260801T095241,official-sources/legal-portals-20260801T095241/query-ledger.csv,VERIFIED_RAW_MANIFEST
MANIFEST:OFFICIAL-LEGAL-0043,LEGAL_GAZ,OFFICIAL-LEGAL-0043,Văn phòng Quốc hội Văn phòng Quốc hội,2026,,,,official-sources/legal-portals-20260801T095241/raw/gaz-q01-p01.html,2c055e3e1ecf28a061030bbbd3f20337843903a3f9b342ce44da649a5a76b5e8,legal-portals-20260801T095241,official-sources/legal-portals-20260801T095241/query-ledger.csv,VERIFIED_RAW_MANIFEST
MANIFEST:OFFICIAL-LEGAL-0044,LEGAL_GAZ,OFFICIAL-LEGAL-0044,"Các cơ quan khác (Ban chỉ đạo, Hội đồng….) Các cơ quan khác (Ban chỉ đạo, Hội đồng….)",2026,,,,official-sources/legal-portals-20260801T095241/raw/gaz-q01-p01.html,2c055e3e1ecf28a061030bbbd3f20337843903a3f9b342ce44da649a5a76b5e8,legal-portals-20260801T095241,official-sources/legal-portals-20260801T095241/query-ledger.csv,VERIFIED_RAW_MANIFEST
MANIFEST:OFFICIAL-LEGAL-0045,LEGAL_GAZ,OFFICIAL-LEGAL-0045,"Bộ Nông nghiệp và Phát triển Nông thôn Các cơ quan khác (Ban chỉ đạo, Hội đồng….)",2026,,,,official-sources/legal-portals-20260801T095241/raw/gaz-q01-p01.html,2c055e3e1ecf28a061030bbbd3f20337843903a3f9b342ce44da649a5a76b5e8,legal-portals-20260801T095241,official-sources/legal-portals-20260801T095241/query-ledger.csv,VERIFIED_RAW_MANIFEST
MANIFEST:OFFICIAL-LEGAL-0046,LEGAL_GAZ,OFFICIAL-LEGAL-0046,Điều ước quốc tế Điều ước quốc tế (do Bộ Ngoại giao gửi bản sao),2026,,,,official-sources/legal-portals-20260801T095241/raw/gaz-q01-p01.html,2c055e3e1ecf28a061030bbbd3f20337843903a3f9b342ce44da649a5a76b5e8,legal-portals-20260801T095241,official-sources/legal-portals-20260801T095241/query-ledger.csv,VERIFIED_RAW_MANIFEST
MANIFEST:OFFICIAL-LEGAL-0047,LEGAL_GAZ,OFFICIAL-LEGAL-0047,Nghị định Nghị định,2026,,,,official-sources/legal-portals-20260801T095241/raw/gaz-q01-p01.html,2c055e3e1ecf28a061030bbbd3f20337843903a3f9b342ce44da649a5a76b5e8,legal-portals-20260801T095241,official-sources/legal-portals-20260801T095241/query-ledger.csv,VERIFIED_RAW_MANIFEST
MANIFEST:OFFICIAL-LEGAL-0048,LEGAL_GAZ,OFFICIAL-LEGAL-0048,Quyết định Quyết định,2026,,,,official-sources/legal-portals-20260801T095241/raw/gaz-q01-p01.html,2c055e3e1ecf28a061030bbbd3f20337843903a3f9b342ce44da649a5a76b5e8,legal-portals-20260801T095241,official-sources/legal-portals-20260801T095241/query-ledger.csv,VERIFIED_RAW_MANIFEST
MANIFEST:OFFICIAL-LEGAL-0049,LEGAL_GAZ,OFFICIAL-LEGAL-0049,Thông tư Thông tư,2026,,,,official-sources/legal-portals-20260801T095241/raw/gaz-q01-p01.html,2c055e3e1ecf28a061030bbbd3f20337843903a3f9b342ce44da649a5a76b5e8,legal-portals-20260801T095241,official-sources/legal-portals-20260801T095241/query-ledger.csv,VERIFIED_RAW_MANIFEST
MANIFEST:OFFICIAL-LEGAL-0050,LEGAL_GAZ,OFFICIAL-LEGAL-0050,Chỉ thị Chỉ thị,2026,,,,official-sources/legal-portals-20260801T095241/raw/gaz-q01-p01.html,2c055e3e1ecf28a061030bbbd3f20337843903a3f9b342ce44da649a5a76b5e8,legal-portals-20260801T095241,official-sources/legal-portals-20260801T095241/query-ledger.csv,VERIFIED_RAW_MANIFEST
MANIFEST:OFFICIAL-LEGAL-0051,LEGAL_GAZ,OFFICIAL-LEGAL-0051,Thông tư liên tịch Thông tư liên tịch,2026,,,,official-sources/legal-portals-20260801T095241/raw/gaz-q01-p01.html,2c055e3e1ecf28a061030bbbd3f20337843903a3f9b342ce44da649a5a76b5e8,legal-portals-20260801T095241,official-sources/legal-portals-20260801T095241/query-ledger.csv,VERIFIED_RAW_MANIFEST
MANIFEST:OFFICIAL-LEGAL-0052,LEGAL_GAZ,OFFICIAL-LEGAL-0052,Nghị quyết Nghị quyết,2026,,,,official-sources/legal-portals-20260801T095241/raw/gaz-q01-p01.html,2c055e3e1ecf28a061030bbbd3f20337843903a3f9b342ce44da649a5a76b5e8,legal-portals-20260801T095241,official-sources/legal-portals-20260801T095241/query-ledger.csv,VERIFIED_RAW_MANIFEST
MANIFEST:OFFICIAL-LEGAL-0053,LEGAL_GAZ,OFFICIAL-LEGAL-0053,Văn bản hợp nhất Văn bản hợp nhất,2026,,,,official-sources/legal-portals-20260801T095241/raw/gaz-q01-p01.html,2c055e3e1ecf28a061030bbbd3f20337843903a3f9b342ce44da649a5a76b5e8,legal-portals-20260801T095241,official-sources/legal-portals-20260801T095241/query-ledger.csv,VERIFIED_RAW_MANIFEST
MANIFEST:OFFICIAL-LEGAL-0054,LEGAL_GAZ,OFFICIAL-LEGAL-0054,Thông báo Thông báo,2026,,,,official-sources/legal-portals-20260801T095241/raw/gaz-q01-p01.html,2c055e3e1ecf28a061030bbbd3f20337843903a3f9b342ce44da649a5a76b5e8,legal-portals-20260801T095241,official-sources/legal-portals-20260801T095241/query-ledger.csv,VERIFIED_RAW_MANIFEST
MANIFEST:OFFICIAL-LEGAL-0055,LEGAL_GAZ,OFFICIAL-LEGAL-0055,Công văn Công văn,2026,,,,official-sources/legal-portals-20260801T095241/raw/gaz-q01-p01.html,2c055e3e1ecf28a061030bbbd3f20337843903a3f9b342ce44da649a5a76b5e8,legal-portals-20260801T095241,official-sources/legal-portals-20260801T095241/query-ledger.csv,VERIFIED_RAW_MANIFEST
MANIFEST:OFFICIAL-LEGAL-0056,LEGAL_GAZ,OFFICIAL-LEGAL-0056,Sao lục Sao lục,2026,,,,official-sources/legal-portals-20260801T095241/raw/gaz-q01-p01.html,2c055e3e1ecf28a061030bbbd3f20337843903a3f9b342ce44da649a5a76b5e8,legal-portals-20260801T095241,official-sources/legal-portals-20260801T095241/query-ledger.csv,VERIFIED_RAW_MANIFEST
MANIFEST:OFFICIAL-LEGAL-0057,LEGAL_GAZ,OFFICIAL-LEGAL-0057,Pháp lệnh Pháp lệnh,2026,,,,official-sources/legal-portals-20260801T095241/raw/gaz-q01-p01.html,2c055e3e1ecf28a061030bbbd3f20337843903a3f9b342ce44da649a5a76b5e8,legal-portals-20260801T095241,official-sources/legal-portals-20260801T095241/query-ledger.csv,VERIFIED_RAW_MANIFEST
MANIFEST:OFFICIAL-LEGAL-0058,LEGAL_GAZ,OFFICIAL-LEGAL-0058,Kế hoạch Kế hoạch,2026,,,,official-sources/legal-portals-20260801T095241/raw/gaz-q01-p01.html,2c055e3e1ecf28a061030bbbd3f20337843903a3f9b342ce44da649a5a76b5e8,legal-portals-20260801T095241,official-sources/legal-portals-20260801T095241/query-ledger.csv,VERIFIED_RAW_MANIFEST
MANIFEST:OFFICIAL-LEGAL-0059,LEGAL_GAZ,OFFICIAL-LEGAL-0059,Đính chính Đính chính,2026,,,,official-sources/legal-portals-20260801T095241/raw/gaz-q01-p01.html,2c055e3e1ecf28a061030bbbd3f20337843903a3f9b342ce44da649a5a76b5e8,legal-portals-20260801T095241,official-sources/legal-portals-20260801T095241/query-ledger.csv,VERIFIED_RAW_MANIFEST
MANIFEST:OFFICIAL-LEGAL-0060,LEGAL_GAZ,OFFICIAL-LEGAL-0060,Công điện Công điện,2026,,,,official-sources/legal-portals-20260801T095241/raw/gaz-q01-p01.html,2c055e3e1ecf28a061030bbbd3f20337843903a3f9b342ce44da649a5a76b5e8,legal-portals-20260801T095241,official-sources/legal-portals-20260801T095241/query-ledger.csv,VERIFIED_RAW_MANIFEST
MANIFEST:OFFICIAL-LEGAL-0061,LEGAL_GAZ,OFFICIAL-LEGAL-0061,Hướng dẫn Hướng dẫn,2026,,,,official-sources/legal-portals-20260801T095241/raw/gaz-q01-p01.html,2c055e3e1ecf28a061030bbbd3f20337843903a3f9b342ce44da649a5a76b5e8,legal-portals-20260801T095241,official-sources/legal-portals-20260801T095241/query-ledger.csv,VERIFIED_RAW_MANIFEST
MANIFEST:OFFICIAL-LEGAL-0062,LEGAL_GAZ,OFFICIAL-LEGAL-0062,Hiến pháp Hiến pháp,2026,,,,official-sources/legal-portals-20260801T095241/raw/gaz-q01-p01.html,2c055e3e1ecf28a061030bbbd3f20337843903a3f9b342ce44da649a5a76b5e8,legal-portals-20260801T095241,official-sources/legal-portals-20260801T095241/query-ledger.csv,VERIFIED_RAW_MANIFEST
MANIFEST:OFFICIAL-LEGAL-0063,LEGAL_GAZ,OFFICIAL-LEGAL-0063,Nghị quyết liên tịch Nghị quyết liên tịch,2026,,,,official-sources/legal-portals-20260801T095241/raw/gaz-q01-p01.html,2c055e3e1ecf28a061030bbbd3f20337843903a3f9b342ce44da649a5a76b5e8,legal-portals-20260801T095241,official-sources/legal-portals-20260801T095241/query-ledger.csv,VERIFIED_RAW_MANIFEST
MANIFEST:OFFICIAL-LEGAL-0064,LEGAL_GAZ,OFFICIAL-LEGAL-0064,Báo cáo Báo cáo,2026,,,,official-sources/legal-portals-20260801T095241/raw/gaz-q01-p01.html,2c055e3e1ecf28a061030bbbd3f20337843903a3f9b342ce44da649a5a76b5e8,legal-portals-20260801T095241,official-sources/legal-portals-20260801T095241/query-ledger.csv,VERIFIED_RAW_MANIFEST
MANIFEST:OFFICIAL-LEGAL-0065,LEGAL_GAZ,OFFICIAL-LEGAL-0065,Quy chế Quy chế,2026,,,,official-sources/legal-portals-20260801T095241/raw/gaz-q01-p01.html,2c055e3e1ecf28a061030bbbd3f20337843903a3f9b342ce44da649a5a76b5e8,legal-portals-20260801T095241,official-sources/legal-portals-20260801T095241/query-ledger.csv,VERIFIED_RAW_MANIFEST
MANIFEST:OFFICIAL-LEGAL-0066,LEGAL_GAZ,OFFICIAL-LEGAL-0066,Quy định Quy định,2026,,,,official-sources/legal-portals-20260801T095241/raw/gaz-q01-p01.html,2c055e3e1ecf28a061030bbbd3f20337843903a3f9b342ce44da649a5a76b5e8,legal-portals-20260801T095241,official-sources/legal-portals-20260801T095241/query-ledger.csv,VERIFIED_RAW_MANIFEST
MANIFEST:OFFICIAL-LEGAL-0067,LEGAL_GAZ,OFFICIAL-LEGAL-0067,Thông cáo Thông cáo,2026,,,,official-sources/legal-portals-20260801T095241/raw/gaz-q01-p01.html,2c055e3e1ecf28a061030bbbd3f20337843903a3f9b342ce44da649a5a76b5e8,legal-portals-20260801T095241,official-sources/legal-portals-20260801T095241/query-ledger.csv,VERIFIED_RAW_MANIFEST
MANIFEST:OFFICIAL-LEGAL-0068,LEGAL_GAZ,OFFICIAL-LEGAL-0068,Chương trình Chương trình,2026,,,,official-sources/legal-portals-20260801T095241/raw/gaz-q01-p01.html,2c055e3e1ecf28a061030bbbd3f20337843903a3f9b342ce44da649a5a76b5e8,legal-portals-20260801T095241,official-sources/legal-portals-20260801T095241/query-ledger.csv,VERIFIED_RAW_MANIFEST
MANIFEST:OFFICIAL-LEGAL-0069,LEGAL_GAZ,OFFICIAL-LEGAL-0069,Phương án Phương án,2026,,,,official-sources/legal-portals-20260801T095241/raw/gaz-q01-p01.html,2c055e3e1ecf28a061030bbbd3f20337843903a3f9b342ce44da649a5a76b5e8,legal-portals-20260801T095241,official-sources/legal-portals-20260801T095241/query-ledger.csv,VERIFIED_RAW_MANIFEST
MANIFEST:OFFICIAL-LEGAL-0070,LEGAL_GAZ,OFFICIAL-LEGAL-0070,Biên bản Biên bản,2026,,,,official-sources/legal-portals-20260801T095241/raw/gaz-q01-p01.html,2c055e3e1ecf28a061030bbbd3f20337843903a3f9b342ce44da649a5a76b5e8,legal-portals-20260801T095241,official-sources/legal-portals-20260801T095241/query-ledger.csv,VERIFIED_RAW_MANIFEST
MANIFEST:OFFICIAL-LEGAL-0071,LEGAL_GAZ,OFFICIAL-LEGAL-0071,Tờ trình Tờ trình,2026,,,,official-sources/legal-portals-20260801T095241/raw/gaz-q01-p01.html,2c055e3e1ecf28a061030bbbd3f20337843903a3f9b342ce44da649a5a76b5e8,legal-portals-20260801T095241,official-sources/legal-portals-20260801T095241/query-ledger.csv,VERIFIED_RAW_MANIFEST
MANIFEST:OFFICIAL-LEGAL-0072,LEGAL_GAZ,OFFICIAL-LEGAL-0072,Hợp đồng Hợp đồng,2026,,,,official-sources/legal-portals-20260801T095241/raw/gaz-q01-p01.html,2c055e3e1ecf28a061030bbbd3f20337843903a3f9b342ce44da649a5a76b5e8,legal-portals-20260801T095241,official-sources/legal-portals-20260801T095241/query-ledger.csv,VERIFIED_RAW_MANIFEST
MANIFEST:OFFICIAL-LEGAL-0073,LEGAL_GAZ,OFFICIAL-LEGAL-0073,Bản ghi nhớ Bản ghi nhớ,2026,,,,official-sources/legal-portals-20260801T095241/raw/gaz-q01-p01.html,2c055e3e1ecf28a061030bbbd3f20337843903a3f9b342ce44da649a5a76b5e8,legal-portals-20260801T095241,official-sources/legal-portals-20260801T095241/query-ledger.csv,VERIFIED_RAW_MANIFEST
MANIFEST:OFFICIAL-LEGAL-0074,LEGAL_GAZ,OFFICIAL-LEGAL-0074,Bản thỏa thuận Bản thỏa thuận,2026,,,,official-sources/legal-portals-20260801T095241/raw/gaz-q01-p01.html,2c055e3e1ecf28a061030bbbd3f20337843903a3f9b342ce44da649a5a76b5e8,legal-portals-20260801T095241,official-sources/legal-portals-20260801T095241/query-ledger.csv,VERIFIED_RAW_MANIFEST
MANIFEST:OFFICIAL-LEGAL-0075,LEGAL_GAZ,OFFICIAL-LEGAL-0075,Giấy ủy quyền Giấy ủy quyền,2026,,,,official-sources/legal-portals-20260801T095241/raw/gaz-q01-p01.html,2c055e3e1ecf28a061030bbbd3f20337843903a3f9b342ce44da649a5a76b5e8,legal-portals-20260801T095241,official-sources/legal-portals-20260801T095241/query-ledger.csv,VERIFIED_RAW_MANIFEST
MANIFEST:OFFICIAL-LEGAL-0076,LEGAL_GAZ,OFFICIAL-LEGAL-0076,Giấy mời Giấy mời,2026,,,,official-sources/legal-portals-20260801T095241/raw/gaz-q01-p01.html,2c055e3e1ecf28a061030bbbd3f20337843903a3f9b342ce44da649a5a76b5e8,legal-portals-20260801T095241,official-sources/legal-portals-20260801T095241/query-ledger.csv,VERIFIED_RAW_MANIFEST
MANIFEST:OFFICIAL-LEGAL-0077,LEGAL_GAZ,OFFICIAL-LEGAL-0077,Giấy giới thiệu Giấy giới thiệu,2026,,,,official-sources/legal-portals-20260801T095241/raw/gaz-q01-p01.html,2c055e3e1ecf28a061030bbbd3f20337843903a3f9b342ce44da649a5a76b5e8,legal-portals-20260801T095241,official-sources/legal-portals-20260801T095241/query-ledger.csv,VERIFIED_RAW_MANIFEST
MANIFEST:OFFICIAL-LEGAL-0078,LEGAL_GAZ,OFFICIAL-LEGAL-0078,Giấy nghỉ phép Giấy nghỉ phép,2026,,,,official-sources/legal-portals-20260801T095241/raw/gaz-q01-p01.html,2c055e3e1ecf28a061030bbbd3f20337843903a3f9b342ce44da649a5a76b5e8,legal-portals-20260801T095241,official-sources/legal-portals-20260801T095241/query-ledger.csv,VERIFIED_RAW_MANIFEST
MANIFEST:OFFICIAL-LEGAL-0079,LEGAL_GAZ,OFFICIAL-LEGAL-0079,Phiếu gửi Phiếu gửi,2026,,,,official-sources/legal-portals-20260801T095241/raw/gaz-q01-p01.html,2c055e3e1ecf28a061030bbbd3f20337843903a3f9b342ce44da649a5a76b5e8,legal-portals-20260801T095241,official-sources/legal-portals-20260801T095241/query-ledger.csv,VERIFIED_RAW_MANIFEST
MANIFEST:OFFICIAL-LEGAL-0080,LEGAL_GAZ,OFFICIAL-LEGAL-0080,Phiếu chuyển Phiếu chuyển,2026,,,,official-sources/legal-portals-20260801T095241/raw/gaz-q01-p01.html,2c055e3e1ecf28a061030bbbd3f20337843903a3f9b342ce44da649a5a76b5e8,legal-portals-20260801T095241,official-sources/legal-portals-20260801T095241/query-ledger.csv,VERIFIED_RAW_MANIFEST
MANIFEST:OFFICIAL-LEGAL-0081,LEGAL_GAZ,OFFICIAL-LEGAL-0081,Phiếu báo Phiếu báo,2026,,,,official-sources/legal-portals-20260801T095241/raw/gaz-q01-p01.html,2c055e3e1ecf28a061030bbbd3f20337843903a3f9b342ce44da649a5a76b5e8,legal-portals-20260801T095241,official-sources/legal-portals-20260801T095241/query-ledger.csv,VERIFIED_RAW_MANIFEST
MANIFEST:OFFICIAL-LEGAL-0082,LEGAL_GAZ,OFFICIAL-LEGAL-0082,Thư công Thư công,2026,,,,official-sources/legal-portals-20260801T095241/raw/gaz-q01-p01.html,2c055e3e1ecf28a061030bbbd3f20337843903a3f9b342ce44da649a5a76b5e8,legal-portals-20260801T095241,official-sources/legal-portals-20260801T095241/query-ledger.csv,VERIFIED_RAW_MANIFEST
MANIFEST:OFFICIAL-LEGAL-0083,LEGAL_GAZ,OFFICIAL-LEGAL-0083,Kết luận Kết luận,2026,,,,official-sources/legal-portals-20260801T095241/raw/gaz-q01-p01.html,2c055e3e1ecf28a061030bbbd3f20337843903a3f9b342ce44da649a5a76b5e8,legal-portals-20260801T095241,official-sources/legal-portals-20260801T095241/query-ledger.csv,VERIFIED_RAW_MANIFEST
MANIFEST:OFFICIAL-LEGAL-0084,LEGAL_GAZ,OFFICIAL-LEGAL-0084,Sắc lệnh Sắc lệnh,2026,,,,official-sources/legal-portals-20260801T095241/raw/gaz-q01-p01.html,2c055e3e1ecf28a061030bbbd3f20337843903a3f9b342ce44da649a5a76b5e8,legal-portals-20260801T095241,official-sources/legal-portals-20260801T095241/query-ledger.csv,VERIFIED_RAW_MANIFEST
MANIFEST:OFFICIAL-LEGAL-0085,LEGAL_GAZ,OFFICIAL-LEGAL-0085,Sắt luật Sắt luật,2026,,,,official-sources/legal-portals-20260801T095241/raw/gaz-q01-p01.html,2c055e3e1ecf28a061030bbbd3f20337843903a3f9b342ce44da649a5a76b5e8,legal-portals-20260801T095241,official-sources/legal-portals-20260801T095241/query-ledger.csv,VERIFIED_RAW_MANIFEST
MANIFEST:OFFICIAL-LEGAL-0086,LEGAL_GAZ,OFFICIAL-LEGAL-0086,Thông tư liên bộ Thông tư liên bộ,2026,,,,official-sources/legal-portals-20260801T095241/raw/gaz-q01-p01.html,2c055e3e1ecf28a061030bbbd3f20337843903a3f9b342ce44da649a5a76b5e8,legal-portals-20260801T095241,official-sources/legal-portals-20260801T095241/query-ledger.csv,VERIFIED_RAW_MANIFEST
MANIFEST:OFFICIAL-LEGAL-0087,LEGAL_GAZ,OFFICIAL-LEGAL-0087,Công văn điều hành Công văn điều hành,2026,,,,official-sources/legal-portals-20260801T095241/raw/gaz-q01-p01.html,2c055e3e1ecf28a061030bbbd3f20337843903a3f9b342ce44da649a5a76b5e8,legal-portals-20260801T095241,official-sources/legal-portals-20260801T095241/query-ledger.csv,VERIFIED_RAW_MANIFEST
MANIFEST:OFFICIAL-LEGAL-0088,LEGAL_GAZ,OFFICIAL-LEGAL-0088,Chưa được phân loại Chưa được phân loại,2026,,,,official-sources/legal-portals-20260801T095241/raw/gaz-q01-p01.html,2c055e3e1ecf28a061030bbbd3f20337843903a3f9b342ce44da649a5a76b5e8,legal-portals-20260801T095241,official-sources/legal-portals-20260801T095241/query-ledger.csv,VERIFIED_RAW_MANIFEST
MANIFEST:OFFICIAL-LEGAL-0089,LEGAL_GAZ,OFFICIAL-LEGAL-0089,Điều hành Điều hành,2026,,,,official-sources/legal-portals-20260801T095241/raw/gaz-q01-p01.html,2c055e3e1ecf28a061030bbbd3f20337843903a3f9b342ce44da649a5a76b5e8,legal-portals-20260801T095241,official-sources/legal-portals-20260801T095241/query-ledger.csv,VERIFIED_RAW_MANIFEST
MANIFEST:OFFICIAL-LEGAL-0090,LEGAL_GAZ,OFFICIAL-LEGAL-0090,Kế hoạch thẩm định Kế hoạch thẩm định,2026,,,,official-sources/legal-portals-20260801T095241/raw/gaz-q01-p01.html,2c055e3e1ecf28a061030bbbd3f20337843903a3f9b342ce44da649a5a76b5e8,legal-portals-20260801T095241,official-sources/legal-portals-20260801T095241/query-ledger.csv,VERIFIED_RAW_MANIFEST
MANIFEST:OFFICIAL-LEGAL-0091,LEGAL_GAZ,OFFICIAL-LEGAL-0091,CổngTTĐT Chính phủ Giới thiệu Công báo điện tử,2026,,,,official-sources/legal-portals-20260801T095241/raw/gaz-q01-p01.html,2c055e3e1ecf28a061030bbbd3f20337843903a3f9b342ce44da649a5a76b5e8,legal-portals-20260801T095241,official-sources/legal-portals-20260801T095241/query-ledger.csv,VERIFIED_RAW_MANIFEST
MANIFEST:OFFICIAL-LEGAL-0092,LEGAL_GAZ,OFFICIAL-LEGAL-0092,Thư điện tử công vụ Chính phủ Thư điện tử công vụ Chính phủ,2026,,,,official-sources/legal-portals-20260801T095241/raw/gaz-q01-p01.html,2c055e3e1ecf28a061030bbbd3f20337843903a3f9b342ce44da649a5a76b5e8,legal-portals-20260801T095241,official-sources/legal-portals-20260801T095241/query-ledger.csv,VERIFIED_RAW_MANIFEST
MANIFEST:OFFICIAL-LEGAL-0093,LEGAL_GAZ,OFFICIAL-LEGAL-0093,Sơ đồ Sơ đồ Công báo điện tử,2026,,,,official-sources/legal-portals-20260801T095241/raw/gaz-q01-p01.html,2c055e3e1ecf28a061030bbbd3f20337843903a3f9b342ce44da649a5a76b5e8,legal-portals-20260801T095241,official-sources/legal-portals-20260801T095241/query-ledger.csv,VERIFIED_RAW_MANIFEST
MANIFEST:OFFICIAL-LEGAL-0094,LEGAL_GAZ,OFFICIAL-LEGAL-0094,Trang chủ Trang chủ,2026,,,,official-sources/legal-portals-20260801T095241/raw/gaz-q01-p01.html,2c055e3e1ecf28a061030bbbd3f20337843903a3f9b342ce44da649a5a76b5e8,legal-portals-20260801T095241,official-sources/legal-portals-20260801T095241/query-ledger.csv,VERIFIED_RAW_MANIFEST
MANIFEST:OFFICIAL-LEGAL-0095,LEGAL_GAZ,OFFICIAL-LEGAL-0095,Văn bản đăng công báo Văn bản,2026,,,,official-sources/legal-portals-20260801T095241/raw/gaz-q01-p01.html,2c055e3e1ecf28a061030bbbd3f20337843903a3f9b342ce44da649a5a76b5e8,legal-portals-20260801T095241,official-sources/legal-portals-20260801T095241/query-ledger.csv,VERIFIED_RAW_MANIFEST
MANIFEST:OFFICIAL-LEGAL-0096,LEGAL_GAZ,OFFICIAL-LEGAL-0096,văn bản đăng công báo văn bản đăng công báo,2026,,,,official-sources/legal-portals-20260801T095241/raw/gaz-q01-p01.html,2c055e3e1ecf28a061030bbbd3f20337843903a3f9b342ce44da649a5a76b5e8,legal-portals-20260801T095241,official-sources/legal-portals-20260801T095241/query-ledger.csv,VERIFIED_RAW_MANIFEST
MANIFEST:OFFICIAL-LEGAL-0097,LEGAL_GOV,OFFICIAL-LEGAL-0097,Báo điện tử chính phủ,2026,,,,official-sources/legal-portals-20260801T095241/raw/gov-vb-q01-p01.html,053af5cb28e0fa583b3efebdad85e81e97b10761b204ea05ab82aea7f31cd654,legal-portals-20260801T095241,official-sources/legal-portals-20260801T095241/query-ledger.csv,VERIFIED_RAW_MANIFEST
MANIFEST:OFFICIAL-LEGAL-0098,LEGAL_GOV,OFFICIAL-LEGAL-0098,Văn phòng chính phủ,2026,,,,official-sources/legal-portals-20260801T095241/raw/gov-vb-q01-p01.html,053af5cb28e0fa583b3efebdad85e81e97b10761b204ea05ab82aea7f31cd654,legal-portals-20260801T095241,official-sources/legal-portals-20260801T095241/query-ledger.csv,VERIFIED_RAW_MANIFEST
MANIFEST:OFFICIAL-LEGAL-0099,LEGAL_GOV,OFFICIAL-LEGAL-0099,Nước CHXHCN Việt Nam,2026,,,,official-sources/legal-portals-20260801T095241/raw/gov-vb-q01-p01.html,053af5cb28e0fa583b3efebdad85e81e97b10761b204ea05ab82aea7f31cd654,legal-portals-20260801T095241,official-sources/legal-portals-20260801T095241/query-ledger.csv,VERIFIED_RAW_MANIFEST
MANIFEST:OFFICIAL-LEGAL-0100,LEGAL_GOV,OFFICIAL-LEGAL-0100,Giới thiệu Chính phủ,2026,,,,official-sources/legal-portals-20260801T095241/raw/gov-vb-q01-p01.html,053af5cb28e0fa583b3efebdad85e81e97b10761b204ea05ab82aea7f31cd654,legal-portals-20260801T095241,official-sources/legal-portals-20260801T095241/query-ledger.csv,VERIFIED_RAW_MANIFEST
MANIFEST:OFFICIAL-LEGAL-0101,LEGAL_GOV,OFFICIAL-LEGAL-0101,Thư điện tử công vụ Chính phủ,2026,,,,official-sources/legal-portals-20260801T095241/raw/gov-vb-q01-p01.html,053af5cb28e0fa583b3efebdad85e81e97b10761b204ea05ab82aea7f31cd654,legal-portals-20260801T095241,official-sources/legal-portals-20260801T095241/query-ledger.csv,VERIFIED_RAW_MANIFEST
MANIFEST:OFFICIAL-LEGAL-0102,LEGAL_GOV,OFFICIAL-LEGAL-0102,Lai Châu 22° - 24°,2026,,,,official-sources/legal-portals-20260801T095241/raw/gov-vb-q01-p01.html,053af5cb28e0fa583b3efebdad85e81e97b10761b204ea05ab82aea7f31cd654,legal-portals-20260801T095241,official-sources/legal-portals-20260801T095241/query-ledger.csv,VERIFIED_RAW_MANIFEST
MANIFEST:OFFICIAL-LEGAL-0103,LEGAL_GOV,OFFICIAL-LEGAL-0103,Điện Biên 25° - 27°,2026,,,,official-sources/legal-portals-20260801T095241/raw/gov-vb-q01-p01.html,053af5cb28e0fa583b3efebdad85e81e97b10761b204ea05ab82aea7f31cd654,legal-portals-20260801T095241,official-sources/legal-portals-20260801T095241/query-ledger.csv,VERIFIED_RAW_MANIFEST
MANIFEST:OFFICIAL-LEGAL-0104,LEGAL_GOV,OFFICIAL-LEGAL-0104,Sơn La 22° - 24°,2026,,,,official-sources/legal-portals-20260801T095241/raw/gov-vb-q01-p01.html,053af5cb28e0fa583b3efebdad85e81e97b10761b204ea05ab82aea7f31cd654,legal-portals-20260801T095241,official-sources/legal-portals-20260801T095241/query-ledger.csv,VERIFIED_RAW_MANIFEST
MANIFEST:OFFICIAL-LEGAL-0105,LEGAL_GOV,OFFICIAL-LEGAL-0105,Phú Thọ 26° - 28°,2026,,,,official-sources/legal-portals-20260801T095241/raw/gov-vb-q01-p01.html,053af5cb28e0fa583b3efebdad85e81e97b10761b204ea05ab82aea7f31cd654,legal-portals-20260801T095241,official-sources/legal-portals-20260801T095241/query-ledger.csv,VERIFIED_RAW_MANIFEST
MANIFEST:OFFICIAL-LEGAL-0106,LEGAL_GOV,OFFICIAL-LEGAL-0106,Lào Cai 26° - 28°,2026,,,,official-sources/legal-portals-20260801T095241/raw/gov-vb-q01-p01.html,053af5cb28e0fa583b3efebdad85e81e97b10761b204ea05ab82aea7f31cd654,legal-portals-20260801T095241,official-sources/legal-portals-20260801T095241/query-ledger.csv,VERIFIED_RAW_MANIFEST
MANIFEST:OFFICIAL-LEGAL-0107,LEGAL_GOV,OFFICIAL-LEGAL-0107,Tuyên Quang 25° - 27°,2026,,,,official-sources/legal-portals-20260801T095241/raw/gov-vb-q01-p01.html,053af5cb28e0fa583b3efebdad85e81e97b10761b204ea05ab82aea7f31cd654,legal-portals-20260801T095241,official-sources/legal-portals-20260801T095241/query-ledger.csv,VERIFIED_RAW_MANIFEST
MANIFEST:OFFICIAL-LEGAL-0108,LEGAL_GOV,OFFICIAL-LEGAL-0108,Thái Nguyên 25° - 27°,2026,,,,official-sources/legal-portals-20260801T095241/raw/gov-vb-q01-p01.html,053af5cb28e0fa583b3efebdad85e81e97b10761b204ea05ab82aea7f31cd654,legal-portals-20260801T095241,official-sources/legal-portals-20260801T095241/query-ledger.csv,VERIFIED_RAW_MANIFEST
MANIFEST:OFFICIAL-LEGAL-0109,LEGAL_GOV,OFFICIAL-LEGAL-0109,Cao Bằng 25° - 27°,2026,,,,official-sources/legal-portals-20260801T095241/raw/gov-vb-q01-p01.html,053af5cb28e0fa583b3efebdad85e81e97b10761b204ea05ab82aea7f31cd654,legal-portals-20260801T095241,official-sources/legal-portals-20260801T095241/query-ledger.csv,VERIFIED_RAW_MANIFEST
MANIFEST:OFFICIAL-LEGAL-0110,LEGAL_GOV,OFFICIAL-LEGAL-0110,Lạng Sơn 24° - 26°,2026,,,,official-sources/legal-portals-20260801T095241/raw/gov-vb-q01-p01.html,053af5cb28e0fa583b3efebdad85e81e97b10761b204ea05ab82aea7f31cd654,legal-portals-20260801T095241,official-sources/legal-portals-20260801T095241/query-ledger.csv,VERIFIED_RAW_MANIFEST
MANIFEST:OFFICIAL-LEGAL-0111,LEGAL_GOV,OFFICIAL-LEGAL-0111,Quảng Ninh 26° - 28°,2026,,,,official-sources/legal-portals-20260801T095241/raw/gov-vb-q01-p01.html,053af5cb28e0fa583b3efebdad85e81e97b10761b204ea05ab82aea7f31cd654,legal-portals-20260801T095241,official-sources/legal-portals-20260801T095241/query-ledger.csv,VERIFIED_RAW_MANIFEST
MANIFEST:OFFICIAL-LEGAL-0112,LEGAL_GOV,OFFICIAL-LEGAL-0112,Bắc Ninh 27° - 29°,2026,,,,official-sources/legal-portals-20260801T095241/raw/gov-vb-q01-p01.html,053af5cb28e0fa583b3efebdad85e81e97b10761b204ea05ab82aea7f31cd654,legal-portals-20260801T095241,official-sources/legal-portals-20260801T095241/query-ledger.csv,VERIFIED_RAW_MANIFEST
MANIFEST:OFFICIAL-LEGAL-0113,LEGAL_GOV,OFFICIAL-LEGAL-0113,Tp Hải Phòng 26° - 28°,2026,,,,official-sources/legal-portals-20260801T095241/raw/gov-vb-q01-p01.html,053af5cb28e0fa583b3efebdad85e81e97b10761b204ea05ab82aea7f31cd654,legal-portals-20260801T095241,official-sources/legal-portals-20260801T095241/query-ledger.csv,VERIFIED_RAW_MANIFEST
MANIFEST:OFFICIAL-LEGAL-0114,LEGAL_GOV,OFFICIAL-LEGAL-0114,Hà Nội 27° - 29°,2026,,,,official-sources/legal-portals-20260801T095241/raw/gov-vb-q01-p01.html,053af5cb28e0fa583b3efebdad85e81e97b10761b204ea05ab82aea7f31cd654,legal-portals-20260801T095241,official-sources/legal-portals-20260801T095241/query-ledger.csv,VERIFIED_RAW_MANIFEST
MANIFEST:OFFICIAL-LEGAL-0115,LEGAL_GOV,OFFICIAL-LEGAL-0115,Hưng Yên 27° - 29°,2026,,,,official-sources/legal-portals-20260801T095241/raw/gov-vb-q01-p01.html,053af5cb28e0fa583b3efebdad85e81e97b10761b204ea05ab82aea7f31cd654,legal-portals-20260801T095241,official-sources/legal-portals-20260801T095241/query-ledger.csv,VERIFIED_RAW_MANIFEST
MANIFEST:OFFICIAL-LEGAL-0116,LEGAL_GOV,OFFICIAL-LEGAL-0116,Ninh Bình 27° - 29°,2026,,,,official-sources/legal-portals-20260801T095241/raw/gov-vb-q01-p01.html,053af5cb28e0fa583b3efebdad85e81e97b10761b204ea05ab82aea7f31cd654,legal-portals-20260801T095241,official-sources/legal-portals-20260801T095241/query-ledger.csv,VERIFIED_RAW_MANIFEST
MANIFEST:OFFICIAL-LEGAL-0117,LEGAL_GOV,OFFICIAL-LEGAL-0117,Thanh Hóa 26° - 28°,2026,,,,official-sources/legal-portals-20260801T095241/raw/gov-vb-q01-p01.html,053af5cb28e0fa583b3efebdad85e81e97b10761b204ea05ab82aea7f31cd654,legal-portals-20260801T095241,official-sources/legal-portals-20260801T095241/query-ledger.csv,VERIFIED_RAW_MANIFEST
MANIFEST:OFFICIAL-LEGAL-0118,LEGAL_GOV,OFFICIAL-LEGAL-0118,Nghệ An 26° - 28°,2026,,,,official-sources/legal-portals-20260801T095241/raw/gov-vb-q01-p01.html,053af5cb28e0fa583b3efebdad85e81e97b10761b204ea05ab82aea7f31cd654,legal-portals-20260801T095241,official-sources/legal-portals-20260801T095241/query-ledger.csv,VERIFIED_RAW_MANIFEST
MANIFEST:OFFICIAL-LEGAL-0119,LEGAL_GOV,OFFICIAL-LEGAL-0119,Hà Tĩnh 27° - 29°,2026,,,,official-sources/legal-portals-20260801T095241/raw/gov-vb-q01-p01.html,053af5cb28e0fa583b3efebdad85e81e97b10761b204ea05ab82aea7f31cd654,legal-portals-20260801T095241,official-sources/legal-portals-20260801T095241/query-ledger.csv,VERIFIED_RAW_MANIFEST
MANIFEST:OFFICIAL-LEGAL-0120,LEGAL_GOV,OFFICIAL-LEGAL-0120,Quảng Trị 26° - 28°,2026,,,,official-sources/legal-portals-20260801T095241/raw/gov-vb-q01-p01.html,053af5cb28e0fa583b3efebdad85e81e97b10761b204ea05ab82aea7f31cd654,legal-portals-20260801T095241,official-sources/legal-portals-20260801T095241/query-ledger.csv,VERIFIED_RAW_MANIFEST
MANIFEST:OFFICIAL-LEGAL-0121,LEGAL_GOV,OFFICIAL-LEGAL-0121,Tp Huế 25° - 27°,2026,,,,official-sources/legal-portals-20260801T095241/raw/gov-vb-q01-p01.html,053af5cb28e0fa583b3efebdad85e81e97b10761b204ea05ab82aea7f31cd654,legal-portals-20260801T095241,official-sources/legal-portals-20260801T095241/query-ledger.csv,VERIFIED_RAW_MANIFEST
MANIFEST:OFFICIAL-LEGAL-0122,LEGAL_GOV,OFFICIAL-LEGAL-0122,Tp Đà Nẵng 26° - 28°,2026,,,,official-sources/legal-portals-20260801T095241/raw/gov-vb-q01-p01.html,053af5cb28e0fa583b3efebdad85e81e97b10761b204ea05ab82aea7f31cd654,legal-portals-20260801T095241,official-sources/legal-portals-20260801T095241/query-ledger.csv,VERIFIED_RAW_MANIFEST
MANIFEST:OFFICIAL-LEGAL-0123,LEGAL_GOV,OFFICIAL-LEGAL-0123,Quảng Ngãi 26° - 28°,2026,,,,official-sources/legal-portals-20260801T095241/raw/gov-vb-q01-p01.html,053af5cb28e0fa583b3efebdad85e81e97b10761b204ea05ab82aea7f31cd654,legal-portals-20260801T095241,official-sources/legal-portals-20260801T095241/query-ledger.csv,VERIFIED_RAW_MANIFEST
MANIFEST:OFFICIAL-LEGAL-0124,LEGAL_GOV,OFFICIAL-LEGAL-0124,Gia Lai 28° - 30°,2026,,,,official-sources/legal-portals-20260801T095241/raw/gov-vb-q01-p01.html,053af5cb28e0fa583b3efebdad85e81e97b10761b204ea05ab82aea7f31cd654,legal-portals-20260801T095241,official-sources/legal-portals-20260801T095241/query-ledger.csv,VERIFIED_RAW_MANIFEST
MANIFEST:OFFICIAL-LEGAL-0125,LEGAL_GOV,OFFICIAL-LEGAL-0125,Đắk Lắk 26° - 28°,2026,,,,official-sources/legal-portals-20260801T095241/raw/gov-vb-q01-p01.html,053af5cb28e0fa583b3efebdad85e81e97b10761b204ea05ab82aea7f31cd654,legal-portals-20260801T095241,official-sources/legal-portals-20260801T095241/query-ledger.csv,VERIFIED_RAW_MANIFEST
MANIFEST:OFFICIAL-LEGAL-0126,LEGAL_GOV,OFFICIAL-LEGAL-0126,Khánh Hòa 28° - 30°,2026,,,,official-sources/legal-portals-20260801T095241/raw/gov-vb-q01-p01.html,053af5cb28e0fa583b3efebdad85e81e97b10761b204ea05ab82aea7f31cd654,legal-portals-20260801T095241,official-sources/legal-portals-20260801T095241/query-ledger.csv,VERIFIED_RAW_MANIFEST
MANIFEST:OFFICIAL-LEGAL-0127,LEGAL_GOV,OFFICIAL-LEGAL-0127,Lâm Đồng 26° - 28°,2026,,,,official-sources/legal-portals-20260801T095241/raw/gov-vb-q01-p01.html,053af5cb28e0fa583b3efebdad85e81e97b10761b204ea05ab82aea7f31cd654,legal-portals-20260801T095241,official-sources/legal-portals-20260801T095241/query-ledger.csv,VERIFIED_RAW_MANIFEST
MANIFEST:OFFICIAL-LEGAL-0128,LEGAL_GOV,OFFICIAL-LEGAL-0128,Đồng Nai 25° - 27°,2026,,,,official-sources/legal-portals-20260801T095241/raw/gov-vb-q01-p01.html,053af5cb28e0fa583b3efebdad85e81e97b10761b204ea05ab82aea7f31cd654,legal-portals-20260801T095241,official-sources/legal-portals-20260801T095241/query-ledger.csv,VERIFIED_RAW_MANIFEST
MANIFEST:OFFICIAL-LEGAL-0129,LEGAL_GOV,OFFICIAL-LEGAL-0129,Tây Ninh 25° - 27°,2026,,,,official-sources/legal-portals-20260801T095241/raw/gov-vb-q01-p01.html,053af5cb28e0fa583b3efebdad85e81e97b10761b204ea05ab82aea7f31cd654,legal-portals-20260801T095241,official-sources/legal-portals-20260801T095241/query-ledger.csv,VERIFIED_RAW_MANIFEST
MANIFEST:OFFICIAL-LEGAL-0130,LEGAL_GOV,OFFICIAL-LEGAL-0130,Tp Hồ Chí Minh 26° - 28°,2026,,,,official-sources/legal-portals-20260801T095241/raw/gov-vb-q01-p01.html,053af5cb28e0fa583b3efebdad85e81e97b10761b204ea05ab82aea7f31cd654,legal-portals-20260801T095241,official-sources/legal-portals-20260801T095241/query-ledger.csv,VERIFIED_RAW_MANIFEST
MANIFEST:OFFICIAL-LEGAL-0131,LEGAL_GOV,OFFICIAL-LEGAL-0131,Đồng Tháp 26° - 28°,2026,,,,official-sources/legal-portals-20260801T095241/raw/gov-vb-q01-p01.html,053af5cb28e0fa583b3efebdad85e81e97b10761b204ea05ab82aea7f31cd654,legal-portals-20260801T095241,official-sources/legal-portals-20260801T095241/query-ledger.csv,VERIFIED_RAW_MANIFEST
MANIFEST:OFFICIAL-LEGAL-0132,LEGAL_GOV,OFFICIAL-LEGAL-0132,Vĩnh Long 26° - 28°,2026,,,,official-sources/legal-portals-20260801T095241/raw/gov-vb-q01-p01.html,053af5cb28e0fa583b3efebdad85e81e97b10761b204ea05ab82aea7f31cd654,legal-portals-20260801T095241,official-sources/legal-portals-20260801T095241/query-ledger.csv,VERIFIED_RAW_MANIFEST
MANIFEST:OFFICIAL-LEGAL-0133,LEGAL_GOV,OFFICIAL-LEGAL-0133,An Giang 26° - 28°,2026,,,,official-sources/legal-portals-20260801T095241/raw/gov-vb-q01-p01.html,053af5cb28e0fa583b3efebdad85e81e97b10761b204ea05ab82aea7f31cd654,legal-portals-20260801T095241,official-sources/legal-portals-20260801T095241/query-ledger.csv,VERIFIED_RAW_MANIFEST
MANIFEST:OFFICIAL-LEGAL-0134,LEGAL_GOV,OFFICIAL-LEGAL-0134,Tp Cần Thơ 26° - 28°,2026,,,,official-sources/legal-portals-20260801T095241/raw/gov-vb-q01-p01.html,053af5cb28e0fa583b3efebdad85e81e97b10761b204ea05ab82aea7f31cd654,legal-portals-20260801T095241,official-sources/legal-portals-20260801T095241/query-ledger.csv,VERIFIED_RAW_MANIFEST
MANIFEST:OFFICIAL-LEGAL-0135,LEGAL_GOV,OFFICIAL-LEGAL-0135,Cà Mau 26° - 28°,2026,,,,official-sources/legal-portals-20260801T095241/raw/gov-vb-q01-p01.html,053af5cb28e0fa583b3efebdad85e81e97b10761b204ea05ab82aea7f31cd654,legal-portals-20260801T095241,official-sources/legal-portals-20260801T095241/query-ledger.csv,VERIFIED_RAW_MANIFEST
MANIFEST:OFFICIAL-LEGAL-0136,LEGAL_GOV,OFFICIAL-LEGAL-0136,"Thủ tướng Phạm Minh Chính dự Hội nghị Cấp cao Đặc biệt ASEAN-Hoa Kỳ, thăm và làm việc tại Hoa Kỳ, Liên Hợp Quốc",2026,,,,official-sources/legal-portals-20260801T095241/raw/gov-vb-q01-p01.html,053af5cb28e0fa583b3efebdad85e81e97b10761b204ea05ab82aea7f31cd654,legal-portals-20260801T095241,official-sources/legal-portals-20260801T095241/query-ledger.csv,VERIFIED_RAW_MANIFEST
MANIFEST:OFFICIAL-LEGAL-0137,LEGAL_GOV,OFFICIAL-LEGAL-0137,SEA Games 31 - Việt Nam 2022,2026,,,,official-sources/legal-portals-20260801T095241/raw/gov-vb-q01-p01.html,053af5cb28e0fa583b3efebdad85e81e97b10761b204ea05ab82aea7f31cd654,legal-portals-20260801T095241,official-sources/legal-portals-20260801T095241/query-ledger.csv,VERIFIED_RAW_MANIFEST
MANIFEST:OFFICIAL-LEGAL-0138,LEGAL_GOV,OFFICIAL-LEGAL-0138,Phục hồi và phát triển kinh tế: Những việc cần làm ngay,2026,,,,official-sources/legal-portals-20260801T095241/raw/gov-vb-q01-p01.html,053af5cb28e0fa583b3efebdad85e81e97b10761b204ea05ab82aea7f31cd654,legal-portals-20260801T095241,official-sources/legal-portals-20260801T095241/query-ledger.csv,VERIFIED_RAW_MANIFEST
MANIFEST:OFFICIAL-LEGAL-0139,LEGAL_GOV,OFFICIAL-LEGAL-0139,Giải ngân vốn đầu tư công,2026,,,,official-sources/legal-portals-20260801T095241/raw/gov-vb-q01-p01.html,053af5cb28e0fa583b3efebdad85e81e97b10761b204ea05ab82aea7f31cd654,legal-portals-20260801T095241,official-sources/legal-portals-20260801T095241/query-ledger.csv,VERIFIED_RAW_MANIFEST
MANIFEST:OFFICIAL-LEGAL-0140,LEGAL_GOV,OFFICIAL-LEGAL-0140,"Thích ứng an toàn, linh hoạt, kiểm soát hiệu quả dịch COVID-19",2026,,,,official-sources/legal-portals-20260801T095241/raw/gov-vb-q01-p01.html,053af5cb28e0fa583b3efebdad85e81e97b10761b204ea05ab82aea7f31cd654,legal-portals-20260801T095241,official-sources/legal-portals-20260801T095241/query-ledger.csv,VERIFIED_RAW_MANIFEST
MANIFEST:OFFICIAL-LEGAL-0141,LEGAL_GOV,OFFICIAL-LEGAL-0141,Văn bản quy phạm pháp luật,2026,,,,official-sources/legal-portals-20260801T095241/raw/gov-vb-q01-p01.html,053af5cb28e0fa583b3efebdad85e81e97b10761b204ea05ab82aea7f31cd654,legal-portals-20260801T095241,official-sources/legal-portals-20260801T095241/query-ledger.csv,VERIFIED_RAW_MANIFEST
MANIFEST:OFFICIAL-LEGAL-0142,LEGAL_GOV,OFFICIAL-LEGAL-0142,Thủ tướng Chính phủ,2026,,,,official-sources/legal-portals-20260801T095241/raw/gov-vb-q01-p01.html,053af5cb28e0fa583b3efebdad85e81e97b10761b204ea05ab82aea7f31cd654,legal-portals-20260801T095241,official-sources/legal-portals-20260801T095241/query-ledger.csv,VERIFIED_RAW_MANIFEST
MANIFEST:OFFICIAL-LEGAL-0143,LEGAL_GOV,OFFICIAL-LEGAL-0143,Bộ/Cơ quan ngang bộ,2026,,,,official-sources/legal-portals-20260801T095241/raw/gov-vb-q01-p01.html,053af5cb28e0fa583b3efebdad85e81e97b10761b204ea05ab82aea7f31cd654,legal-portals-20260801T095241,official-sources/legal-portals-20260801T095241/query-ledger.csv,VERIFIED_RAW_MANIFEST
MANIFEST:OFFICIAL-LEGAL-0144,LEGAL_GOV,OFFICIAL-LEGAL-0144,UBND tỉnh/thành phố,2026,,,,official-sources/legal-portals-20260801T095241/raw/gov-vb-q01-p01.html,053af5cb28e0fa583b3efebdad85e81e97b10761b204ea05ab82aea7f31cd654,legal-portals-20260801T095241,official-sources/legal-portals-20260801T095241/query-ledger.csv,VERIFIED_RAW_MANIFEST
MANIFEST:OFFICIAL-LEGAL-0145,LEGAL_GOV,OFFICIAL-LEGAL-0145,Sắc lệnh - Sắc luật,2026,,,,official-sources/legal-portals-20260801T095241/raw/gov-vb-q01-p01.html,053af5cb28e0fa583b3efebdad85e81e97b10761b204ea05ab82aea7f31cd654,legal-portals-20260801T095241,official-sources/legal-portals-20260801T095241/query-ledger.csv,VERIFIED_RAW_MANIFEST
MANIFEST:OFFICIAL-LEGAL-0146,LEGAL_GOV,OFFICIAL-LEGAL-0146,Luật - Pháp lệnh,2026,,,,official-sources/legal-portals-20260801T095241/raw/gov-vb-q01-p01.html,053af5cb28e0fa583b3efebdad85e81e97b10761b204ea05ab82aea7f31cd654,legal-portals-20260801T095241,official-sources/legal-portals-20260801T095241/query-ledger.csv,VERIFIED_RAW_MANIFEST
MANIFEST:OFFICIAL-LEGAL-0147,LEGAL_GOV,OFFICIAL-LEGAL-0147,Văn bản hợp nhất,2026,,,,official-sources/legal-portals-20260801T095241/raw/gov-vb-q01-p01.html,053af5cb28e0fa583b3efebdad85e81e97b10761b204ea05ab82aea7f31cd654,legal-portals-20260801T095241,official-sources/legal-portals-20260801T095241/query-ledger.csv,VERIFIED_RAW_MANIFEST
MANIFEST:OFFICIAL-LEGAL-0148,LEGAL_GOV,OFFICIAL-LEGAL-0148,Văn bản chỉ đạo điều hành,2026,,,,official-sources/legal-portals-20260801T095241/raw/gov-vb-q01-p01.html,053af5cb28e0fa583b3efebdad85e81e97b10761b204ea05ab82aea7f31cd654,legal-portals-20260801T095241,official-sources/legal-portals-20260801T095241/query-ledger.csv,VERIFIED_RAW_MANIFEST
MANIFEST:OFFICIAL-LEGAL-0149,LEGAL_GOV,OFFICIAL-LEGAL-0149,Nghị quyết của Chính phủ,2026,,,,official-sources/legal-portals-20260801T095241/raw/gov-vb-q01-p01.html,053af5cb28e0fa583b3efebdad85e81e97b10761b204ea05ab82aea7f31cd654,legal-portals-20260801T095241,official-sources/legal-portals-20260801T095241/query-ledger.csv,VERIFIED_RAW_MANIFEST
MANIFEST:OFFICIAL-LEGAL-0150,LEGAL_GOV,OFFICIAL-LEGAL-0150,Nghị quyết phiên họp của Chính phủ,2026,,,,official-sources/legal-portals-20260801T095241/raw/gov-vb-q01-p01.html,053af5cb28e0fa583b3efebdad85e81e97b10761b204ea05ab82aea7f31cd654,legal-portals-20260801T095241,official-sources/legal-portals-20260801T095241/query-ledger.csv,VERIFIED_RAW_MANIFEST
MANIFEST:OFFICIAL-LEGAL-0151,LEGAL_GOV,OFFICIAL-LEGAL-0151,Báo cáo của Chính phủ,2026,,,,official-sources/legal-portals-20260801T095241/raw/gov-vb-q01-p01.html,053af5cb28e0fa583b3efebdad85e81e97b10761b204ea05ab82aea7f31cd654,legal-portals-20260801T095241,official-sources/legal-portals-20260801T095241/query-ledger.csv,VERIFIED_RAW_MANIFEST
MANIFEST:OFFICIAL-LEGAL-0152,LEGAL_GOV,OFFICIAL-LEGAL-0152,Thủ tướng và thành viên Chính phủ trả lời chất vấn của ĐBQH,2026,,,,official-sources/legal-portals-20260801T095241/raw/gov-vb-q01-p01.html,053af5cb28e0fa583b3efebdad85e81e97b10761b204ea05ab82aea7f31cd654,legal-portals-20260801T095241,official-sources/legal-portals-20260801T095241/query-ledger.csv,VERIFIED_RAW_MANIFEST
MANIFEST:OFFICIAL-LEGAL-0153,LEGAL_GOV,OFFICIAL-LEGAL-0153,Giới thiệu Cục Thông tin và Truyền thông Chính phủ,2026,,,,official-sources/legal-portals-20260801T095241/raw/gov-vb-q01-p01.html,053af5cb28e0fa583b3efebdad85e81e97b10761b204ea05ab82aea7f31cd654,legal-portals-20260801T095241,official-sources/legal-portals-20260801T095241/query-ledger.csv,VERIFIED_RAW_MANIFEST
MANIFEST:OFFICIAL-LEGAL-0154,LEGAL_GOV,OFFICIAL-LEGAL-0154,Sơ đồ Cổng TTĐT Chính phủ,2026,,,,official-sources/legal-portals-20260801T095241/raw/gov-vb-q01-p01.html,053af5cb28e0fa583b3efebdad85e81e97b10761b204ea05ab82aea7f31cd654,legal-portals-20260801T095241,official-sources/legal-portals-20260801T095241/query-ledger.csv,VERIFIED_RAW_MANIFEST
MANIFEST:OFFICIAL-LEGAL-0155,LEGAL_GOV,OFFICIAL-LEGAL-0155,'www.chinhphu.vn',2026,,,,official-sources/legal-portals-20260801T095241/raw/gov-vb-q01-p01.html,053af5cb28e0fa583b3efebdad85e81e97b10761b204ea05ab82aea7f31cd654,legal-portals-20260801T095241,official-sources/legal-portals-20260801T095241/query-ledger.csv,VERIFIED_RAW_MANIFEST
MANIFEST:OFFICIAL-LEGAL-0156,LEGAL_GOV,OFFICIAL-LEGAL-0156,Lai Châu 22° - 23°,2026,,,,official-sources/legal-portals-20260801T095241/raw/gov-vb-q02-p01.html,20321f901a1077d793f4e4c81397fd964b27e83119d7b304f0fbc3858314e06b,legal-portals-20260801T095241,official-sources/legal-portals-20260801T095241/query-ledger.csv,VERIFIED_RAW_MANIFEST
MANIFEST:OFFICIAL-LEGAL-0157,LEGAL_GOV,OFFICIAL-LEGAL-0157,Điện Biên 25° - 26°,2026,,,,official-sources/legal-portals-20260801T095241/raw/gov-vb-q02-p01.html,20321f901a1077d793f4e4c81397fd964b27e83119d7b304f0fbc3858314e06b,legal-portals-20260801T095241,official-sources/legal-portals-20260801T095241/query-ledger.csv,VERIFIED_RAW_MANIFEST
MANIFEST:OFFICIAL-LEGAL-0158,LEGAL_GOV,OFFICIAL-LEGAL-0158,Sơn La 22° - 23°,2026,,,,official-sources/legal-portals-20260801T095241/raw/gov-vb-q02-p01.html,20321f901a1077d793f4e4c81397fd964b27e83119d7b304f0fbc3858314e06b,legal-portals-20260801T095241,official-sources/legal-portals-20260801T095241/query-ledger.csv,VERIFIED_RAW_MANIFEST
MANIFEST:OFFICIAL-LEGAL-0159,LEGAL_GOV,OFFICIAL-LEGAL-0159,Phú Thọ 26° - 27°,2026,,,,official-sources/legal-portals-20260801T095241/raw/gov-vb-q02-p01.html,20321f901a1077d793f4e4c81397fd964b27e83119d7b304f0fbc3858314e06b,legal-portals-20260801T095241,official-sources/legal-portals-20260801T095241/query-ledger.csv,VERIFIED_RAW_MANIFEST
MANIFEST:OFFICIAL-LEGAL-0160,LEGAL_GOV,OFFICIAL-LEGAL-0160,Lào Cai 26° - 27°,2026,,,,official-sources/legal-portals-20260801T095241/raw/gov-vb-q02-p01.html,20321f901a1077d793f4e4c81397fd964b27e83119d7b304f0fbc3858314e06b,legal-portals-20260801T095241,official-sources/legal-portals-20260801T095241/query-ledger.csv,VERIFIED_RAW_MANIFEST
MANIFEST:OFFICIAL-LEGAL-0161,LEGAL_GOV,OFFICIAL-LEGAL-0161,Tuyên Quang 25° - 26°,2026,,,,official-sources/legal-portals-20260801T095241/raw/gov-vb-q02-p01.html,20321f901a1077d793f4e4c81397fd964b27e83119d7b304f0fbc3858314e06b,legal-portals-20260801T095241,official-sources/legal-portals-20260801T095241/query-ledger.csv,VERIFIED_RAW_MANIFEST
MANIFEST:OFFICIAL-LEGAL-0162,LEGAL_GOV,OFFICIAL-LEGAL-0162,Thái Nguyên 25° - 26°,2026,,,,official-sources/legal-portals-20260801T095241/raw/gov-vb-q02-p01.html,20321f901a1077d793f4e4c81397fd964b27e83119d7b304f0fbc3858314e06b,legal-portals-20260801T095241,official-sources/legal-portals-20260801T095241/query-ledger.csv,VERIFIED_RAW_MANIFEST
MANIFEST:OFFICIAL-LEGAL-0163,LEGAL_GOV,OFFICIAL-LEGAL-0163,Cao Bằng 25° - 26°,2026,,,,official-sources/legal-portals-20260801T095241/raw/gov-vb-q02-p01.html,20321f901a1077d793f4e4c81397fd964b27e83119d7b304f0fbc3858314e06b,legal-portals-20260801T095241,official-sources/legal-portals-20260801T095241/query-ledger.csv,VERIFIED_RAW_MANIFEST
MANIFEST:OFFICIAL-LEGAL-0164,LEGAL_GOV,OFFICIAL-LEGAL-0164,Lạng Sơn 24° - 25°,2026,,,,official-sources/legal-portals-20260801T095241/raw/gov-vb-q02-p01.html,20321f901a1077d793f4e4c81397fd964b27e83119d7b304f0fbc3858314e06b,legal-portals-20260801T095241,official-sources/legal-portals-20260801T095241/query-ledger.csv,VERIFIED_RAW_MANIFEST
MANIFEST:OFFICIAL-LEGAL-0165,LEGAL_GOV,OFFICIAL-LEGAL-0165,Quảng Ninh 26° - 27°,2026,,,,official-sources/legal-portals-20260801T095241/raw/gov-vb-q02-p01.html,20321f901a1077d793f4e4c81397fd964b27e83119d7b304f0fbc3858314e06b,legal-portals-20260801T095241,official-sources/legal-portals-20260801T095241/query-ledger.csv,VERIFIED_RAW_MANIFEST
MANIFEST:OFFICIAL-LEGAL-0166,LEGAL_GOV,OFFICIAL-LEGAL-0166,Bắc Ninh 27° - 28°,2026,,,,official-sources/legal-portals-20260801T095241/raw/gov-vb-q02-p01.html,20321f901a1077d793f4e4c81397fd964b27e83119d7b304f0fbc3858314e06b,legal-portals-20260801T095241,official-sources/legal-portals-20260801T095241/query-ledger.csv,VERIFIED_RAW_MANIFEST
MANIFEST:OFFICIAL-LEGAL-0167,LEGAL_GOV,OFFICIAL-LEGAL-0167,Tp Hải Phòng 26° - 27°,2026,,,,official-sources/legal-portals-20260801T095241/raw/gov-vb-q02-p01.html,20321f901a1077d793f4e4c81397fd964b27e83119d7b304f0fbc3858314e06b,legal-portals-20260801T095241,official-sources/legal-portals-20260801T095241/query-ledger.csv,VERIFIED_RAW_MANIFEST
MANIFEST:OFFICIAL-LEGAL-0168,LEGAL_GOV,OFFICIAL-LEGAL-0168,Hà Nội 27° - 28°,2026,,,,official-sources/legal-portals-20260801T095241/raw/gov-vb-q02-p01.html,20321f901a1077d793f4e4c81397fd964b27e83119d7b304f0fbc3858314e06b,legal-portals-20260801T095241,official-sources/legal-portals-20260801T095241/query-ledger.csv,VERIFIED_RAW_MANIFEST
MANIFEST:OFFICIAL-LEGAL-0169,LEGAL_GOV,OFFICIAL-LEGAL-0169,Hưng Yên 27° - 28°,2026,,,,official-sources/legal-portals-20260801T095241/raw/gov-vb-q02-p01.html,20321f901a1077d793f4e4c81397fd964b27e83119d7b304f0fbc3858314e06b,legal-portals-20260801T095241,official-sources/legal-portals-20260801T095241/query-ledger.csv,VERIFIED_RAW_MANIFEST
MANIFEST:OFFICIAL-LEGAL-0170,LEGAL_GOV,OFFICIAL-LEGAL-0170,Ninh Bình 27° - 28°,2026,,,,official-sources/legal-portals-20260801T095241/raw/gov-vb-q02-p01.html,20321f901a1077d793f4e4c81397fd964b27e83119d7b304f0fbc3858314e06b,legal-portals-20260801T095241,official-sources/legal-portals-20260801T095241/query-ledger.csv,VERIFIED_RAW_MANIFEST
MANIFEST:OFFICIAL-LEGAL-0171,LEGAL_GOV,OFFICIAL-LEGAL-0171,Thanh Hóa 26° - 27°,2026,,,,official-sources/legal-portals-20260801T095241/raw/gov-vb-q02-p01.html,20321f901a1077d793f4e4c81397fd964b27e83119d7b304f0fbc3858314e06b,legal-portals-20260801T095241,official-sources/legal-portals-20260801T095241/query-ledger.csv,VERIFIED_RAW_MANIFEST
MANIFEST:OFFICIAL-LEGAL-0172,LEGAL_GOV,OFFICIAL-LEGAL-0172,Nghệ An 26° - 27°,2026,,,,official-sources/legal-portals-20260801T095241/raw/gov-vb-q02-p01.html,20321f901a1077d793f4e4c81397fd964b27e83119d7b304f0fbc3858314e06b,legal-portals-20260801T095241,official-sources/legal-portals-20260801T095241/query-ledger.csv,VERIFIED_RAW_MANIFEST
MANIFEST:OFFICIAL-LEGAL-0173,LEGAL_GOV,OFFICIAL-LEGAL-0173,Hà Tĩnh 27° - 28°,2026,,,,official-sources/legal-portals-20260801T095241/raw/gov-vb-q02-p01.html,20321f901a1077d793f4e4c81397fd964b27e83119d7b304f0fbc3858314e06b,legal-portals-20260801T095241,official-sources/legal-portals-20260801T095241/query-ledger.csv,VERIFIED_RAW_MANIFEST
MANIFEST:OFFICIAL-LEGAL-0174,LEGAL_GOV,OFFICIAL-LEGAL-0174,Quảng Trị 26° - 27°,2026,,,,official-sources/legal-portals-20260801T095241/raw/gov-vb-q02-p01.html,20321f901a1077d793f4e4c81397fd964b27e83119d7b304f0fbc3858314e06b,legal-portals-20260801T095241,official-sources/legal-portals-20260801T095241/query-ledger.csv,VERIFIED_RAW_MANIFEST
MANIFEST:OFFICIAL-LEGAL-0175,LEGAL_GOV,OFFICIAL-LEGAL-0175,Tp Huế 25° - 26°,2026,,,,official-sources/legal-portals-20260801T095241/raw/gov-vb-q02-p01.html,20321f901a1077d793f4e4c81397fd964b27e83119d7b304f0fbc3858314e06b,legal-portals-20260801T095241,official-sources/legal-portals-20260801T095241/query-ledger.csv,VERIFIED_RAW_MANIFEST
MANIFEST:OFFICIAL-LEGAL-0176,LEGAL_GOV,OFFICIAL-LEGAL-0176,Tp Đà Nẵng 26° - 27°,2026,,,,official-sources/legal-portals-20260801T095241/raw/gov-vb-q02-p01.html,20321f901a1077d793f4e4c81397fd964b27e83119d7b304f0fbc3858314e06b,legal-portals-20260801T095241,official-sources/legal-portals-20260801T095241/query-ledger.csv,VERIFIED_RAW_MANIFEST
MANIFEST:OFFICIAL-LEGAL-0177,LEGAL_GOV,OFFICIAL-LEGAL-0177,Quảng Ngãi 26° - 27°,2026,,,,official-sources/legal-portals-20260801T095241/raw/gov-vb-q02-p01.html,20321f901a1077d793f4e4c81397fd964b27e83119d7b304f0fbc3858314e06b,legal-portals-20260801T095241,official-sources/legal-portals-20260801T095241/query-ledger.csv,VERIFIED_RAW_MANIFEST
MANIFEST:OFFICIAL-LEGAL-0178,LEGAL_GOV,OFFICIAL-LEGAL-0178,Gia Lai 28° - 29°,2026,,,,official-sources/legal-portals-20260801T095241/raw/gov-vb-q02-p01.html,20321f901a1077d793f4e4c81397fd964b27e83119d7b304f0fbc3858314e06b,legal-portals-20260801T095241,official-sources/legal-portals-20260801T095241/query-ledger.csv,VERIFIED_RAW_MANIFEST
MANIFEST:OFFICIAL-LEGAL-0179,LEGAL_GOV,OFFICIAL-LEGAL-0179,Đắk Lắk 26° - 27°,2026,,,,official-sources/legal-portals-20260801T095241/raw/gov-vb-q02-p01.html,20321f901a1077d793f4e4c81397fd964b27e83119d7b304f0fbc3858314e06b,legal-portals-20260801T095241,official-sources/legal-portals-20260801T095241/query-ledger.csv,VERIFIED_RAW_MANIFEST
MANIFEST:OFFICIAL-LEGAL-0180,LEGAL_GOV,OFFICIAL-LEGAL-0180,Khánh Hòa 28° - 29°,2026,,,,official-sources/legal-portals-20260801T095241/raw/gov-vb-q02-p01.html,20321f901a1077d793f4e4c81397fd964b27e83119d7b304f0fbc3858314e06b,legal-portals-20260801T095241,official-sources/legal-portals-20260801T095241/query-ledger.csv,VERIFIED_RAW_MANIFEST
MANIFEST:OFFICIAL-LEGAL-0181,LEGAL_GOV,OFFICIAL-LEGAL-0181,Lâm Đồng 26° - 27°,2026,,,,official-sources/legal-portals-20260801T095241/raw/gov-vb-q02-p01.html,20321f901a1077d793f4e4c81397fd964b27e83119d7b304f0fbc3858314e06b,legal-portals-20260801T095241,official-sources/legal-portals-20260801T095241/query-ledger.csv,VERIFIED_RAW_MANIFEST
MANIFEST:OFFICIAL-LEGAL-0182,LEGAL_GOV,OFFICIAL-LEGAL-0182,Đồng Nai 25° - 26°,2026,,,,official-sources/legal-portals-20260801T095241/raw/gov-vb-q02-p01.html,20321f901a1077d793f4e4c81397fd964b27e83119d7b304f0fbc3858314e06b,legal-portals-20260801T095241,official-sources/legal-portals-20260801T095241/query-ledger.csv,VERIFIED_RAW_MANIFEST
MANIFEST:OFFICIAL-LEGAL-0183,LEGAL_GOV,OFFICIAL-LEGAL-0183,Tây Ninh 25° - 26°,2026,,,,official-sources/legal-portals-20260801T095241/raw/gov-vb-q02-p01.html,20321f901a1077d793f4e4c81397fd964b27e83119d7b304f0fbc3858314e06b,legal-portals-20260801T095241,official-sources/legal-portals-20260801T095241/query-ledger.csv,VERIFIED_RAW_MANIFEST
MANIFEST:OFFICIAL-LEGAL-0184,LEGAL_GOV,OFFICIAL-LEGAL-0184,Tp Hồ Chí Minh 26° - 27°,2026,,,,official-sources/legal-portals-20260801T095241/raw/gov-vb-q02-p01.html,20321f901a1077d793f4e4c81397fd964b27e83119d7b304f0fbc3858314e06b,legal-portals-20260801T095241,official-sources/legal-portals-20260801T095241/query-ledger.csv,VERIFIED_RAW_MANIFEST
MANIFEST:OFFICIAL-LEGAL-0185,LEGAL_GOV,OFFICIAL-LEGAL-0185,Đồng Tháp 26° - 27°,2026,,,,official-sources/legal-portals-20260801T095241/raw/gov-vb-q02-p01.html,20321f901a1077d793f4e4c81397fd964b27e83119d7b304f0fbc3858314e06b,legal-portals-20260801T095241,official-sources/legal-portals-20260801T095241/query-ledger.csv,VERIFIED_RAW_MANIFEST
MANIFEST:OFFICIAL-LEGAL-0186,LEGAL_GOV,OFFICIAL-LEGAL-0186,Vĩnh Long 26° - 27°,2026,,,,official-sources/legal-portals-20260801T095241/raw/gov-vb-q02-p01.html,20321f901a1077d793f4e4c81397fd964b27e83119d7b304f0fbc3858314e06b,legal-portals-20260801T095241,official-sources/legal-portals-20260801T095241/query-ledger.csv,VERIFIED_RAW_MANIFEST
MANIFEST:OFFICIAL-LEGAL-0187,LEGAL_GOV,OFFICIAL-LEGAL-0187,An Giang 26° - 27°,2026,,,,official-sources/legal-portals-20260801T095241/raw/gov-vb-q02-p01.html,20321f901a1077d793f4e4c81397fd964b27e83119d7b304f0fbc3858314e06b,legal-portals-20260801T095241,official-sources/legal-portals-20260801T095241/query-ledger.csv,VERIFIED_RAW_MANIFEST
MANIFEST:OFFICIAL-LEGAL-0188,LEGAL_GOV,OFFICIAL-LEGAL-0188,Tp Cần Thơ 26° - 27°,2026,,,,official-sources/legal-portals-20260801T095241/raw/gov-vb-q02-p01.html,20321f901a1077d793f4e4c81397fd964b27e83119d7b304f0fbc3858314e06b,legal-portals-20260801T095241,official-sources/legal-portals-20260801T095241/query-ledger.csv,VERIFIED_RAW_MANIFEST
MANIFEST:OFFICIAL-LEGAL-0189,LEGAL_GOV,OFFICIAL-LEGAL-0189,Cà Mau 26° - 27°,2026,,,,official-sources/legal-portals-20260801T095241/raw/gov-vb-q02-p01.html,20321f901a1077d793f4e4c81397fd964b27e83119d7b304f0fbc3858314e06b,legal-portals-20260801T095241,official-sources/legal-portals-20260801T095241/query-ledger.csv,VERIFIED_RAW_MANIFEST
MANIFEST:OFFICIAL-LEGAL-0190,LEGAL_GOV,OFFICIAL-LEGAL-0190,Lai Châu 22° - 25°,2026,,,,official-sources/legal-portals-20260801T095241/raw/gov-vb-q03-p01.html,c338b3a8326cd72d9d91d52a3af31f2a7102d9f77e22d1dba069c26a574ddf8d,legal-portals-20260801T095241,official-sources/legal-portals-20260801T095241/query-ledger.csv,VERIFIED_RAW_MANIFEST
MANIFEST:OFFICIAL-LEGAL-0191,LEGAL_GOV,OFFICIAL-LEGAL-0191,Điện Biên 25° - 28°,2026,,,,official-sources/legal-portals-20260801T095241/raw/gov-vb-q03-p01.html,c338b3a8326cd72d9d91d52a3af31f2a7102d9f77e22d1dba069c26a574ddf8d,legal-portals-20260801T095241,official-sources/legal-portals-20260801T095241/query-ledger.csv,VERIFIED_RAW_MANIFEST
MANIFEST:OFFICIAL-LEGAL-0192,LEGAL_GOV,OFFICIAL-LEGAL-0192,Sơn La 22° - 25°,2026,,,,official-sources/legal-portals-20260801T095241/raw/gov-vb-q03-p01.html,c338b3a8326cd72d9d91d52a3af31f2a7102d9f77e22d1dba069c26a574ddf8d,legal-portals-20260801T095241,official-sources/legal-portals-20260801T095241/query-ledger.csv,VERIFIED_RAW_MANIFEST
MANIFEST:OFFICIAL-LEGAL-0193,LEGAL_GOV,OFFICIAL-LEGAL-0193,Phú Thọ 26° - 29°,2026,,,,official-sources/legal-portals-20260801T095241/raw/gov-vb-q03-p01.html,c338b3a8326cd72d9d91d52a3af31f2a7102d9f77e22d1dba069c26a574ddf8d,legal-portals-20260801T095241,official-sources/legal-portals-20260801T095241/query-ledger.csv,VERIFIED_RAW_MANIFEST
MANIFEST:OFFICIAL-LEGAL-0194,LEGAL_GOV,OFFICIAL-LEGAL-0194,Lào Cai 26° - 29°,2026,,,,official-sources/legal-portals-20260801T095241/raw/gov-vb-q03-p01.html,c338b3a8326cd72d9d91d52a3af31f2a7102d9f77e22d1dba069c26a574ddf8d,legal-portals-20260801T095241,official-sources/legal-portals-20260801T095241/query-ledger.csv,VERIFIED_RAW_MANIFEST
MANIFEST:OFFICIAL-LEGAL-0195,LEGAL_GOV,OFFICIAL-LEGAL-0195,Tuyên Quang 25° - 28°,2026,,,,official-sources/legal-portals-20260801T095241/raw/gov-vb-q03-p01.html,c338b3a8326cd72d9d91d52a3af31f2a7102d9f77e22d1dba069c26a574ddf8d,legal-portals-20260801T095241,official-sources/legal-portals-20260801T095241/query-ledger.csv,VERIFIED_RAW_MANIFEST
MANIFEST:OFFICIAL-LEGAL-0196,LEGAL_GOV,OFFICIAL-LEGAL-0196,Thái Nguyên 25° - 28°,2026,,,,official-sources/legal-portals-20260801T095241/raw/gov-vb-q03-p01.html,c338b3a8326cd72d9d91d52a3af31f2a7102d9f77e22d1dba069c26a574ddf8d,legal-portals-20260801T095241,official-sources/legal-portals-20260801T095241/query-ledger.csv,VERIFIED_RAW_MANIFEST
MANIFEST:OFFICIAL-LEGAL-0197,LEGAL_GOV,OFFICIAL-LEGAL-0197,Cao Bằng 25° - 28°,2026,,,,official-sources/legal-portals-20260801T095241/raw/gov-vb-q03-p01.html,c338b3a8326cd72d9d91d52a3af31f2a7102d9f77e22d1dba069c26a574ddf8d,legal-portals-20260801T095241,official-sources/legal-portals-20260801T095241/query-ledger.csv,VERIFIED_RAW_MANIFEST
MANIFEST:OFFICIAL-LEGAL-0198,LEGAL_GOV,OFFICIAL-LEGAL-0198,Lạng Sơn 24° - 27°,2026,,,,official-sources/legal-portals-20260801T095241/raw/gov-vb-q03-p01.html,c338b3a8326cd72d9d91d52a3af31f2a7102d9f77e22d1dba069c26a574ddf8d,legal-portals-20260801T095241,official-sources/legal-portals-20260801T095241/query-ledger.csv,VERIFIED_RAW_MANIFEST
MANIFEST:OFFICIAL-LEGAL-0199,LEGAL_GOV,OFFICIAL-LEGAL-0199,Quảng Ninh 26° - 29°,2026,,,,official-sources/legal-portals-20260801T095241/raw/gov-vb-q03-p01.html,c338b3a8326cd72d9d91d52a3af31f2a7102d9f77e22d1dba069c26a574ddf8d,legal-portals-20260801T095241,official-sources/legal-portals-20260801T095241/query-ledger.csv,VERIFIED_RAW_MANIFEST
MANIFEST:OFFICIAL-LEGAL-0200,LEGAL_GOV,OFFICIAL-LEGAL-0200,Bắc Ninh 27° - 30°,2026,,,,official-sources/legal-portals-20260801T095241/raw/gov-vb-q03-p01.html,c338b3a8326cd72d9d91d52a3af31f2a7102d9f77e22d1dba069c26a574ddf8d,legal-portals-20260801T095241,official-sources/legal-portals-20260801T095241/query-ledger.csv,VERIFIED_RAW_MANIFEST
MANIFEST:OFFICIAL-LEGAL-0201,LEGAL_GOV,OFFICIAL-LEGAL-0201,Tp Hải Phòng 26° - 29°,2026,,,,official-sources/legal-portals-20260801T095241/raw/gov-vb-q03-p01.html,c338b3a8326cd72d9d91d52a3af31f2a7102d9f77e22d1dba069c26a574ddf8d,legal-portals-20260801T095241,official-sources/legal-portals-20260801T095241/query-ledger.csv,VERIFIED_RAW_MANIFEST
MANIFEST:OFFICIAL-LEGAL-0202,LEGAL_GOV,OFFICIAL-LEGAL-0202,Hà Nội 27° - 30°,2026,,,,official-sources/legal-portals-20260801T095241/raw/gov-vb-q03-p01.html,c338b3a8326cd72d9d91d52a3af31f2a7102d9f77e22d1dba069c26a574ddf8d,legal-portals-20260801T095241,official-sources/legal-portals-20260801T095241/query-ledger.csv,VERIFIED_RAW_MANIFEST
MANIFEST:OFFICIAL-LEGAL-0203,LEGAL_GOV,OFFICIAL-LEGAL-0203,Hưng Yên 27° - 30°,2026,,,,official-sources/legal-portals-20260801T095241/raw/gov-vb-q03-p01.html,c338b3a8326cd72d9d91d52a3af31f2a7102d9f77e22d1dba069c26a574ddf8d,legal-portals-20260801T095241,official-sources/legal-portals-20260801T095241/query-ledger.csv,VERIFIED_RAW_MANIFEST
MANIFEST:OFFICIAL-LEGAL-0204,LEGAL_GOV,OFFICIAL-LEGAL-0204,Ninh Bình 27° - 30°,2026,,,,official-sources/legal-portals-20260801T095241/raw/gov-vb-q03-p01.html,c338b3a8326cd72d9d91d52a3af31f2a7102d9f77e22d1dba069c26a574ddf8d,legal-portals-20260801T095241,official-sources/legal-portals-20260801T095241/query-ledger.csv,VERIFIED_RAW_MANIFEST
MANIFEST:OFFICIAL-LEGAL-0205,LEGAL_GOV,OFFICIAL-LEGAL-0205,Thanh Hóa 26° - 29°,2026,,,,official-sources/legal-portals-20260801T095241/raw/gov-vb-q03-p01.html,c338b3a8326cd72d9d91d52a3af31f2a7102d9f77e22d1dba069c26a574ddf8d,legal-portals-20260801T095241,official-sources/legal-portals-20260801T095241/query-ledger.csv,VERIFIED_RAW_MANIFEST
MANIFEST:OFFICIAL-LEGAL-0206,LEGAL_GOV,OFFICIAL-LEGAL-0206,Nghệ An 26° - 29°,2026,,,,official-sources/legal-portals-20260801T095241/raw/gov-vb-q03-p01.html,c338b3a8326cd72d9d91d52a3af31f2a7102d9f77e22d1dba069c26a574ddf8d,legal-portals-20260801T095241,official-sources/legal-portals-20260801T095241/query-ledger.csv,VERIFIED_RAW_MANIFEST
MANIFEST:OFFICIAL-LEGAL-0207,LEGAL_GOV,OFFICIAL-LEGAL-0207,Hà Tĩnh 27° - 30°,2026,,,,official-sources/legal-portals-20260801T095241/raw/gov-vb-q03-p01.html,c338b3a8326cd72d9d91d52a3af31f2a7102d9f77e22d1dba069c26a574ddf8d,legal-portals-20260801T095241,official-sources/legal-portals-20260801T095241/query-ledger.csv,VERIFIED_RAW_MANIFEST
MANIFEST:OFFICIAL-LEGAL-0208,LEGAL_GOV,OFFICIAL-LEGAL-0208,Quảng Trị 26° - 29°,2026,,,,official-sources/legal-portals-20260801T095241/raw/gov-vb-q03-p01.html,c338b3a8326cd72d9d91d52a3af31f2a7102d9f77e22d1dba069c26a574ddf8d,legal-portals-20260801T095241,official-sources/legal-portals-20260801T095241/query-ledger.csv,VERIFIED_RAW_MANIFEST
MANIFEST:OFFICIAL-LEGAL-0209,LEGAL_GOV,OFFICIAL-LEGAL-0209,Tp Huế 25° - 28°,2026,,,,official-sources/legal-portals-20260801T095241/raw/gov-vb-q03-p01.html,c338b3a8326cd72d9d91d52a3af31f2a7102d9f77e22d1dba069c26a574ddf8d,legal-portals-20260801T095241,official-sources/legal-portals-20260801T095241/query-ledger.csv,VERIFIED_RAW_MANIFEST
MANIFEST:OFFICIAL-LEGAL-0210,LEGAL_GOV,OFFICIAL-LEGAL-0210,Tp Đà Nẵng 26° - 29°,2026,,,,official-sources/legal-portals-20260801T095241/raw/gov-vb-q03-p01.html,c338b3a8326cd72d9d91d52a3af31f2a7102d9f77e22d1dba069c26a574ddf8d,legal-portals-20260801T095241,official-sources/legal-portals-20260801T095241/query-ledger.csv,VERIFIED_RAW_MANIFEST
MANIFEST:OFFICIAL-LEGAL-0211,LEGAL_GOV,OFFICIAL-LEGAL-0211,Quảng Ngãi 26° - 29°,2026,,,,official-sources/legal-portals-20260801T095241/raw/gov-vb-q03-p01.html,c338b3a8326cd72d9d91d52a3af31f2a7102d9f77e22d1dba069c26a574ddf8d,legal-portals-20260801T095241,official-sources/legal-portals-20260801T095241/query-ledger.csv,VERIFIED_RAW_MANIFEST
MANIFEST:OFFICIAL-LEGAL-0212,LEGAL_GOV,OFFICIAL-LEGAL-0212,Gia Lai 28° - 31°,2026,,,,official-sources/legal-portals-20260801T095241/raw/gov-vb-q03-p01.html,c338b3a8326cd72d9d91d52a3af31f2a7102d9f77e22d1dba069c26a574ddf8d,legal-portals-20260801T095241,official-sources/legal-portals-20260801T095241/query-ledger.csv,VERIFIED_RAW_MANIFEST
MANIFEST:OFFICIAL-LEGAL-0213,LEGAL_GOV,OFFICIAL-LEGAL-0213,Đắk Lắk 26° - 29°,2026,,,,official-sources/legal-portals-20260801T095241/raw/gov-vb-q03-p01.html,c338b3a8326cd72d9d91d52a3af31f2a7102d9f77e22d1dba069c26a574ddf8d,legal-portals-20260801T095241,official-sources/legal-portals-20260801T095241/query-ledger.csv,VERIFIED_RAW_MANIFEST
MANIFEST:OFFICIAL-LEGAL-0214,LEGAL_GOV,OFFICIAL-LEGAL-0214,Khánh Hòa 28° - 31°,2026,,,,official-sources/legal-portals-20260801T095241/raw/gov-vb-q03-p01.html,c338b3a8326cd72d9d91d52a3af31f2a7102d9f77e22d1dba069c26a574ddf8d,legal-portals-20260801T095241,official-sources/legal-portals-20260801T095241/query-ledger.csv,VERIFIED_RAW_MANIFEST
MANIFEST:OFFICIAL-LEGAL-0215,LEGAL_GOV,OFFICIAL-LEGAL-0215,Lâm Đồng 26° - 29°,2026,,,,official-sources/legal-portals-20260801T095241/raw/gov-vb-q03-p01.html,c338b3a8326cd72d9d91d52a3af31f2a7102d9f77e22d1dba069c26a574ddf8d,legal-portals-20260801T095241,official-sources/legal-portals-20260801T095241/query-ledger.csv,VERIFIED_RAW_MANIFEST
MANIFEST:OFFICIAL-LEGAL-0216,LEGAL_GOV,OFFICIAL-LEGAL-0216,Đồng Nai 25° - 28°,2026,,,,official-sources/legal-portals-20260801T095241/raw/gov-vb-q03-p01.html,c338b3a8326cd72d9d91d52a3af31f2a7102d9f77e22d1dba069c26a574ddf8d,legal-portals-20260801T095241,official-sources/legal-portals-20260801T095241/query-ledger.csv,VERIFIED_RAW_MANIFEST
MANIFEST:OFFICIAL-LEGAL-0217,LEGAL_GOV,OFFICIAL-LEGAL-0217,Tây Ninh 25° - 28°,2026,,,,official-sources/legal-portals-20260801T095241/raw/gov-vb-q03-p01.html,c338b3a8326cd72d9d91d52a3af31f2a7102d9f77e22d1dba069c26a574ddf8d,legal-portals-20260801T095241,official-sources/legal-portals-20260801T095241/query-ledger.csv,VERIFIED_RAW_MANIFEST
MANIFEST:OFFICIAL-LEGAL-0218,LEGAL_GOV,OFFICIAL-LEGAL-0218,Tp Hồ Chí Minh 26° - 29°,2026,,,,official-sources/legal-portals-20260801T095241/raw/gov-vb-q03-p01.html,c338b3a8326cd72d9d91d52a3af31f2a7102d9f77e22d1dba069c26a574ddf8d,legal-portals-20260801T095241,official-sources/legal-portals-20260801T095241/query-ledger.csv,VERIFIED_RAW_MANIFEST
MANIFEST:OFFICIAL-LEGAL-0219,LEGAL_GOV,OFFICIAL-LEGAL-0219,Đồng Tháp 26° - 29°,2026,,,,official-sources/legal-portals-20260801T095241/raw/gov-vb-q03-p01.html,c338b3a8326cd72d9d91d52a3af31f2a7102d9f77e22d1dba069c26a574ddf8d,legal-portals-20260801T095241,official-sources/legal-portals-20260801T095241/query-ledger.csv,VERIFIED_RAW_MANIFEST
MANIFEST:OFFICIAL-LEGAL-0220,LEGAL_GOV,OFFICIAL-LEGAL-0220,Vĩnh Long 26° - 29°,2026,,,,official-sources/legal-portals-20260801T095241/raw/gov-vb-q03-p01.html,c338b3a8326cd72d9d91d52a3af31f2a7102d9f77e22d1dba069c26a574ddf8d,legal-portals-20260801T095241,official-sources/legal-portals-20260801T095241/query-ledger.csv,VERIFIED_RAW_MANIFEST
MANIFEST:OFFICIAL-LEGAL-0221,LEGAL_GOV,OFFICIAL-LEGAL-0221,An Giang 26° - 29°,2026,,,,official-sources/legal-portals-20260801T095241/raw/gov-vb-q03-p01.html,c338b3a8326cd72d9d91d52a3af31f2a7102d9f77e22d1dba069c26a574ddf8d,legal-portals-20260801T095241,official-sources/legal-portals-20260801T095241/query-ledger.csv,VERIFIED_RAW_MANIFEST
MANIFEST:OFFICIAL-LEGAL-0222,LEGAL_GOV,OFFICIAL-LEGAL-0222,Tp Cần Thơ 26° - 29°,2026,,,,official-sources/legal-portals-20260801T095241/raw/gov-vb-q03-p01.html,c338b3a8326cd72d9d91d52a3af31f2a7102d9f77e22d1dba069c26a574ddf8d,legal-portals-20260801T095241,official-sources/legal-portals-20260801T095241/query-ledger.csv,VERIFIED_RAW_MANIFEST
MANIFEST:OFFICIAL-LEGAL-0223,LEGAL_GOV,OFFICIAL-LEGAL-0223,Cà Mau 26° - 29°,2026,,,,official-sources/legal-portals-20260801T095241/raw/gov-vb-q03-p01.html,c338b3a8326cd72d9d91d52a3af31f2a7102d9f77e22d1dba069c26a574ddf8d,legal-portals-20260801T095241,official-sources/legal-portals-20260801T095241/query-ledger.csv,VERIFIED_RAW_MANIFEST
