"query_id","locked_query","portal","run_method","run_datetime_utc","requested_url","http_status","raw_file","bytes","sha256","reported_result_count","run_status","stopping_rule"
"DQ-LAW-02-A","Luật Trí tuệ nhân tạo","mst.gov.vn","internal GET search endpoint","2026-07-31T13:58:50.4469761Z","https://mst.gov.vn/tim-kiem.htm?keywords=Lu%E1%BA%ADt%20Tr%C3%AD%20tu%E1%BB%87%20nh%C3%A2n%20t%E1%BA%A1o","200","mst-dq-law-02-a-2026-07-31.html","170599","7a031661c94f9bfd6e7fb3580a71e2f6c2a969c394833644dc98d16f289b863b","34","RAW_RESULT_PAGE_CAPTURED_NOT_SCREENED","FIRST_INTERNAL_RESULTS_PAGE_ONLY; NOT_COMPLETE: portal pagination/result-total not reliably machine-readable in this run."
"DQ-LAW-02-B","y tế","mst.gov.vn","internal GET search endpoint","2026-07-31T13:58:53.3503845Z","https://mst.gov.vn/tim-kiem.htm?keywords=y%20t%E1%BA%BF","200","mst-dq-law-02-b-2026-07-31.html","168223","d763c7bcc18c394ea095fdbc94c7d87202dbeeceacb2035e186633e8d9b7b642","265","RAW_RESULT_PAGE_CAPTURED_NOT_SCREENED","FIRST_INTERNAL_RESULTS_PAGE_ONLY; NOT_COMPLETE: portal pagination/result-total not reliably machine-readable in this run."
"DQ-LAW-02-C","người bệnh","mst.gov.vn","internal GET search endpoint","2026-07-31T13:58:55.5646722Z","https://mst.gov.vn/tim-kiem.htm?keywords=ng%C6%B0%E1%BB%9Di%20b%E1%BB%87nh","200","mst-dq-law-02-c-2026-07-31.html","143351","a157a47921e895c288689c06aec0b97fe9cc016a658f462563d0e45b4bdea26a","6","RAW_RESULT_PAGE_CAPTURED_NOT_SCREENED","FIRST_INTERNAL_RESULTS_PAGE_ONLY; NOT_COMPLETE: portal pagination/result-total not reliably machine-readable in this run."
"DQ-LAW-02-D","bệnh viện","mst.gov.vn","internal GET search endpoint","2026-07-31T13:58:58.1178197Z","https://mst.gov.vn/tim-kiem.htm?keywords=b%E1%BB%87nh%20vi%E1%BB%87n","200","mst-dq-law-02-d-2026-07-31.html","169865","d539fb09cd38ef6ed76bb8693fa1998fee42f05fbf2554f28b9963f734f7d4bb","93","RAW_RESULT_PAGE_CAPTURED_NOT_SCREENED","FIRST_INTERNAL_RESULTS_PAGE_ONLY; NOT_COMPLETE: portal pagination/result-total not reliably machine-readable in this run."
"DQ-LAW-02","Luật Trí tuệ nhân tạo y tế người bệnh bệnh viện","mst.gov.vn","internal GET search endpoint","2026-07-31T13:59:00.8110240Z","https://mst.gov.vn/tim-kiem.htm?keywords=Lu%E1%BA%ADt%20Tr%C3%AD%20tu%E1%BB%87%20nh%C3%A2n%20t%E1%BA%A1o%20y%20t%E1%BA%BF%20ng%C6%B0%E1%BB%9Di%20b%E1%BB%87nh%20b%E1%BB%87nh%20vi%E1%BB%87n","200","mst-dq-law-02-2026-07-31.html","131333","02edc15dfbab9d2019a57b6c32ebccfaddf9b78fa39e98b606227040e06c0283","0","RAW_RESULT_PAGE_CAPTURED_NOT_SCREENED","FIRST_INTERNAL_RESULTS_PAGE_ONLY; NOT_COMPLETE: portal pagination/result-total not reliably machine-readable in this run."
"DQ-FRAME-02-A","Khung đạo đức trí tuệ nhân tạo quốc gia","mst.gov.vn","internal GET search endpoint","2026-07-31T13:59:03.0683845Z","https://mst.gov.vn/tim-kiem.htm?keywords=Khung%20%C4%91%E1%BA%A1o%20%C4%91%E1%BB%A9c%20tr%C3%AD%20tu%E1%BB%87%20nh%C3%A2n%20t%E1%BA%A1o%20qu%E1%BB%91c%20gia","200","mst-dq-frame-02-a-2026-07-31.html","133246","37c1631173a189d7340bae2b9da90af016e34cce594395088193c6565acd6c44","1","RAW_RESULT_PAGE_CAPTURED_NOT_SCREENED","FIRST_INTERNAL_RESULTS_PAGE_ONLY; NOT_COMPLETE: portal pagination/result-total not reliably machine-readable in this run."
"DQ-FRAME-02-B","y tế","mst.gov.vn","internal GET search endpoint","2026-07-31T13:59:05.6511639Z","https://mst.gov.vn/tim-kiem.htm?keywords=y%20t%E1%BA%BF","200","mst-dq-frame-02-b-2026-07-31.html","168223","a87a666922699589024a4a324e7563f3df0ebd3904eea4cc4f5cfde08e33647c","265","RAW_RESULT_PAGE_CAPTURED_NOT_SCREENED","FIRST_INTERNAL_RESULTS_PAGE_ONLY; NOT_COMPLETE: portal pagination/result-total not reliably machine-readable in this run."
"DQ-FRAME-02-C","bệnh viện","mst.gov.vn","internal GET search endpoint","2026-07-31T13:59:08.2498153Z","https://mst.gov.vn/tim-kiem.htm?keywords=b%E1%BB%87nh%20vi%E1%BB%87n","200","mst-dq-frame-02-c-2026-07-31.html","169865","9fa6d43f121eac9f9668b8a5938d9b706ca4ec8fd2a14aede92e93d509ddc398","93","RAW_RESULT_PAGE_CAPTURED_NOT_SCREENED","FIRST_INTERNAL_RESULTS_PAGE_ONLY; NOT_COMPLETE: portal pagination/result-total not reliably machine-readable in this run."
"DQ-FRAME-02-D","khám chữa bệnh","mst.gov.vn","internal GET search endpoint","2026-07-31T13:59:10.8742477Z","https://mst.gov.vn/tim-kiem.htm?keywords=kh%C3%A1m%20ch%E1%BB%AFa%20b%E1%BB%87nh","200","mst-dq-frame-02-d-2026-07-31.html","168217","9edf1707536bb8707409407a423548944626831e485025c9bdd869712135756e","40","RAW_RESULT_PAGE_CAPTURED_NOT_SCREENED","FIRST_INTERNAL_RESULTS_PAGE_ONLY; NOT_COMPLETE: portal pagination/result-total not reliably machine-readable in this run."
"DQ-FRAME-02","Khung đạo đức trí tuệ nhân tạo quốc gia y tế bệnh viện khám chữa bệnh","mst.gov.vn","internal GET search endpoint","2026-07-31T13:59:13.5168081Z","https://mst.gov.vn/tim-kiem.htm?keywords=Khung%20%C4%91%E1%BA%A1o%20%C4%91%E1%BB%A9c%20tr%C3%AD%20tu%E1%BB%87%20nh%C3%A2n%20t%E1%BA%A1o%20qu%E1%BB%91c%20gia%20y%20t%E1%BA%BF%20b%E1%BB%87nh%20vi%E1%BB%87n%20kh%C3%A1m%20ch%E1%BB%AFa%20b%E1%BB%87nh","200","mst-dq-frame-02-2026-07-31.html","131641","2a568d7d44dc2341df1d29bda9da4a31463a0c7fde7a34a9b7c9790b5dd76be7","0","RAW_RESULT_PAGE_CAPTURED_NOT_SCREENED","FIRST_INTERNAL_RESULTS_PAGE_ONLY; NOT_COMPLETE: portal pagination/result-total not reliably machine-readable in this run."
"DQ-REL-01-A","134/2025/QH15","mst.gov.vn","internal GET search endpoint","2026-07-31T13:59:16.0640143Z","https://mst.gov.vn/tim-kiem.htm?keywords=134%2F2025%2FQH15","200","mst-dq-rel-01-a-2026-07-31.html","130750","dafaa4468d4b8e2112da9bbecc8129991fb6f848b9a0aa1f4bdbff19c8ceaf9f","0","RAW_RESULT_PAGE_CAPTURED_NOT_SCREENED","FIRST_INTERNAL_RESULTS_PAGE_ONLY; NOT_COMPLETE: portal pagination/result-total not reliably machine-readable in this run."
"DQ-REL-01-B","142/2026/NĐ-CP","mst.gov.vn","internal GET search endpoint","2026-07-31T13:59:18.6287736Z","https://mst.gov.vn/tim-kiem.htm?keywords=142%2F2026%2FN%C4%90-CP","200","mst-dq-rel-01-b-2026-07-31.html","130772","b80bfab2f8ce8c7340a388a68c09fd6d5ebab0056009a1dc8e7e50039a09751b","0","RAW_RESULT_PAGE_CAPTURED_NOT_SCREENED","FIRST_INTERNAL_RESULTS_PAGE_ONLY; NOT_COMPLETE: portal pagination/result-total not reliably machine-readable in this run."
"DQ-REL-01-C","05/2026/TT-BKHCN","mst.gov.vn","internal GET search endpoint","2026-07-31T13:59:20.5757684Z","https://mst.gov.vn/tim-kiem.htm?keywords=05%2F2026%2FTT-BKHCN","200","mst-dq-rel-01-c-2026-07-31.html","130783","9740e1ea92ed6857671e3984cf4a9bf920121c494e3ad95986ba2834335de47b","0","RAW_RESULT_PAGE_CAPTURED_NOT_SCREENED","FIRST_INTERNAL_RESULTS_PAGE_ONLY; NOT_COMPLETE: portal pagination/result-total not reliably machine-readable in this run."
"DQ-REL-01-D","sửa đổi thay thế hướng dẫn triển khai","mst.gov.vn","internal GET search endpoint","2026-07-31T13:59:23.1880229Z","https://mst.gov.vn/tim-kiem.htm?keywords=s%E1%BB%ADa%20%C4%91%E1%BB%95i%20thay%20th%E1%BA%BF%20h%C6%B0%E1%BB%9Bng%20d%E1%BA%ABn%20tri%E1%BB%83n%20khai","200","mst-dq-rel-01-d-2026-07-31.html","131168","ac5d7086607c7db8c90b694c174c50a038dc3098631389d6a7fbb670a451fc6a","0","RAW_RESULT_PAGE_CAPTURED_NOT_SCREENED","FIRST_INTERNAL_RESULTS_PAGE_ONLY; NOT_COMPLETE: portal pagination/result-total not reliably machine-readable in this run."
"DQ-REL-01","134/2025/QH15 142/2026/NĐ-CP 05/2026/TT-BKHCN sửa đổi thay thế hướng dẫn triển khai","mst.gov.vn","internal GET search endpoint","2026-07-31T13:59:25.7939645Z","https://mst.gov.vn/tim-kiem.htm?keywords=134%2F2025%2FQH15%20142%2F2026%2FN%C4%90-CP%2005%2F2026%2FTT-BKHCN%20s%E1%BB%ADa%20%C4%91%E1%BB%95i%20thay%20th%E1%BA%BF%20h%C6%B0%E1%BB%9Bng%20d%E1%BA%ABn%20tri%E1%BB%83n%20khai","200","mst-dq-rel-01-2026-07-31.html","131685","817a0d3f08dd42defaf0d81aa0ad198ded2303358467c809abfe7583106a31e4","0","RAW_RESULT_PAGE_CAPTURED_NOT_SCREENED","FIRST_INTERNAL_RESULTS_PAGE_ONLY; NOT_COMPLETE: portal pagination/result-total not reliably machine-readable in this run."
"DQ-COUNCIL-NAME-01","Hội đồng đạo đức AI quốc gia","mst.gov.vn","internal GET search endpoint","2026-07-31T13:59:28.3342570Z","https://mst.gov.vn/tim-kiem.htm?keywords=H%E1%BB%99i%20%C4%91%E1%BB%93ng%20%C4%91%E1%BA%A1o%20%C4%91%E1%BB%A9c%20AI%20qu%E1%BB%91c%20gia","200","mst-dq-council-name-01-2026-07-31.html","131058","61291062ae93a4a30b966b379401873bcc0fe2f1e389b453060bd8119acf47ae","0","RAW_RESULT_PAGE_CAPTURED_NOT_SCREENED","FIRST_INTERNAL_RESULTS_PAGE_ONLY; NOT_COMPLETE: portal pagination/result-total not reliably machine-readable in this run."
"DQ-COUNCIL-NAME-02","Hội đồng đạo đức trí tuệ nhân tạo quốc gia","mst.gov.vn","internal GET search endpoint","2026-07-31T13:59:30.9332050Z","https://mst.gov.vn/tim-kiem.htm?keywords=H%E1%BB%99i%20%C4%91%E1%BB%93ng%20%C4%91%E1%BA%A1o%20%C4%91%E1%BB%A9c%20tr%C3%AD%20tu%E1%BB%87%20nh%C3%A2n%20t%E1%BA%A1o%20qu%E1%BB%91c%20gia","200","mst-dq-council-name-02-2026-07-31.html","131278","919cd179928711281a225a9d895c4bc056ccbc520fd706011c7722108ad56a6c","0","RAW_RESULT_PAGE_CAPTURED_NOT_SCREENED","FIRST_INTERNAL_RESULTS_PAGE_ONLY; NOT_COMPLETE: portal pagination/result-total not reliably machine-readable in this run."
"DQ-COUNCIL-NAME-03","Ủy ban đạo đức AI quốc gia","mst.gov.vn","internal GET search endpoint","2026-07-31T13:59:33.5018156Z","https://mst.gov.vn/tim-kiem.htm?keywords=%E1%BB%A6y%20ban%20%C4%91%E1%BA%A1o%20%C4%91%E1%BB%A9c%20AI%20qu%E1%BB%91c%20gia","200","mst-dq-council-name-03-2026-07-31.html","131003","451825c9ee0bd17231c134b159e4c073bffebc75203818c4fc3a275fcf8d8857","0","RAW_RESULT_PAGE_CAPTURED_NOT_SCREENED","FIRST_INTERNAL_RESULTS_PAGE_ONLY; NOT_COMPLETE: portal pagination/result-total not reliably machine-readable in this run."
"DQ-COUNCIL-NAME-04","National AI Ethics Council Vietnam","mst.gov.vn","internal GET search endpoint","2026-07-31T13:59:35.6504960Z","https://mst.gov.vn/tim-kiem.htm?keywords=National%20AI%20Ethics%20Council%20Vietnam","200","mst-dq-council-name-04-2026-07-31.html","130981","67cbbb77ba7edc0efc07a854bc2f1186912ab760cb5b244458d1403178b0477a","0","RAW_RESULT_PAGE_CAPTURED_NOT_SCREENED","FIRST_INTERNAL_RESULTS_PAGE_ONLY; NOT_COMPLETE: portal pagination/result-total not reliably machine-readable in this run."
"DQ-COUNCIL-NAME-05","National Council on AI Ethics Vietnam","mst.gov.vn","internal GET search endpoint","2026-07-31T13:59:38.2688247Z","https://mst.gov.vn/tim-kiem.htm?keywords=National%20Council%20on%20AI%20Ethics%20Vietnam","200","mst-dq-council-name-05-2026-07-31.html","131014","cc7517dc68478e1a39551a1c6c561afe2c6b0ab903ac4fc41f38598242b0648e","0","RAW_RESULT_PAGE_CAPTURED_NOT_SCREENED","FIRST_INTERNAL_RESULTS_PAGE_ONLY; NOT_COMPLETE: portal pagination/result-total not reliably machine-readable in this run."
"DQ-COUNCIL-NAME-06","AI ethics committee Vietnam","mst.gov.vn","internal GET search endpoint","2026-07-31T13:59:40.8353254Z","https://mst.gov.vn/tim-kiem.htm?keywords=AI%20ethics%20committee%20Vietnam","200","mst-dq-council-name-06-2026-07-31.html","130904","c019d142ba0b6ef192ffc52df6377ed7671fb014a3985c0a4b3dccb348a83675","0","RAW_RESULT_PAGE_CAPTURED_NOT_SCREENED","FIRST_INTERNAL_RESULTS_PAGE_ONLY; NOT_COMPLETE: portal pagination/result-total not reliably machine-readable in this run."
"DQ-COUNCIL-EST-01-A","hội đồng đạo đức AI","mst.gov.vn","internal GET search endpoint","2026-07-31T13:59:43.4412531Z","https://mst.gov.vn/tim-kiem.htm?keywords=h%E1%BB%99i%20%C4%91%E1%BB%93ng%20%C4%91%E1%BA%A1o%20%C4%91%E1%BB%A9c%20AI","200","mst-dq-council-est-01-a-2026-07-31.html","130937","f716fb3027566191c29c70e42b15d3cb89cbfea18063349b1ba42dbf7470af8e","0","RAW_RESULT_PAGE_CAPTURED_NOT_SCREENED","FIRST_INTERNAL_RESULTS_PAGE_ONLY; NOT_COMPLETE: portal pagination/result-total not reliably machine-readable in this run."
"DQ-COUNCIL-EST-01-B","quyết định thành lập","mst.gov.vn","internal GET search endpoint","2026-07-31T13:59:45.7876935Z","https://mst.gov.vn/tim-kiem.htm?keywords=quy%E1%BA%BFt%20%C4%91%E1%BB%8Bnh%20th%C3%A0nh%20l%E1%BA%ADp","200","mst-dq-council-est-01-b-2026-07-31.html","152533","83343a2d9d2bbab77fd9df5efb647d5aac3ad531ecf76d8f28262f6ceadbb1a9","9","RAW_RESULT_PAGE_CAPTURED_NOT_SCREENED","FIRST_INTERNAL_RESULTS_PAGE_ONLY; NOT_COMPLETE: portal pagination/result-total not reliably machine-readable in this run."
"DQ-COUNCIL-EST-01-C","quy chế","mst.gov.vn","internal GET search endpoint","2026-07-31T13:59:48.4453749Z","https://mst.gov.vn/tim-kiem.htm?keywords=quy%20ch%E1%BA%BF","200","mst-dq-council-est-01-c-2026-07-31.html","169816","6cd99a12f87792b33f2245c6b3112a8041bbd5b14f59f7396537884a414c9f0a","96","RAW_RESULT_PAGE_CAPTURED_NOT_SCREENED","FIRST_INTERNAL_RESULTS_PAGE_ONLY; NOT_COMPLETE: portal pagination/result-total not reliably machine-readable in this run."
"DQ-COUNCIL-EST-01-D","chức năng nhiệm vụ","mst.gov.vn","internal GET search endpoint","2026-07-31T13:59:50.9708920Z","https://mst.gov.vn/tim-kiem.htm?keywords=ch%E1%BB%A9c%20n%C4%83ng%20nhi%E1%BB%87m%20v%E1%BB%A5","200","mst-dq-council-est-01-d-2026-07-31.html","167065","e18ef73e6cc56fad964079a473c056539de86b23b3aad1a8fc5b5367bc57416b","16","RAW_RESULT_PAGE_CAPTURED_NOT_SCREENED","FIRST_INTERNAL_RESULTS_PAGE_ONLY; NOT_COMPLETE: portal pagination/result-total not reliably machine-readable in this run."
"DQ-COUNCIL-EST-01-E","thành viên","mst.gov.vn","internal GET search endpoint","2026-07-31T13:59:53.6955068Z","https://mst.gov.vn/tim-kiem.htm?keywords=th%C3%A0nh%20vi%C3%AAn","200","mst-dq-council-est-01-e-2026-07-31.html","168455","080babcbe23799d30bf3b2098990d6fe33ac8a3bbec615162909179951602862","97","RAW_RESULT_PAGE_CAPTURED_NOT_SCREENED","FIRST_INTERNAL_RESULTS_PAGE_ONLY; NOT_COMPLETE: portal pagination/result-total not reliably machine-readable in this run."
"DQ-COUNCIL-EST-01","hội đồng đạo đức AI quyết định thành lập quy chế chức năng nhiệm vụ thành viên","mst.gov.vn","internal GET search endpoint","2026-07-31T13:59:56.3219210Z","https://mst.gov.vn/tim-kiem.htm?keywords=h%E1%BB%99i%20%C4%91%E1%BB%93ng%20%C4%91%E1%BA%A1o%20%C4%91%E1%BB%A9c%20AI%20quy%E1%BA%BFt%20%C4%91%E1%BB%8Bnh%20th%C3%A0nh%20l%E1%BA%ADp%20quy%20ch%E1%BA%BF%20ch%E1%BB%A9c%20n%C4%83ng%20nhi%E1%BB%87m%20v%E1%BB%A5%20th%C3%A0nh%20vi%C3%AAn","200","mst-dq-council-est-01-2026-07-31.html","131795","4c8f5740ecf8d452b3d0023c420b5046f646acd7b10d933c61ed4960a3f96d04","0","RAW_RESULT_PAGE_CAPTURED_NOT_SCREENED","FIRST_INTERNAL_RESULTS_PAGE_ONLY; NOT_COMPLETE: portal pagination/result-total not reliably machine-readable in this run."
"DQ-COUNCIL-ACT-01-A","hội đồng đạo đức AI","mst.gov.vn","internal GET search endpoint","2026-07-31T13:59:59.0309393Z","https://mst.gov.vn/tim-kiem.htm?keywords=h%E1%BB%99i%20%C4%91%E1%BB%93ng%20%C4%91%E1%BA%A1o%20%C4%91%E1%BB%A9c%20AI","200","mst-dq-council-act-01-a-2026-07-31.html","130937","ede58ddb095491f131f2be3a87723ea9d09c4fe0fc5d6d99ec9ad8b92701747c","0","RAW_RESULT_PAGE_CAPTURED_NOT_SCREENED","FIRST_INTERNAL_RESULTS_PAGE_ONLY; NOT_COMPLETE: portal pagination/result-total not reliably machine-readable in this run."
"DQ-COUNCIL-ACT-01-B","phiên họp","mst.gov.vn","internal GET search endpoint","2026-07-31T14:00:01.6687205Z","https://mst.gov.vn/tim-kiem.htm?keywords=phi%C3%AAn%20h%E1%BB%8Dp","200","mst-dq-council-act-01-b-2026-07-31.html","170518","79d5e52484f5328b84b7557964b710334819b38051dfb104c06c31aa0bfbf2e9","51","RAW_RESULT_PAGE_CAPTURED_NOT_SCREENED","FIRST_INTERNAL_RESULTS_PAGE_ONLY; NOT_COMPLETE: portal pagination/result-total not reliably machine-readable in this run."
"DQ-COUNCIL-ACT-01-C","biên bản","mst.gov.vn","internal GET search endpoint","2026-07-31T14:00:03.9307311Z","https://mst.gov.vn/tim-kiem.htm?keywords=bi%C3%AAn%20b%E1%BA%A3n","200","mst-dq-council-act-01-c-2026-07-31.html","171866","eb9b4bb2384511b66d38ff20181225b0861c8e1857d9fe0a1bf261faf2170647","46","RAW_RESULT_PAGE_CAPTURED_NOT_SCREENED","FIRST_INTERNAL_RESULTS_PAGE_ONLY; NOT_COMPLETE: portal pagination/result-total not reliably machine-readable in this run."
"DQ-COUNCIL-ACT-01-D","báo cáo hoạt động","mst.gov.vn","internal GET search endpoint","2026-07-31T14:00:06.9913071Z","https://mst.gov.vn/tim-kiem.htm?keywords=b%C3%A1o%20c%C3%A1o%20ho%E1%BA%A1t%20%C4%91%E1%BB%99ng","200","mst-dq-council-act-01-d-2026-07-31.html","136035","169198998951f9adb80e06ed000097a3835e41204ca863d2796cd3e664f93cb3","2","RAW_RESULT_PAGE_CAPTURED_NOT_SCREENED","FIRST_INTERNAL_RESULTS_PAGE_ONLY; NOT_COMPLETE: portal pagination/result-total not reliably machine-readable in this run."
"DQ-COUNCIL-ACT-01","hội đồng đạo đức AI phiên họp biên bản báo cáo hoạt động","mst.gov.vn","internal GET search endpoint","2026-07-31T14:00:09.6042144Z","https://mst.gov.vn/tim-kiem.htm?keywords=h%E1%BB%99i%20%C4%91%E1%BB%93ng%20%C4%91%E1%BA%A1o%20%C4%91%E1%BB%A9c%20AI%20phi%C3%AAn%20h%E1%BB%8Dp%20bi%C3%AAn%20b%E1%BA%A3n%20b%C3%A1o%20c%C3%A1o%20ho%E1%BA%A1t%20%C4%91%E1%BB%99ng","200","mst-dq-council-act-01-2026-07-31.html","131487","5c0b465646ebfddee02b13fa29b347cc63fdca519fc86ddf03e2b3e9af6f9e9d","0","RAW_RESULT_PAGE_CAPTURED_NOT_SCREENED","FIRST_INTERNAL_RESULTS_PAGE_ONLY; NOT_COMPLETE: portal pagination/result-total not reliably machine-readable in this run."
"DQ-COUNCIL-ACT-02","National AI Ethics Council decision regulation mandate members meeting minutes activity report","mst.gov.vn","internal GET search endpoint","2026-07-31T14:00:12.2536804Z","https://mst.gov.vn/tim-kiem.htm?keywords=National%20AI%20Ethics%20Council%20decision%20regulation%20mandate%20members%20meeting%20minutes%20activity%20report","200","mst-dq-council-act-02-2026-07-31.html","131641","6d248b686ee0a7bb991854e46528bd0df73d74dd02fef4bea2cd3b381fa949c5","0","RAW_RESULT_PAGE_CAPTURED_NOT_SCREENED","FIRST_INTERNAL_RESULTS_PAGE_ONLY; NOT_COMPLETE: portal pagination/result-total not reliably machine-readable in this run."
