"case_id","case_type","official_name","region_or_level","ownership_or_specialty","official_domain","source_of_domain","eligibility_check","selection_rationale","query_set","result_cap_per_query","link_depth","status","notes"
"DOH-N-01","PROVINCIAL_HEALTH_DEPARTMENT","Sở Y tế Hà Nội","Bắc","Cơ quan quản lý cấp tỉnh/thành phố","https://soyte.hanoi.gov.vn/","Official agency-domain candidate; re-verify homepage and ownership before run","NOT_RUN","One pre-specified northern metropolitan health authority; avoids drawing a national sample","DQ-IMPL-01|DQ-IMPL-04|DQ-IMPL-05|DQ-TOOL-01|DQ-TOOL-02|DQ-EVID-01|DQ-EVID-02|DQ-EVID-03|DQ-EVID-04|DQ-EVID-05","20","2","NOT_RUN","No result, eligibility, or implementation inference has been made."
"DOH-C-01","PROVINCIAL_HEALTH_DEPARTMENT","Sở Y tế Đà Nẵng","Trung","Cơ quan quản lý cấp tỉnh/thành phố","https://soyte.danang.gov.vn/","Official agency-domain candidate; re-verify homepage and ownership before run","NOT_RUN","One pre-specified central metropolitan health authority for regional variation","DQ-IMPL-01|DQ-IMPL-04|DQ-IMPL-05|DQ-TOOL-01|DQ-TOOL-02|DQ-EVID-01|DQ-EVID-02|DQ-EVID-03|DQ-EVID-04|DQ-EVID-05","20","2","NOT_RUN","No result, eligibility, or implementation inference has been made."
"DOH-S-01","PROVINCIAL_HEALTH_DEPARTMENT","Sở Y tế Thành phố Hồ Chí Minh","Nam","Cơ quan quản lý cấp tỉnh/thành phố","https://medinet.gov.vn/","Official agency-domain candidate; re-verify homepage and ownership before run","NOT_RUN","One pre-specified southern metropolitan health authority for regional variation","DQ-IMPL-01|DQ-IMPL-04|DQ-IMPL-05|DQ-TOOL-01|DQ-TOOL-02|DQ-EVID-01|DQ-EVID-02|DQ-EVID-03|DQ-EVID-04|DQ-EVID-05","20","2","NOT_RUN","No result, eligibility, or implementation inference has been made."
"HOSP-N-01","HOSPITAL_SENTINEL","Bệnh viện Bạch Mai","Bắc; tuyến trung ương","Công lập; đa khoa hạng đặc biệt","https://bachmai.gov.vn/","Hospital homepage self-identifies as Bệnh viện Bạch Mai; re-verify before run","NOT_RUN","Northern public tertiary/central sentinel","DQ-IMPL-01|DQ-IMPL-04|DQ-IMPL-05|DQ-TOOL-01|DQ-TOOL-02|DQ-EVID-01|DQ-EVID-02|DQ-EVID-03|DQ-EVID-04|DQ-EVID-05","20","2","NOT_RUN","No result, eligibility, or implementation inference has been made."
"HOSP-C-01","HOSPITAL_SENTINEL","Bệnh viện Trung ương Huế","Trung; tuyến trung ương","Công lập; đa khoa/chuyên sâu","https://bvtwhue.com.vn/","Hospital homepage self-identifies as Bệnh viện Trung ương Huế; re-verify before run","NOT_RUN","Central public tertiary/central sentinel","DQ-IMPL-01|DQ-IMPL-04|DQ-IMPL-05|DQ-TOOL-01|DQ-TOOL-02|DQ-EVID-01|DQ-EVID-02|DQ-EVID-03|DQ-EVID-04|DQ-EVID-05","20","2","NOT_RUN","No result, eligibility, or implementation inference has been made."
"HOSP-S-01","HOSPITAL_SENTINEL","Bệnh viện Chợ Rẫy","Nam; tuyến trung ương","Công lập; đa khoa/chuyên sâu","https://choray.vn/","Official hospital-domain candidate; re-verify homepage and ownership before run","NOT_RUN","Southern public tertiary/central sentinel","DQ-IMPL-01|DQ-IMPL-04|DQ-IMPL-05|DQ-TOOL-01|DQ-TOOL-02|DQ-EVID-01|DQ-EVID-02|DQ-EVID-03|DQ-EVID-04|DQ-EVID-05","20","2","NOT_RUN","No result, eligibility, or implementation inference has been made."
"HOSP-N-02","HOSPITAL_SENTINEL","Bệnh viện Đa khoa Quốc tế Vinmec Times City","Bắc; cơ sở tư nhân","Ngoài công lập; đa khoa","https://www.vinmec.com/vie/he-thong-vinmec/benh-vien-da-khoa-quoc-te-vinmec-times-city/","Official system page; re-verify facility identity before run","NOT_RUN","Private multispecialty contrast within the North","DQ-IMPL-01|DQ-IMPL-04|DQ-IMPL-05|DQ-TOOL-01|DQ-TOOL-02|DQ-EVID-01|DQ-EVID-02|DQ-EVID-03|DQ-EVID-04|DQ-EVID-05","20","2","NOT_RUN","No result, eligibility, or implementation inference has been made."
"HOSP-S-02","HOSPITAL_SENTINEL","Bệnh viện Đa khoa Tâm Anh Thành phố Hồ Chí Minh","Nam; cơ sở tư nhân","Ngoài công lập; đa khoa","https://tamanhhospital.vn/","Hospital homepage self-identifies as Bệnh viện Đa khoa Tâm Anh; re-verify facility identity before run","NOT_RUN","Private multispecialty contrast within the South","DQ-IMPL-01|DQ-IMPL-04|DQ-IMPL-05|DQ-TOOL-01|DQ-TOOL-02|DQ-EVID-01|DQ-EVID-02|DQ-EVID-03|DQ-EVID-04|DQ-EVID-05","20","2","NOT_RUN","No result, eligibility, or implementation inference has been made."
"HOSP-S-03","HOSPITAL_SENTINEL","Bệnh viện Đại học Y Dược Thành phố Hồ Chí Minh","Nam; đại học","Công lập/đại học; đa khoa","https://www.umc.edu.vn/","Official hospital-domain candidate; re-verify homepage and ownership before run","NOT_RUN","University-affiliated teaching-hospital contrast","DQ-IMPL-01|DQ-IMPL-04|DQ-IMPL-05|DQ-TOOL-01|DQ-TOOL-02|DQ-EVID-01|DQ-EVID-02|DQ-EVID-03|DQ-EVID-04|DQ-EVID-05","20","2","NOT_RUN","No result, eligibility, or implementation inference has been made."
