record_id,source_type,dao_trung_thanh_decision,loc_dang_decision,agreement_status,next_workflow_status,adjudication_status,dao_file_sha256,loc_file_sha256
CANON-00001,LEGAL_REGULATION,INCLUDE,INCLUDE,AGREED_ADVANCE,ADVANCE_TO_FULL_TEXT_DUAL_SCREENING,NO_ADJUDICATION_REQUIRED,adb127e9fac328946d9cac5a2479f17f0ecab0b03b6d0dbcab7e6d0f398252a3,3252babc45529bffff1c4562e453cd03455838dae1cbdecd79a409b451c69430
CANON-00002,OFFICIAL_REPORT,INCLUDE,INCLUDE,AGREED_ADVANCE,ADVANCE_TO_FULL_TEXT_DUAL_SCREENING,NO_ADJUDICATION_REQUIRED,adb127e9fac328946d9cac5a2479f17f0ecab0b03b6d0dbcab7e6d0f398252a3,3252babc45529bffff1c4562e453cd03455838dae1cbdecd79a409b451c69430
CANON-00003,OFFICIAL_REPORT,INCLUDE,INCLUDE,AGREED_ADVANCE,ADVANCE_TO_FULL_TEXT_DUAL_SCREENING,NO_ADJUDICATION_REQUIRED,adb127e9fac328946d9cac5a2479f17f0ecab0b03b6d0dbcab7e6d0f398252a3,3252babc45529bffff1c4562e453cd03455838dae1cbdecd79a409b451c69430
CANON-00004,LEGAL_REGULATION,INCLUDE,INCLUDE,AGREED_ADVANCE,ADVANCE_TO_FULL_TEXT_DUAL_SCREENING,NO_ADJUDICATION_REQUIRED,adb127e9fac328946d9cac5a2479f17f0ecab0b03b6d0dbcab7e6d0f398252a3,3252babc45529bffff1c4562e453cd03455838dae1cbdecd79a409b451c69430
CANON-00005,LEGAL_REGULATION,INCLUDE,INCLUDE,AGREED_ADVANCE,ADVANCE_TO_FULL_TEXT_DUAL_SCREENING,NO_ADJUDICATION_REQUIRED,adb127e9fac328946d9cac5a2479f17f0ecab0b03b6d0dbcab7e6d0f398252a3,3252babc45529bffff1c4562e453cd03455838dae1cbdecd79a409b451c69430
CANON-00006,LEGAL_REGULATION,INCLUDE,INCLUDE,AGREED_ADVANCE,ADVANCE_TO_FULL_TEXT_DUAL_SCREENING,NO_ADJUDICATION_REQUIRED,adb127e9fac328946d9cac5a2479f17f0ecab0b03b6d0dbcab7e6d0f398252a3,3252babc45529bffff1c4562e453cd03455838dae1cbdecd79a409b451c69430
CANON-00007,OFFICIAL_REPORT,UNCERTAIN,UNCERTAIN,AGREED_ADVANCE,ADVANCE_TO_FULL_TEXT_DUAL_SCREENING,NO_ADJUDICATION_REQUIRED,adb127e9fac328946d9cac5a2479f17f0ecab0b03b6d0dbcab7e6d0f398252a3,3252babc45529bffff1c4562e453cd03455838dae1cbdecd79a409b451c69430
CANON-00008,OFFICIAL_REPORT,UNCERTAIN,UNCERTAIN,AGREED_ADVANCE,ADVANCE_TO_FULL_TEXT_DUAL_SCREENING,NO_ADJUDICATION_REQUIRED,adb127e9fac328946d9cac5a2479f17f0ecab0b03b6d0dbcab7e6d0f398252a3,3252babc45529bffff1c4562e453cd03455838dae1cbdecd79a409b451c69430
CANON-00009,OFFICIAL_REPORT,UNCERTAIN,UNCERTAIN,AGREED_ADVANCE,ADVANCE_TO_FULL_TEXT_DUAL_SCREENING,NO_ADJUDICATION_REQUIRED,adb127e9fac328946d9cac5a2479f17f0ecab0b03b6d0dbcab7e6d0f398252a3,3252babc45529bffff1c4562e453cd03455838dae1cbdecd79a409b451c69430
CANON-00010,OFFICIAL_REPORT,UNCERTAIN,UNCERTAIN,AGREED_ADVANCE,ADVANCE_TO_FULL_TEXT_DUAL_SCREENING,NO_ADJUDICATION_REQUIRED,adb127e9fac328946d9cac5a2479f17f0ecab0b03b6d0dbcab7e6d0f398252a3,3252babc45529bffff1c4562e453cd03455838dae1cbdecd79a409b451c69430
CANON-00011,ACADEMIC_STUDY,UNCERTAIN,UNCERTAIN,AGREED_ADVANCE,ADVANCE_TO_FULL_TEXT_DUAL_SCREENING,NO_ADJUDICATION_REQUIRED,adb127e9fac328946d9cac5a2479f17f0ecab0b03b6d0dbcab7e6d0f398252a3,3252babc45529bffff1c4562e453cd03455838dae1cbdecd79a409b451c69430
CANON-00012,ACADEMIC_STUDY,EXCLUDE,EXCLUDE,AGREED_EXCLUDE,TITLE_ABSTRACT_EXCLUDE_AGREED,NO_ADJUDICATION_REQUIRED,adb127e9fac328946d9cac5a2479f17f0ecab0b03b6d0dbcab7e6d0f398252a3,3252babc45529bffff1c4562e453cd03455838dae1cbdecd79a409b451c69430
CANON-00013,ACADEMIC_STUDY,EXCLUDE,EXCLUDE,AGREED_EXCLUDE,TITLE_ABSTRACT_EXCLUDE_AGREED,NO_ADJUDICATION_REQUIRED,adb127e9fac328946d9cac5a2479f17f0ecab0b03b6d0dbcab7e6d0f398252a3,3252babc45529bffff1c4562e453cd03455838dae1cbdecd79a409b451c69430
CANON-00014,ACADEMIC_STUDY,INCLUDE,INCLUDE,AGREED_ADVANCE,ADVANCE_TO_FULL_TEXT_DUAL_SCREENING,NO_ADJUDICATION_REQUIRED,adb127e9fac328946d9cac5a2479f17f0ecab0b03b6d0dbcab7e6d0f398252a3,3252babc45529bffff1c4562e453cd03455838dae1cbdecd79a409b451c69430
CANON-00015,ACADEMIC_STUDY,EXCLUDE,EXCLUDE,AGREED_EXCLUDE,TITLE_ABSTRACT_EXCLUDE_AGREED,NO_ADJUDICATION_REQUIRED,adb127e9fac328946d9cac5a2479f17f0ecab0b03b6d0dbcab7e6d0f398252a3,3252babc45529bffff1c4562e453cd03455838dae1cbdecd79a409b451c69430
CANON-00016,ACADEMIC_STUDY,EXCLUDE,EXCLUDE,AGREED_EXCLUDE,TITLE_ABSTRACT_EXCLUDE_AGREED,NO_ADJUDICATION_REQUIRED,adb127e9fac328946d9cac5a2479f17f0ecab0b03b6d0dbcab7e6d0f398252a3,3252babc45529bffff1c4562e453cd03455838dae1cbdecd79a409b451c69430
CANON-00017,ACADEMIC_STUDY,EXCLUDE,EXCLUDE,AGREED_EXCLUDE,TITLE_ABSTRACT_EXCLUDE_AGREED,NO_ADJUDICATION_REQUIRED,adb127e9fac328946d9cac5a2479f17f0ecab0b03b6d0dbcab7e6d0f398252a3,3252babc45529bffff1c4562e453cd03455838dae1cbdecd79a409b451c69430
CANON-00018,ACADEMIC_STUDY,UNCERTAIN,UNCERTAIN,AGREED_ADVANCE,ADVANCE_TO_FULL_TEXT_DUAL_SCREENING,NO_ADJUDICATION_REQUIRED,adb127e9fac328946d9cac5a2479f17f0ecab0b03b6d0dbcab7e6d0f398252a3,3252babc45529bffff1c4562e453cd03455838dae1cbdecd79a409b451c69430
CANON-00019,ACADEMIC_STUDY,UNCERTAIN,UNCERTAIN,AGREED_ADVANCE,ADVANCE_TO_FULL_TEXT_DUAL_SCREENING,NO_ADJUDICATION_REQUIRED,adb127e9fac328946d9cac5a2479f17f0ecab0b03b6d0dbcab7e6d0f398252a3,3252babc45529bffff1c4562e453cd03455838dae1cbdecd79a409b451c69430
CANON-00020,ACADEMIC_STUDY,INCLUDE,UNCERTAIN,DISAGREEMENT,PENDING_ADJUDICATION,PENDING_ADJUDICATION,adb127e9fac328946d9cac5a2479f17f0ecab0b03b6d0dbcab7e6d0f398252a3,3252babc45529bffff1c4562e453cd03455838dae1cbdecd79a409b451c69430
CANON-00021,ACADEMIC_STUDY,EXCLUDE,EXCLUDE,AGREED_EXCLUDE,TITLE_ABSTRACT_EXCLUDE_AGREED,NO_ADJUDICATION_REQUIRED,adb127e9fac328946d9cac5a2479f17f0ecab0b03b6d0dbcab7e6d0f398252a3,3252babc45529bffff1c4562e453cd03455838dae1cbdecd79a409b451c69430
CANON-00022,ACADEMIC_STUDY,EXCLUDE,EXCLUDE,AGREED_EXCLUDE,TITLE_ABSTRACT_EXCLUDE_AGREED,NO_ADJUDICATION_REQUIRED,adb127e9fac328946d9cac5a2479f17f0ecab0b03b6d0dbcab7e6d0f398252a3,3252babc45529bffff1c4562e453cd03455838dae1cbdecd79a409b451c69430
CANON-00023,ACADEMIC_STUDY,EXCLUDE,EXCLUDE,AGREED_EXCLUDE,TITLE_ABSTRACT_EXCLUDE_AGREED,NO_ADJUDICATION_REQUIRED,adb127e9fac328946d9cac5a2479f17f0ecab0b03b6d0dbcab7e6d0f398252a3,3252babc45529bffff1c4562e453cd03455838dae1cbdecd79a409b451c69430
CANON-00024,ACADEMIC_STUDY,EXCLUDE,EXCLUDE,AGREED_EXCLUDE,TITLE_ABSTRACT_EXCLUDE_AGREED,NO_ADJUDICATION_REQUIRED,adb127e9fac328946d9cac5a2479f17f0ecab0b03b6d0dbcab7e6d0f398252a3,3252babc45529bffff1c4562e453cd03455838dae1cbdecd79a409b451c69430
CANON-00025,ACADEMIC_STUDY,EXCLUDE,EXCLUDE,AGREED_EXCLUDE,TITLE_ABSTRACT_EXCLUDE_AGREED,NO_ADJUDICATION_REQUIRED,adb127e9fac328946d9cac5a2479f17f0ecab0b03b6d0dbcab7e6d0f398252a3,3252babc45529bffff1c4562e453cd03455838dae1cbdecd79a409b451c69430
CANON-00026,ACADEMIC_STUDY,EXCLUDE,EXCLUDE,AGREED_EXCLUDE,TITLE_ABSTRACT_EXCLUDE_AGREED,NO_ADJUDICATION_REQUIRED,adb127e9fac328946d9cac5a2479f17f0ecab0b03b6d0dbcab7e6d0f398252a3,3252babc45529bffff1c4562e453cd03455838dae1cbdecd79a409b451c69430
CANON-00027,ACADEMIC_STUDY,EXCLUDE,EXCLUDE,AGREED_EXCLUDE,TITLE_ABSTRACT_EXCLUDE_AGREED,NO_ADJUDICATION_REQUIRED,adb127e9fac328946d9cac5a2479f17f0ecab0b03b6d0dbcab7e6d0f398252a3,3252babc45529bffff1c4562e453cd03455838dae1cbdecd79a409b451c69430
CANON-00028,ACADEMIC_STUDY,UNCERTAIN,UNCERTAIN,AGREED_ADVANCE,ADVANCE_TO_FULL_TEXT_DUAL_SCREENING,NO_ADJUDICATION_REQUIRED,adb127e9fac328946d9cac5a2479f17f0ecab0b03b6d0dbcab7e6d0f398252a3,3252babc45529bffff1c4562e453cd03455838dae1cbdecd79a409b451c69430
CANON-00029,ACADEMIC_STUDY,EXCLUDE,EXCLUDE,AGREED_EXCLUDE,TITLE_ABSTRACT_EXCLUDE_AGREED,NO_ADJUDICATION_REQUIRED,adb127e9fac328946d9cac5a2479f17f0ecab0b03b6d0dbcab7e6d0f398252a3,3252babc45529bffff1c4562e453cd03455838dae1cbdecd79a409b451c69430
CANON-00030,ACADEMIC_STUDY,EXCLUDE,EXCLUDE,AGREED_EXCLUDE,TITLE_ABSTRACT_EXCLUDE_AGREED,NO_ADJUDICATION_REQUIRED,adb127e9fac328946d9cac5a2479f17f0ecab0b03b6d0dbcab7e6d0f398252a3,3252babc45529bffff1c4562e453cd03455838dae1cbdecd79a409b451c69430
CANON-00031,ACADEMIC_STUDY,EXCLUDE,EXCLUDE,AGREED_EXCLUDE,TITLE_ABSTRACT_EXCLUDE_AGREED,NO_ADJUDICATION_REQUIRED,adb127e9fac328946d9cac5a2479f17f0ecab0b03b6d0dbcab7e6d0f398252a3,3252babc45529bffff1c4562e453cd03455838dae1cbdecd79a409b451c69430
CANON-00032,ACADEMIC_STUDY,EXCLUDE,EXCLUDE,AGREED_EXCLUDE,TITLE_ABSTRACT_EXCLUDE_AGREED,NO_ADJUDICATION_REQUIRED,adb127e9fac328946d9cac5a2479f17f0ecab0b03b6d0dbcab7e6d0f398252a3,3252babc45529bffff1c4562e453cd03455838dae1cbdecd79a409b451c69430
CANON-00033,ACADEMIC_STUDY,EXCLUDE,EXCLUDE,AGREED_EXCLUDE,TITLE_ABSTRACT_EXCLUDE_AGREED,NO_ADJUDICATION_REQUIRED,adb127e9fac328946d9cac5a2479f17f0ecab0b03b6d0dbcab7e6d0f398252a3,3252babc45529bffff1c4562e453cd03455838dae1cbdecd79a409b451c69430
CANON-00034,ACADEMIC_STUDY,EXCLUDE,EXCLUDE,AGREED_EXCLUDE,TITLE_ABSTRACT_EXCLUDE_AGREED,NO_ADJUDICATION_REQUIRED,adb127e9fac328946d9cac5a2479f17f0ecab0b03b6d0dbcab7e6d0f398252a3,3252babc45529bffff1c4562e453cd03455838dae1cbdecd79a409b451c69430
CANON-00035,ACADEMIC_STUDY,EXCLUDE,EXCLUDE,AGREED_EXCLUDE,TITLE_ABSTRACT_EXCLUDE_AGREED,NO_ADJUDICATION_REQUIRED,adb127e9fac328946d9cac5a2479f17f0ecab0b03b6d0dbcab7e6d0f398252a3,3252babc45529bffff1c4562e453cd03455838dae1cbdecd79a409b451c69430
CANON-00036,ACADEMIC_STUDY,EXCLUDE,EXCLUDE,AGREED_EXCLUDE,TITLE_ABSTRACT_EXCLUDE_AGREED,NO_ADJUDICATION_REQUIRED,adb127e9fac328946d9cac5a2479f17f0ecab0b03b6d0dbcab7e6d0f398252a3,3252babc45529bffff1c4562e453cd03455838dae1cbdecd79a409b451c69430
CANON-00037,ACADEMIC_STUDY,EXCLUDE,EXCLUDE,AGREED_EXCLUDE,TITLE_ABSTRACT_EXCLUDE_AGREED,NO_ADJUDICATION_REQUIRED,adb127e9fac328946d9cac5a2479f17f0ecab0b03b6d0dbcab7e6d0f398252a3,3252babc45529bffff1c4562e453cd03455838dae1cbdecd79a409b451c69430
CANON-00038,ACADEMIC_STUDY,INCLUDE,INCLUDE,AGREED_ADVANCE,ADVANCE_TO_FULL_TEXT_DUAL_SCREENING,NO_ADJUDICATION_REQUIRED,adb127e9fac328946d9cac5a2479f17f0ecab0b03b6d0dbcab7e6d0f398252a3,3252babc45529bffff1c4562e453cd03455838dae1cbdecd79a409b451c69430
CANON-00039,ACADEMIC_STUDY,UNCERTAIN,UNCERTAIN,AGREED_ADVANCE,ADVANCE_TO_FULL_TEXT_DUAL_SCREENING,NO_ADJUDICATION_REQUIRED,adb127e9fac328946d9cac5a2479f17f0ecab0b03b6d0dbcab7e6d0f398252a3,3252babc45529bffff1c4562e453cd03455838dae1cbdecd79a409b451c69430
CANON-00040,ACADEMIC_STUDY,INCLUDE,INCLUDE,AGREED_ADVANCE,ADVANCE_TO_FULL_TEXT_DUAL_SCREENING,NO_ADJUDICATION_REQUIRED,adb127e9fac328946d9cac5a2479f17f0ecab0b03b6d0dbcab7e6d0f398252a3,3252babc45529bffff1c4562e453cd03455838dae1cbdecd79a409b451c69430
CANON-00041,ACADEMIC_STUDY,UNCERTAIN,UNCERTAIN,AGREED_ADVANCE,ADVANCE_TO_FULL_TEXT_DUAL_SCREENING,NO_ADJUDICATION_REQUIRED,adb127e9fac328946d9cac5a2479f17f0ecab0b03b6d0dbcab7e6d0f398252a3,3252babc45529bffff1c4562e453cd03455838dae1cbdecd79a409b451c69430
CANON-00042,ACADEMIC_STUDY,UNCERTAIN,UNCERTAIN,AGREED_ADVANCE,ADVANCE_TO_FULL_TEXT_DUAL_SCREENING,NO_ADJUDICATION_REQUIRED,adb127e9fac328946d9cac5a2479f17f0ecab0b03b6d0dbcab7e6d0f398252a3,3252babc45529bffff1c4562e453cd03455838dae1cbdecd79a409b451c69430
CANON-00043,ACADEMIC_STUDY,EXCLUDE,EXCLUDE,AGREED_EXCLUDE,TITLE_ABSTRACT_EXCLUDE_AGREED,NO_ADJUDICATION_REQUIRED,adb127e9fac328946d9cac5a2479f17f0ecab0b03b6d0dbcab7e6d0f398252a3,3252babc45529bffff1c4562e453cd03455838dae1cbdecd79a409b451c69430
CANON-00044,ACADEMIC_STUDY,UNCERTAIN,UNCERTAIN,AGREED_ADVANCE,ADVANCE_TO_FULL_TEXT_DUAL_SCREENING,NO_ADJUDICATION_REQUIRED,adb127e9fac328946d9cac5a2479f17f0ecab0b03b6d0dbcab7e6d0f398252a3,3252babc45529bffff1c4562e453cd03455838dae1cbdecd79a409b451c69430
CANON-00045,ACADEMIC_STUDY,UNCERTAIN,UNCERTAIN,AGREED_ADVANCE,ADVANCE_TO_FULL_TEXT_DUAL_SCREENING,NO_ADJUDICATION_REQUIRED,adb127e9fac328946d9cac5a2479f17f0ecab0b03b6d0dbcab7e6d0f398252a3,3252babc45529bffff1c4562e453cd03455838dae1cbdecd79a409b451c69430
CANON-00046,ACADEMIC_STUDY,EXCLUDE,EXCLUDE,AGREED_EXCLUDE,TITLE_ABSTRACT_EXCLUDE_AGREED,NO_ADJUDICATION_REQUIRED,adb127e9fac328946d9cac5a2479f17f0ecab0b03b6d0dbcab7e6d0f398252a3,3252babc45529bffff1c4562e453cd03455838dae1cbdecd79a409b451c69430
CANON-00047,ACADEMIC_STUDY,EXCLUDE,EXCLUDE,AGREED_EXCLUDE,TITLE_ABSTRACT_EXCLUDE_AGREED,NO_ADJUDICATION_REQUIRED,adb127e9fac328946d9cac5a2479f17f0ecab0b03b6d0dbcab7e6d0f398252a3,3252babc45529bffff1c4562e453cd03455838dae1cbdecd79a409b451c69430
CANON-00048,ACADEMIC_STUDY,INCLUDE,INCLUDE,AGREED_ADVANCE,ADVANCE_TO_FULL_TEXT_DUAL_SCREENING,NO_ADJUDICATION_REQUIRED,adb127e9fac328946d9cac5a2479f17f0ecab0b03b6d0dbcab7e6d0f398252a3,3252babc45529bffff1c4562e453cd03455838dae1cbdecd79a409b451c69430
CANON-00049,ACADEMIC_STUDY,EXCLUDE,EXCLUDE,AGREED_EXCLUDE,TITLE_ABSTRACT_EXCLUDE_AGREED,NO_ADJUDICATION_REQUIRED,adb127e9fac328946d9cac5a2479f17f0ecab0b03b6d0dbcab7e6d0f398252a3,3252babc45529bffff1c4562e453cd03455838dae1cbdecd79a409b451c69430
CANON-00050,ACADEMIC_STUDY,EXCLUDE,EXCLUDE,AGREED_EXCLUDE,TITLE_ABSTRACT_EXCLUDE_AGREED,NO_ADJUDICATION_REQUIRED,adb127e9fac328946d9cac5a2479f17f0ecab0b03b6d0dbcab7e6d0f398252a3,3252babc45529bffff1c4562e453cd03455838dae1cbdecd79a409b451c69430
CANON-00051,ACADEMIC_STUDY,EXCLUDE,EXCLUDE,AGREED_EXCLUDE,TITLE_ABSTRACT_EXCLUDE_AGREED,NO_ADJUDICATION_REQUIRED,adb127e9fac328946d9cac5a2479f17f0ecab0b03b6d0dbcab7e6d0f398252a3,3252babc45529bffff1c4562e453cd03455838dae1cbdecd79a409b451c69430
CANON-00052,ACADEMIC_STUDY,UNCERTAIN,UNCERTAIN,AGREED_ADVANCE,ADVANCE_TO_FULL_TEXT_DUAL_SCREENING,NO_ADJUDICATION_REQUIRED,adb127e9fac328946d9cac5a2479f17f0ecab0b03b6d0dbcab7e6d0f398252a3,3252babc45529bffff1c4562e453cd03455838dae1cbdecd79a409b451c69430
CANON-00053,ACADEMIC_STUDY,EXCLUDE,EXCLUDE,AGREED_EXCLUDE,TITLE_ABSTRACT_EXCLUDE_AGREED,NO_ADJUDICATION_REQUIRED,adb127e9fac328946d9cac5a2479f17f0ecab0b03b6d0dbcab7e6d0f398252a3,3252babc45529bffff1c4562e453cd03455838dae1cbdecd79a409b451c69430
CANON-00054,ACADEMIC_STUDY,EXCLUDE,EXCLUDE,AGREED_EXCLUDE,TITLE_ABSTRACT_EXCLUDE_AGREED,NO_ADJUDICATION_REQUIRED,adb127e9fac328946d9cac5a2479f17f0ecab0b03b6d0dbcab7e6d0f398252a3,3252babc45529bffff1c4562e453cd03455838dae1cbdecd79a409b451c69430
CANON-00055,ACADEMIC_STUDY,EXCLUDE,EXCLUDE,AGREED_EXCLUDE,TITLE_ABSTRACT_EXCLUDE_AGREED,NO_ADJUDICATION_REQUIRED,adb127e9fac328946d9cac5a2479f17f0ecab0b03b6d0dbcab7e6d0f398252a3,3252babc45529bffff1c4562e453cd03455838dae1cbdecd79a409b451c69430
CANON-00056,ACADEMIC_STUDY,EXCLUDE,EXCLUDE,AGREED_EXCLUDE,TITLE_ABSTRACT_EXCLUDE_AGREED,NO_ADJUDICATION_REQUIRED,adb127e9fac328946d9cac5a2479f17f0ecab0b03b6d0dbcab7e6d0f398252a3,3252babc45529bffff1c4562e453cd03455838dae1cbdecd79a409b451c69430
CANON-00057,ACADEMIC_STUDY,UNCERTAIN,UNCERTAIN,AGREED_ADVANCE,ADVANCE_TO_FULL_TEXT_DUAL_SCREENING,NO_ADJUDICATION_REQUIRED,adb127e9fac328946d9cac5a2479f17f0ecab0b03b6d0dbcab7e6d0f398252a3,3252babc45529bffff1c4562e453cd03455838dae1cbdecd79a409b451c69430
CANON-00058,ACADEMIC_STUDY,EXCLUDE,EXCLUDE,AGREED_EXCLUDE,TITLE_ABSTRACT_EXCLUDE_AGREED,NO_ADJUDICATION_REQUIRED,adb127e9fac328946d9cac5a2479f17f0ecab0b03b6d0dbcab7e6d0f398252a3,3252babc45529bffff1c4562e453cd03455838dae1cbdecd79a409b451c69430
CANON-00059,ACADEMIC_STUDY,UNCERTAIN,UNCERTAIN,AGREED_ADVANCE,ADVANCE_TO_FULL_TEXT_DUAL_SCREENING,NO_ADJUDICATION_REQUIRED,adb127e9fac328946d9cac5a2479f17f0ecab0b03b6d0dbcab7e6d0f398252a3,3252babc45529bffff1c4562e453cd03455838dae1cbdecd79a409b451c69430
CANON-00060,ACADEMIC_STUDY,EXCLUDE,EXCLUDE,AGREED_EXCLUDE,TITLE_ABSTRACT_EXCLUDE_AGREED,NO_ADJUDICATION_REQUIRED,adb127e9fac328946d9cac5a2479f17f0ecab0b03b6d0dbcab7e6d0f398252a3,3252babc45529bffff1c4562e453cd03455838dae1cbdecd79a409b451c69430
CANON-00061,ACADEMIC_STUDY,UNCERTAIN,UNCERTAIN,AGREED_ADVANCE,ADVANCE_TO_FULL_TEXT_DUAL_SCREENING,NO_ADJUDICATION_REQUIRED,adb127e9fac328946d9cac5a2479f17f0ecab0b03b6d0dbcab7e6d0f398252a3,3252babc45529bffff1c4562e453cd03455838dae1cbdecd79a409b451c69430
CANON-00062,ACADEMIC_STUDY,EXCLUDE,EXCLUDE,AGREED_EXCLUDE,TITLE_ABSTRACT_EXCLUDE_AGREED,NO_ADJUDICATION_REQUIRED,adb127e9fac328946d9cac5a2479f17f0ecab0b03b6d0dbcab7e6d0f398252a3,3252babc45529bffff1c4562e453cd03455838dae1cbdecd79a409b451c69430
CANON-00063,ACADEMIC_STUDY,EXCLUDE,EXCLUDE,AGREED_EXCLUDE,TITLE_ABSTRACT_EXCLUDE_AGREED,NO_ADJUDICATION_REQUIRED,adb127e9fac328946d9cac5a2479f17f0ecab0b03b6d0dbcab7e6d0f398252a3,3252babc45529bffff1c4562e453cd03455838dae1cbdecd79a409b451c69430
CANON-00064,ACADEMIC_STUDY,UNCERTAIN,UNCERTAIN,AGREED_ADVANCE,ADVANCE_TO_FULL_TEXT_DUAL_SCREENING,NO_ADJUDICATION_REQUIRED,adb127e9fac328946d9cac5a2479f17f0ecab0b03b6d0dbcab7e6d0f398252a3,3252babc45529bffff1c4562e453cd03455838dae1cbdecd79a409b451c69430
CANON-00065,ACADEMIC_STUDY,EXCLUDE,EXCLUDE,AGREED_EXCLUDE,TITLE_ABSTRACT_EXCLUDE_AGREED,NO_ADJUDICATION_REQUIRED,adb127e9fac328946d9cac5a2479f17f0ecab0b03b6d0dbcab7e6d0f398252a3,3252babc45529bffff1c4562e453cd03455838dae1cbdecd79a409b451c69430
CANON-00066,ACADEMIC_STUDY,EXCLUDE,EXCLUDE,AGREED_EXCLUDE,TITLE_ABSTRACT_EXCLUDE_AGREED,NO_ADJUDICATION_REQUIRED,adb127e9fac328946d9cac5a2479f17f0ecab0b03b6d0dbcab7e6d0f398252a3,3252babc45529bffff1c4562e453cd03455838dae1cbdecd79a409b451c69430
CANON-00067,ACADEMIC_STUDY,INCLUDE,UNCERTAIN,DISAGREEMENT,PENDING_ADJUDICATION,PENDING_ADJUDICATION,adb127e9fac328946d9cac5a2479f17f0ecab0b03b6d0dbcab7e6d0f398252a3,3252babc45529bffff1c4562e453cd03455838dae1cbdecd79a409b451c69430
CANON-00068,ACADEMIC_STUDY,INCLUDE,INCLUDE,AGREED_ADVANCE,ADVANCE_TO_FULL_TEXT_DUAL_SCREENING,NO_ADJUDICATION_REQUIRED,adb127e9fac328946d9cac5a2479f17f0ecab0b03b6d0dbcab7e6d0f398252a3,3252babc45529bffff1c4562e453cd03455838dae1cbdecd79a409b451c69430
CANON-00069,ACADEMIC_STUDY,EXCLUDE,EXCLUDE,AGREED_EXCLUDE,TITLE_ABSTRACT_EXCLUDE_AGREED,NO_ADJUDICATION_REQUIRED,adb127e9fac328946d9cac5a2479f17f0ecab0b03b6d0dbcab7e6d0f398252a3,3252babc45529bffff1c4562e453cd03455838dae1cbdecd79a409b451c69430
CANON-00070,ACADEMIC_STUDY,EXCLUDE,EXCLUDE,AGREED_EXCLUDE,TITLE_ABSTRACT_EXCLUDE_AGREED,NO_ADJUDICATION_REQUIRED,adb127e9fac328946d9cac5a2479f17f0ecab0b03b6d0dbcab7e6d0f398252a3,3252babc45529bffff1c4562e453cd03455838dae1cbdecd79a409b451c69430
CANON-00071,ACADEMIC_STUDY,INCLUDE,UNCERTAIN,DISAGREEMENT,PENDING_ADJUDICATION,PENDING_ADJUDICATION,adb127e9fac328946d9cac5a2479f17f0ecab0b03b6d0dbcab7e6d0f398252a3,3252babc45529bffff1c4562e453cd03455838dae1cbdecd79a409b451c69430
CANON-00072,ACADEMIC_STUDY,UNCERTAIN,UNCERTAIN,AGREED_ADVANCE,ADVANCE_TO_FULL_TEXT_DUAL_SCREENING,NO_ADJUDICATION_REQUIRED,adb127e9fac328946d9cac5a2479f17f0ecab0b03b6d0dbcab7e6d0f398252a3,3252babc45529bffff1c4562e453cd03455838dae1cbdecd79a409b451c69430
CANON-00073,ACADEMIC_STUDY,EXCLUDE,EXCLUDE,AGREED_EXCLUDE,TITLE_ABSTRACT_EXCLUDE_AGREED,NO_ADJUDICATION_REQUIRED,adb127e9fac328946d9cac5a2479f17f0ecab0b03b6d0dbcab7e6d0f398252a3,3252babc45529bffff1c4562e453cd03455838dae1cbdecd79a409b451c69430
CANON-00074,ACADEMIC_STUDY,INCLUDE,UNCERTAIN,DISAGREEMENT,PENDING_ADJUDICATION,PENDING_ADJUDICATION,adb127e9fac328946d9cac5a2479f17f0ecab0b03b6d0dbcab7e6d0f398252a3,3252babc45529bffff1c4562e453cd03455838dae1cbdecd79a409b451c69430
CANON-00075,ACADEMIC_STUDY,EXCLUDE,EXCLUDE,AGREED_EXCLUDE,TITLE_ABSTRACT_EXCLUDE_AGREED,NO_ADJUDICATION_REQUIRED,adb127e9fac328946d9cac5a2479f17f0ecab0b03b6d0dbcab7e6d0f398252a3,3252babc45529bffff1c4562e453cd03455838dae1cbdecd79a409b451c69430
CANON-00076,ACADEMIC_STUDY,EXCLUDE,EXCLUDE,AGREED_EXCLUDE,TITLE_ABSTRACT_EXCLUDE_AGREED,NO_ADJUDICATION_REQUIRED,adb127e9fac328946d9cac5a2479f17f0ecab0b03b6d0dbcab7e6d0f398252a3,3252babc45529bffff1c4562e453cd03455838dae1cbdecd79a409b451c69430
CANON-00077,ACADEMIC_STUDY,INCLUDE,INCLUDE,AGREED_ADVANCE,ADVANCE_TO_FULL_TEXT_DUAL_SCREENING,NO_ADJUDICATION_REQUIRED,adb127e9fac328946d9cac5a2479f17f0ecab0b03b6d0dbcab7e6d0f398252a3,3252babc45529bffff1c4562e453cd03455838dae1cbdecd79a409b451c69430
CANON-00078,ACADEMIC_STUDY,EXCLUDE,EXCLUDE,AGREED_EXCLUDE,TITLE_ABSTRACT_EXCLUDE_AGREED,NO_ADJUDICATION_REQUIRED,adb127e9fac328946d9cac5a2479f17f0ecab0b03b6d0dbcab7e6d0f398252a3,3252babc45529bffff1c4562e453cd03455838dae1cbdecd79a409b451c69430
CANON-00079,ACADEMIC_STUDY,UNCERTAIN,UNCERTAIN,AGREED_ADVANCE,ADVANCE_TO_FULL_TEXT_DUAL_SCREENING,NO_ADJUDICATION_REQUIRED,adb127e9fac328946d9cac5a2479f17f0ecab0b03b6d0dbcab7e6d0f398252a3,3252babc45529bffff1c4562e453cd03455838dae1cbdecd79a409b451c69430
CANON-00080,ACADEMIC_STUDY,EXCLUDE,EXCLUDE,AGREED_EXCLUDE,TITLE_ABSTRACT_EXCLUDE_AGREED,NO_ADJUDICATION_REQUIRED,adb127e9fac328946d9cac5a2479f17f0ecab0b03b6d0dbcab7e6d0f398252a3,3252babc45529bffff1c4562e453cd03455838dae1cbdecd79a409b451c69430
CANON-00081,ACADEMIC_STUDY,EXCLUDE,UNCERTAIN,DISAGREEMENT,PENDING_ADJUDICATION,PENDING_ADJUDICATION,adb127e9fac328946d9cac5a2479f17f0ecab0b03b6d0dbcab7e6d0f398252a3,3252babc45529bffff1c4562e453cd03455838dae1cbdecd79a409b451c69430
CANON-00082,ACADEMIC_STUDY,EXCLUDE,EXCLUDE,AGREED_EXCLUDE,TITLE_ABSTRACT_EXCLUDE_AGREED,NO_ADJUDICATION_REQUIRED,adb127e9fac328946d9cac5a2479f17f0ecab0b03b6d0dbcab7e6d0f398252a3,3252babc45529bffff1c4562e453cd03455838dae1cbdecd79a409b451c69430
CANON-00083,ACADEMIC_STUDY,UNCERTAIN,UNCERTAIN,AGREED_ADVANCE,ADVANCE_TO_FULL_TEXT_DUAL_SCREENING,NO_ADJUDICATION_REQUIRED,adb127e9fac328946d9cac5a2479f17f0ecab0b03b6d0dbcab7e6d0f398252a3,3252babc45529bffff1c4562e453cd03455838dae1cbdecd79a409b451c69430
CANON-00084,ACADEMIC_STUDY,EXCLUDE,EXCLUDE,AGREED_EXCLUDE,TITLE_ABSTRACT_EXCLUDE_AGREED,NO_ADJUDICATION_REQUIRED,adb127e9fac328946d9cac5a2479f17f0ecab0b03b6d0dbcab7e6d0f398252a3,3252babc45529bffff1c4562e453cd03455838dae1cbdecd79a409b451c69430
CANON-00085,ACADEMIC_STUDY,INCLUDE,INCLUDE,AGREED_ADVANCE,ADVANCE_TO_FULL_TEXT_DUAL_SCREENING,NO_ADJUDICATION_REQUIRED,adb127e9fac328946d9cac5a2479f17f0ecab0b03b6d0dbcab7e6d0f398252a3,3252babc45529bffff1c4562e453cd03455838dae1cbdecd79a409b451c69430
CANON-00086,ACADEMIC_STUDY,INCLUDE,INCLUDE,AGREED_ADVANCE,ADVANCE_TO_FULL_TEXT_DUAL_SCREENING,NO_ADJUDICATION_REQUIRED,adb127e9fac328946d9cac5a2479f17f0ecab0b03b6d0dbcab7e6d0f398252a3,3252babc45529bffff1c4562e453cd03455838dae1cbdecd79a409b451c69430
CANON-00087,ACADEMIC_STUDY,EXCLUDE,EXCLUDE,AGREED_EXCLUDE,TITLE_ABSTRACT_EXCLUDE_AGREED,NO_ADJUDICATION_REQUIRED,adb127e9fac328946d9cac5a2479f17f0ecab0b03b6d0dbcab7e6d0f398252a3,3252babc45529bffff1c4562e453cd03455838dae1cbdecd79a409b451c69430
CANON-00088,ACADEMIC_STUDY,UNCERTAIN,UNCERTAIN,AGREED_ADVANCE,ADVANCE_TO_FULL_TEXT_DUAL_SCREENING,NO_ADJUDICATION_REQUIRED,adb127e9fac328946d9cac5a2479f17f0ecab0b03b6d0dbcab7e6d0f398252a3,3252babc45529bffff1c4562e453cd03455838dae1cbdecd79a409b451c69430
CANON-00089,ACADEMIC_STUDY,INCLUDE,UNCERTAIN,DISAGREEMENT,PENDING_ADJUDICATION,PENDING_ADJUDICATION,adb127e9fac328946d9cac5a2479f17f0ecab0b03b6d0dbcab7e6d0f398252a3,3252babc45529bffff1c4562e453cd03455838dae1cbdecd79a409b451c69430
CANON-00090,ACADEMIC_STUDY,EXCLUDE,EXCLUDE,AGREED_EXCLUDE,TITLE_ABSTRACT_EXCLUDE_AGREED,NO_ADJUDICATION_REQUIRED,adb127e9fac328946d9cac5a2479f17f0ecab0b03b6d0dbcab7e6d0f398252a3,3252babc45529bffff1c4562e453cd03455838dae1cbdecd79a409b451c69430
CANON-00091,ACADEMIC_STUDY,EXCLUDE,EXCLUDE,AGREED_EXCLUDE,TITLE_ABSTRACT_EXCLUDE_AGREED,NO_ADJUDICATION_REQUIRED,adb127e9fac328946d9cac5a2479f17f0ecab0b03b6d0dbcab7e6d0f398252a3,3252babc45529bffff1c4562e453cd03455838dae1cbdecd79a409b451c69430
CANON-00092,ACADEMIC_STUDY,EXCLUDE,UNCERTAIN,DISAGREEMENT,PENDING_ADJUDICATION,PENDING_ADJUDICATION,adb127e9fac328946d9cac5a2479f17f0ecab0b03b6d0dbcab7e6d0f398252a3,3252babc45529bffff1c4562e453cd03455838dae1cbdecd79a409b451c69430
CANON-00093,ACADEMIC_STUDY,INCLUDE,UNCERTAIN,DISAGREEMENT,PENDING_ADJUDICATION,PENDING_ADJUDICATION,adb127e9fac328946d9cac5a2479f17f0ecab0b03b6d0dbcab7e6d0f398252a3,3252babc45529bffff1c4562e453cd03455838dae1cbdecd79a409b451c69430
CANON-00094,ACADEMIC_STUDY,UNCERTAIN,UNCERTAIN,AGREED_ADVANCE,ADVANCE_TO_FULL_TEXT_DUAL_SCREENING,NO_ADJUDICATION_REQUIRED,adb127e9fac328946d9cac5a2479f17f0ecab0b03b6d0dbcab7e6d0f398252a3,3252babc45529bffff1c4562e453cd03455838dae1cbdecd79a409b451c69430
CANON-00095,ACADEMIC_STUDY,EXCLUDE,EXCLUDE,AGREED_EXCLUDE,TITLE_ABSTRACT_EXCLUDE_AGREED,NO_ADJUDICATION_REQUIRED,adb127e9fac328946d9cac5a2479f17f0ecab0b03b6d0dbcab7e6d0f398252a3,3252babc45529bffff1c4562e453cd03455838dae1cbdecd79a409b451c69430
CANON-00096,ACADEMIC_STUDY,UNCERTAIN,UNCERTAIN,AGREED_ADVANCE,ADVANCE_TO_FULL_TEXT_DUAL_SCREENING,NO_ADJUDICATION_REQUIRED,adb127e9fac328946d9cac5a2479f17f0ecab0b03b6d0dbcab7e6d0f398252a3,3252babc45529bffff1c4562e453cd03455838dae1cbdecd79a409b451c69430
CANON-00097,ACADEMIC_STUDY,EXCLUDE,EXCLUDE,AGREED_EXCLUDE,TITLE_ABSTRACT_EXCLUDE_AGREED,NO_ADJUDICATION_REQUIRED,adb127e9fac328946d9cac5a2479f17f0ecab0b03b6d0dbcab7e6d0f398252a3,3252babc45529bffff1c4562e453cd03455838dae1cbdecd79a409b451c69430
CANON-00098,ACADEMIC_STUDY,INCLUDE,UNCERTAIN,DISAGREEMENT,PENDING_ADJUDICATION,PENDING_ADJUDICATION,adb127e9fac328946d9cac5a2479f17f0ecab0b03b6d0dbcab7e6d0f398252a3,3252babc45529bffff1c4562e453cd03455838dae1cbdecd79a409b451c69430
CANON-00099,ACADEMIC_STUDY,EXCLUDE,EXCLUDE,AGREED_EXCLUDE,TITLE_ABSTRACT_EXCLUDE_AGREED,NO_ADJUDICATION_REQUIRED,adb127e9fac328946d9cac5a2479f17f0ecab0b03b6d0dbcab7e6d0f398252a3,3252babc45529bffff1c4562e453cd03455838dae1cbdecd79a409b451c69430
CANON-00100,ACADEMIC_STUDY,EXCLUDE,EXCLUDE,AGREED_EXCLUDE,TITLE_ABSTRACT_EXCLUDE_AGREED,NO_ADJUDICATION_REQUIRED,adb127e9fac328946d9cac5a2479f17f0ecab0b03b6d0dbcab7e6d0f398252a3,3252babc45529bffff1c4562e453cd03455838dae1cbdecd79a409b451c69430
CANON-00101,ACADEMIC_STUDY,INCLUDE,INCLUDE,AGREED_ADVANCE,ADVANCE_TO_FULL_TEXT_DUAL_SCREENING,NO_ADJUDICATION_REQUIRED,adb127e9fac328946d9cac5a2479f17f0ecab0b03b6d0dbcab7e6d0f398252a3,3252babc45529bffff1c4562e453cd03455838dae1cbdecd79a409b451c69430
CANON-00102,ACADEMIC_STUDY,EXCLUDE,EXCLUDE,AGREED_EXCLUDE,TITLE_ABSTRACT_EXCLUDE_AGREED,NO_ADJUDICATION_REQUIRED,adb127e9fac328946d9cac5a2479f17f0ecab0b03b6d0dbcab7e6d0f398252a3,3252babc45529bffff1c4562e453cd03455838dae1cbdecd79a409b451c69430
CANON-00103,ACADEMIC_STUDY,EXCLUDE,EXCLUDE,AGREED_EXCLUDE,TITLE_ABSTRACT_EXCLUDE_AGREED,NO_ADJUDICATION_REQUIRED,adb127e9fac328946d9cac5a2479f17f0ecab0b03b6d0dbcab7e6d0f398252a3,3252babc45529bffff1c4562e453cd03455838dae1cbdecd79a409b451c69430
CANON-00104,ACADEMIC_STUDY,EXCLUDE,EXCLUDE,AGREED_EXCLUDE,TITLE_ABSTRACT_EXCLUDE_AGREED,NO_ADJUDICATION_REQUIRED,adb127e9fac328946d9cac5a2479f17f0ecab0b03b6d0dbcab7e6d0f398252a3,3252babc45529bffff1c4562e453cd03455838dae1cbdecd79a409b451c69430
CANON-00105,ACADEMIC_STUDY,INCLUDE,INCLUDE,AGREED_ADVANCE,ADVANCE_TO_FULL_TEXT_DUAL_SCREENING,NO_ADJUDICATION_REQUIRED,adb127e9fac328946d9cac5a2479f17f0ecab0b03b6d0dbcab7e6d0f398252a3,3252babc45529bffff1c4562e453cd03455838dae1cbdecd79a409b451c69430
CANON-00106,ACADEMIC_STUDY,EXCLUDE,EXCLUDE,AGREED_EXCLUDE,TITLE_ABSTRACT_EXCLUDE_AGREED,NO_ADJUDICATION_REQUIRED,adb127e9fac328946d9cac5a2479f17f0ecab0b03b6d0dbcab7e6d0f398252a3,3252babc45529bffff1c4562e453cd03455838dae1cbdecd79a409b451c69430
CANON-00107,ACADEMIC_STUDY,EXCLUDE,EXCLUDE,AGREED_EXCLUDE,TITLE_ABSTRACT_EXCLUDE_AGREED,NO_ADJUDICATION_REQUIRED,adb127e9fac328946d9cac5a2479f17f0ecab0b03b6d0dbcab7e6d0f398252a3,3252babc45529bffff1c4562e453cd03455838dae1cbdecd79a409b451c69430
CANON-00108,ACADEMIC_STUDY,EXCLUDE,EXCLUDE,AGREED_EXCLUDE,TITLE_ABSTRACT_EXCLUDE_AGREED,NO_ADJUDICATION_REQUIRED,adb127e9fac328946d9cac5a2479f17f0ecab0b03b6d0dbcab7e6d0f398252a3,3252babc45529bffff1c4562e453cd03455838dae1cbdecd79a409b451c69430
CANON-00109,ACADEMIC_STUDY,EXCLUDE,EXCLUDE,AGREED_EXCLUDE,TITLE_ABSTRACT_EXCLUDE_AGREED,NO_ADJUDICATION_REQUIRED,adb127e9fac328946d9cac5a2479f17f0ecab0b03b6d0dbcab7e6d0f398252a3,3252babc45529bffff1c4562e453cd03455838dae1cbdecd79a409b451c69430
CANON-00110,ACADEMIC_STUDY,EXCLUDE,EXCLUDE,AGREED_EXCLUDE,TITLE_ABSTRACT_EXCLUDE_AGREED,NO_ADJUDICATION_REQUIRED,adb127e9fac328946d9cac5a2479f17f0ecab0b03b6d0dbcab7e6d0f398252a3,3252babc45529bffff1c4562e453cd03455838dae1cbdecd79a409b451c69430
CANON-00111,ACADEMIC_STUDY,EXCLUDE,EXCLUDE,AGREED_EXCLUDE,TITLE_ABSTRACT_EXCLUDE_AGREED,NO_ADJUDICATION_REQUIRED,adb127e9fac328946d9cac5a2479f17f0ecab0b03b6d0dbcab7e6d0f398252a3,3252babc45529bffff1c4562e453cd03455838dae1cbdecd79a409b451c69430
CANON-00112,ACADEMIC_STUDY,EXCLUDE,EXCLUDE,AGREED_EXCLUDE,TITLE_ABSTRACT_EXCLUDE_AGREED,NO_ADJUDICATION_REQUIRED,adb127e9fac328946d9cac5a2479f17f0ecab0b03b6d0dbcab7e6d0f398252a3,3252babc45529bffff1c4562e453cd03455838dae1cbdecd79a409b451c69430
CANON-00113,ACADEMIC_STUDY,UNCERTAIN,UNCERTAIN,AGREED_ADVANCE,ADVANCE_TO_FULL_TEXT_DUAL_SCREENING,NO_ADJUDICATION_REQUIRED,adb127e9fac328946d9cac5a2479f17f0ecab0b03b6d0dbcab7e6d0f398252a3,3252babc45529bffff1c4562e453cd03455838dae1cbdecd79a409b451c69430
CANON-00114,ACADEMIC_STUDY,UNCERTAIN,UNCERTAIN,AGREED_ADVANCE,ADVANCE_TO_FULL_TEXT_DUAL_SCREENING,NO_ADJUDICATION_REQUIRED,adb127e9fac328946d9cac5a2479f17f0ecab0b03b6d0dbcab7e6d0f398252a3,3252babc45529bffff1c4562e453cd03455838dae1cbdecd79a409b451c69430
CANON-00115,ACADEMIC_STUDY,EXCLUDE,EXCLUDE,AGREED_EXCLUDE,TITLE_ABSTRACT_EXCLUDE_AGREED,NO_ADJUDICATION_REQUIRED,adb127e9fac328946d9cac5a2479f17f0ecab0b03b6d0dbcab7e6d0f398252a3,3252babc45529bffff1c4562e453cd03455838dae1cbdecd79a409b451c69430
CANON-00116,ACADEMIC_STUDY,EXCLUDE,EXCLUDE,AGREED_EXCLUDE,TITLE_ABSTRACT_EXCLUDE_AGREED,NO_ADJUDICATION_REQUIRED,adb127e9fac328946d9cac5a2479f17f0ecab0b03b6d0dbcab7e6d0f398252a3,3252babc45529bffff1c4562e453cd03455838dae1cbdecd79a409b451c69430
CANON-00117,ACADEMIC_STUDY,EXCLUDE,EXCLUDE,AGREED_EXCLUDE,TITLE_ABSTRACT_EXCLUDE_AGREED,NO_ADJUDICATION_REQUIRED,adb127e9fac328946d9cac5a2479f17f0ecab0b03b6d0dbcab7e6d0f398252a3,3252babc45529bffff1c4562e453cd03455838dae1cbdecd79a409b451c69430
CANON-00118,ACADEMIC_STUDY,UNCERTAIN,UNCERTAIN,AGREED_ADVANCE,ADVANCE_TO_FULL_TEXT_DUAL_SCREENING,NO_ADJUDICATION_REQUIRED,adb127e9fac328946d9cac5a2479f17f0ecab0b03b6d0dbcab7e6d0f398252a3,3252babc45529bffff1c4562e453cd03455838dae1cbdecd79a409b451c69430
CANON-00119,ACADEMIC_STUDY,EXCLUDE,EXCLUDE,AGREED_EXCLUDE,TITLE_ABSTRACT_EXCLUDE_AGREED,NO_ADJUDICATION_REQUIRED,adb127e9fac328946d9cac5a2479f17f0ecab0b03b6d0dbcab7e6d0f398252a3,3252babc45529bffff1c4562e453cd03455838dae1cbdecd79a409b451c69430
CANON-00120,ACADEMIC_STUDY,EXCLUDE,EXCLUDE,AGREED_EXCLUDE,TITLE_ABSTRACT_EXCLUDE_AGREED,NO_ADJUDICATION_REQUIRED,adb127e9fac328946d9cac5a2479f17f0ecab0b03b6d0dbcab7e6d0f398252a3,3252babc45529bffff1c4562e453cd03455838dae1cbdecd79a409b451c69430
CANON-00121,ACADEMIC_STUDY,EXCLUDE,EXCLUDE,AGREED_EXCLUDE,TITLE_ABSTRACT_EXCLUDE_AGREED,NO_ADJUDICATION_REQUIRED,adb127e9fac328946d9cac5a2479f17f0ecab0b03b6d0dbcab7e6d0f398252a3,3252babc45529bffff1c4562e453cd03455838dae1cbdecd79a409b451c69430
CANON-00122,ACADEMIC_STUDY,INCLUDE,UNCERTAIN,DISAGREEMENT,PENDING_ADJUDICATION,PENDING_ADJUDICATION,adb127e9fac328946d9cac5a2479f17f0ecab0b03b6d0dbcab7e6d0f398252a3,3252babc45529bffff1c4562e453cd03455838dae1cbdecd79a409b451c69430
CANON-00123,ACADEMIC_STUDY,UNCERTAIN,UNCERTAIN,AGREED_ADVANCE,ADVANCE_TO_FULL_TEXT_DUAL_SCREENING,NO_ADJUDICATION_REQUIRED,adb127e9fac328946d9cac5a2479f17f0ecab0b03b6d0dbcab7e6d0f398252a3,3252babc45529bffff1c4562e453cd03455838dae1cbdecd79a409b451c69430
CANON-00124,ACADEMIC_STUDY,INCLUDE,INCLUDE,AGREED_ADVANCE,ADVANCE_TO_FULL_TEXT_DUAL_SCREENING,NO_ADJUDICATION_REQUIRED,adb127e9fac328946d9cac5a2479f17f0ecab0b03b6d0dbcab7e6d0f398252a3,3252babc45529bffff1c4562e453cd03455838dae1cbdecd79a409b451c69430
CANON-00125,ACADEMIC_STUDY,INCLUDE,UNCERTAIN,DISAGREEMENT,PENDING_ADJUDICATION,PENDING_ADJUDICATION,adb127e9fac328946d9cac5a2479f17f0ecab0b03b6d0dbcab7e6d0f398252a3,3252babc45529bffff1c4562e453cd03455838dae1cbdecd79a409b451c69430
CANON-00126,ACADEMIC_STUDY,EXCLUDE,EXCLUDE,AGREED_EXCLUDE,TITLE_ABSTRACT_EXCLUDE_AGREED,NO_ADJUDICATION_REQUIRED,adb127e9fac328946d9cac5a2479f17f0ecab0b03b6d0dbcab7e6d0f398252a3,3252babc45529bffff1c4562e453cd03455838dae1cbdecd79a409b451c69430
CANON-00127,ACADEMIC_STUDY,EXCLUDE,EXCLUDE,AGREED_EXCLUDE,TITLE_ABSTRACT_EXCLUDE_AGREED,NO_ADJUDICATION_REQUIRED,adb127e9fac328946d9cac5a2479f17f0ecab0b03b6d0dbcab7e6d0f398252a3,3252babc45529bffff1c4562e453cd03455838dae1cbdecd79a409b451c69430
CANON-00128,ACADEMIC_STUDY,EXCLUDE,EXCLUDE,AGREED_EXCLUDE,TITLE_ABSTRACT_EXCLUDE_AGREED,NO_ADJUDICATION_REQUIRED,adb127e9fac328946d9cac5a2479f17f0ecab0b03b6d0dbcab7e6d0f398252a3,3252babc45529bffff1c4562e453cd03455838dae1cbdecd79a409b451c69430
CANON-00129,ACADEMIC_STUDY,EXCLUDE,EXCLUDE,AGREED_EXCLUDE,TITLE_ABSTRACT_EXCLUDE_AGREED,NO_ADJUDICATION_REQUIRED,adb127e9fac328946d9cac5a2479f17f0ecab0b03b6d0dbcab7e6d0f398252a3,3252babc45529bffff1c4562e453cd03455838dae1cbdecd79a409b451c69430
CANON-00130,ACADEMIC_STUDY,EXCLUDE,EXCLUDE,AGREED_EXCLUDE,TITLE_ABSTRACT_EXCLUDE_AGREED,NO_ADJUDICATION_REQUIRED,adb127e9fac328946d9cac5a2479f17f0ecab0b03b6d0dbcab7e6d0f398252a3,3252babc45529bffff1c4562e453cd03455838dae1cbdecd79a409b451c69430
CANON-00131,ACADEMIC_STUDY,EXCLUDE,EXCLUDE,AGREED_EXCLUDE,TITLE_ABSTRACT_EXCLUDE_AGREED,NO_ADJUDICATION_REQUIRED,adb127e9fac328946d9cac5a2479f17f0ecab0b03b6d0dbcab7e6d0f398252a3,3252babc45529bffff1c4562e453cd03455838dae1cbdecd79a409b451c69430
CANON-00132,ACADEMIC_STUDY,EXCLUDE,EXCLUDE,AGREED_EXCLUDE,TITLE_ABSTRACT_EXCLUDE_AGREED,NO_ADJUDICATION_REQUIRED,adb127e9fac328946d9cac5a2479f17f0ecab0b03b6d0dbcab7e6d0f398252a3,3252babc45529bffff1c4562e453cd03455838dae1cbdecd79a409b451c69430
CANON-00133,ACADEMIC_STUDY,EXCLUDE,EXCLUDE,AGREED_EXCLUDE,TITLE_ABSTRACT_EXCLUDE_AGREED,NO_ADJUDICATION_REQUIRED,adb127e9fac328946d9cac5a2479f17f0ecab0b03b6d0dbcab7e6d0f398252a3,3252babc45529bffff1c4562e453cd03455838dae1cbdecd79a409b451c69430
CANON-00134,ACADEMIC_STUDY,UNCERTAIN,UNCERTAIN,AGREED_ADVANCE,ADVANCE_TO_FULL_TEXT_DUAL_SCREENING,NO_ADJUDICATION_REQUIRED,adb127e9fac328946d9cac5a2479f17f0ecab0b03b6d0dbcab7e6d0f398252a3,3252babc45529bffff1c4562e453cd03455838dae1cbdecd79a409b451c69430
CANON-00135,ACADEMIC_STUDY,EXCLUDE,EXCLUDE,AGREED_EXCLUDE,TITLE_ABSTRACT_EXCLUDE_AGREED,NO_ADJUDICATION_REQUIRED,adb127e9fac328946d9cac5a2479f17f0ecab0b03b6d0dbcab7e6d0f398252a3,3252babc45529bffff1c4562e453cd03455838dae1cbdecd79a409b451c69430
CANON-00136,ACADEMIC_STUDY,EXCLUDE,EXCLUDE,AGREED_EXCLUDE,TITLE_ABSTRACT_EXCLUDE_AGREED,NO_ADJUDICATION_REQUIRED,adb127e9fac328946d9cac5a2479f17f0ecab0b03b6d0dbcab7e6d0f398252a3,3252babc45529bffff1c4562e453cd03455838dae1cbdecd79a409b451c69430
CANON-00137,ACADEMIC_STUDY,EXCLUDE,EXCLUDE,AGREED_EXCLUDE,TITLE_ABSTRACT_EXCLUDE_AGREED,NO_ADJUDICATION_REQUIRED,adb127e9fac328946d9cac5a2479f17f0ecab0b03b6d0dbcab7e6d0f398252a3,3252babc45529bffff1c4562e453cd03455838dae1cbdecd79a409b451c69430
CANON-00138,ACADEMIC_STUDY,EXCLUDE,EXCLUDE,AGREED_EXCLUDE,TITLE_ABSTRACT_EXCLUDE_AGREED,NO_ADJUDICATION_REQUIRED,adb127e9fac328946d9cac5a2479f17f0ecab0b03b6d0dbcab7e6d0f398252a3,3252babc45529bffff1c4562e453cd03455838dae1cbdecd79a409b451c69430
CANON-00139,ACADEMIC_STUDY,INCLUDE,UNCERTAIN,DISAGREEMENT,PENDING_ADJUDICATION,PENDING_ADJUDICATION,adb127e9fac328946d9cac5a2479f17f0ecab0b03b6d0dbcab7e6d0f398252a3,3252babc45529bffff1c4562e453cd03455838dae1cbdecd79a409b451c69430
CANON-00140,ACADEMIC_STUDY,EXCLUDE,EXCLUDE,AGREED_EXCLUDE,TITLE_ABSTRACT_EXCLUDE_AGREED,NO_ADJUDICATION_REQUIRED,adb127e9fac328946d9cac5a2479f17f0ecab0b03b6d0dbcab7e6d0f398252a3,3252babc45529bffff1c4562e453cd03455838dae1cbdecd79a409b451c69430
CANON-00141,ACADEMIC_STUDY,EXCLUDE,EXCLUDE,AGREED_EXCLUDE,TITLE_ABSTRACT_EXCLUDE_AGREED,NO_ADJUDICATION_REQUIRED,adb127e9fac328946d9cac5a2479f17f0ecab0b03b6d0dbcab7e6d0f398252a3,3252babc45529bffff1c4562e453cd03455838dae1cbdecd79a409b451c69430
CANON-00142,ACADEMIC_STUDY,EXCLUDE,EXCLUDE,AGREED_EXCLUDE,TITLE_ABSTRACT_EXCLUDE_AGREED,NO_ADJUDICATION_REQUIRED,adb127e9fac328946d9cac5a2479f17f0ecab0b03b6d0dbcab7e6d0f398252a3,3252babc45529bffff1c4562e453cd03455838dae1cbdecd79a409b451c69430
CANON-00143,ACADEMIC_STUDY,EXCLUDE,EXCLUDE,AGREED_EXCLUDE,TITLE_ABSTRACT_EXCLUDE_AGREED,NO_ADJUDICATION_REQUIRED,adb127e9fac328946d9cac5a2479f17f0ecab0b03b6d0dbcab7e6d0f398252a3,3252babc45529bffff1c4562e453cd03455838dae1cbdecd79a409b451c69430
CANON-00144,ACADEMIC_STUDY,EXCLUDE,EXCLUDE,AGREED_EXCLUDE,TITLE_ABSTRACT_EXCLUDE_AGREED,NO_ADJUDICATION_REQUIRED,adb127e9fac328946d9cac5a2479f17f0ecab0b03b6d0dbcab7e6d0f398252a3,3252babc45529bffff1c4562e453cd03455838dae1cbdecd79a409b451c69430
CANON-00145,ACADEMIC_STUDY,INCLUDE,UNCERTAIN,DISAGREEMENT,PENDING_ADJUDICATION,PENDING_ADJUDICATION,adb127e9fac328946d9cac5a2479f17f0ecab0b03b6d0dbcab7e6d0f398252a3,3252babc45529bffff1c4562e453cd03455838dae1cbdecd79a409b451c69430
CANON-00146,ACADEMIC_STUDY,UNCERTAIN,UNCERTAIN,AGREED_ADVANCE,ADVANCE_TO_FULL_TEXT_DUAL_SCREENING,NO_ADJUDICATION_REQUIRED,adb127e9fac328946d9cac5a2479f17f0ecab0b03b6d0dbcab7e6d0f398252a3,3252babc45529bffff1c4562e453cd03455838dae1cbdecd79a409b451c69430
CANON-00147,ACADEMIC_STUDY,EXCLUDE,EXCLUDE,AGREED_EXCLUDE,TITLE_ABSTRACT_EXCLUDE_AGREED,NO_ADJUDICATION_REQUIRED,adb127e9fac328946d9cac5a2479f17f0ecab0b03b6d0dbcab7e6d0f398252a3,3252babc45529bffff1c4562e453cd03455838dae1cbdecd79a409b451c69430
CANON-00148,ACADEMIC_STUDY,UNCERTAIN,UNCERTAIN,AGREED_ADVANCE,ADVANCE_TO_FULL_TEXT_DUAL_SCREENING,NO_ADJUDICATION_REQUIRED,adb127e9fac328946d9cac5a2479f17f0ecab0b03b6d0dbcab7e6d0f398252a3,3252babc45529bffff1c4562e453cd03455838dae1cbdecd79a409b451c69430
CANON-00149,ACADEMIC_STUDY,INCLUDE,UNCERTAIN,DISAGREEMENT,PENDING_ADJUDICATION,PENDING_ADJUDICATION,adb127e9fac328946d9cac5a2479f17f0ecab0b03b6d0dbcab7e6d0f398252a3,3252babc45529bffff1c4562e453cd03455838dae1cbdecd79a409b451c69430
CANON-00150,ACADEMIC_STUDY,UNCERTAIN,UNCERTAIN,AGREED_ADVANCE,ADVANCE_TO_FULL_TEXT_DUAL_SCREENING,NO_ADJUDICATION_REQUIRED,adb127e9fac328946d9cac5a2479f17f0ecab0b03b6d0dbcab7e6d0f398252a3,3252babc45529bffff1c4562e453cd03455838dae1cbdecd79a409b451c69430
CANON-00151,ACADEMIC_STUDY,INCLUDE,UNCERTAIN,DISAGREEMENT,PENDING_ADJUDICATION,PENDING_ADJUDICATION,adb127e9fac328946d9cac5a2479f17f0ecab0b03b6d0dbcab7e6d0f398252a3,3252babc45529bffff1c4562e453cd03455838dae1cbdecd79a409b451c69430
CANON-00152,ACADEMIC_STUDY,INCLUDE,INCLUDE,AGREED_ADVANCE,ADVANCE_TO_FULL_TEXT_DUAL_SCREENING,NO_ADJUDICATION_REQUIRED,adb127e9fac328946d9cac5a2479f17f0ecab0b03b6d0dbcab7e6d0f398252a3,3252babc45529bffff1c4562e453cd03455838dae1cbdecd79a409b451c69430
CANON-00153,ACADEMIC_STUDY,EXCLUDE,EXCLUDE,AGREED_EXCLUDE,TITLE_ABSTRACT_EXCLUDE_AGREED,NO_ADJUDICATION_REQUIRED,adb127e9fac328946d9cac5a2479f17f0ecab0b03b6d0dbcab7e6d0f398252a3,3252babc45529bffff1c4562e453cd03455838dae1cbdecd79a409b451c69430
CANON-00154,ACADEMIC_STUDY,EXCLUDE,EXCLUDE,AGREED_EXCLUDE,TITLE_ABSTRACT_EXCLUDE_AGREED,NO_ADJUDICATION_REQUIRED,adb127e9fac328946d9cac5a2479f17f0ecab0b03b6d0dbcab7e6d0f398252a3,3252babc45529bffff1c4562e453cd03455838dae1cbdecd79a409b451c69430
CANON-00155,ACADEMIC_STUDY,EXCLUDE,EXCLUDE,AGREED_EXCLUDE,TITLE_ABSTRACT_EXCLUDE_AGREED,NO_ADJUDICATION_REQUIRED,adb127e9fac328946d9cac5a2479f17f0ecab0b03b6d0dbcab7e6d0f398252a3,3252babc45529bffff1c4562e453cd03455838dae1cbdecd79a409b451c69430
CANON-00156,ACADEMIC_STUDY,EXCLUDE,EXCLUDE,AGREED_EXCLUDE,TITLE_ABSTRACT_EXCLUDE_AGREED,NO_ADJUDICATION_REQUIRED,adb127e9fac328946d9cac5a2479f17f0ecab0b03b6d0dbcab7e6d0f398252a3,3252babc45529bffff1c4562e453cd03455838dae1cbdecd79a409b451c69430
CANON-00157,ACADEMIC_STUDY,UNCERTAIN,UNCERTAIN,AGREED_ADVANCE,ADVANCE_TO_FULL_TEXT_DUAL_SCREENING,NO_ADJUDICATION_REQUIRED,adb127e9fac328946d9cac5a2479f17f0ecab0b03b6d0dbcab7e6d0f398252a3,3252babc45529bffff1c4562e453cd03455838dae1cbdecd79a409b451c69430
CANON-00158,ACADEMIC_STUDY,EXCLUDE,EXCLUDE,AGREED_EXCLUDE,TITLE_ABSTRACT_EXCLUDE_AGREED,NO_ADJUDICATION_REQUIRED,adb127e9fac328946d9cac5a2479f17f0ecab0b03b6d0dbcab7e6d0f398252a3,3252babc45529bffff1c4562e453cd03455838dae1cbdecd79a409b451c69430
CANON-00159,ACADEMIC_STUDY,EXCLUDE,EXCLUDE,AGREED_EXCLUDE,TITLE_ABSTRACT_EXCLUDE_AGREED,NO_ADJUDICATION_REQUIRED,adb127e9fac328946d9cac5a2479f17f0ecab0b03b6d0dbcab7e6d0f398252a3,3252babc45529bffff1c4562e453cd03455838dae1cbdecd79a409b451c69430
CANON-00160,ACADEMIC_STUDY,EXCLUDE,EXCLUDE,AGREED_EXCLUDE,TITLE_ABSTRACT_EXCLUDE_AGREED,NO_ADJUDICATION_REQUIRED,adb127e9fac328946d9cac5a2479f17f0ecab0b03b6d0dbcab7e6d0f398252a3,3252babc45529bffff1c4562e453cd03455838dae1cbdecd79a409b451c69430
CANON-00161,ACADEMIC_STUDY,EXCLUDE,EXCLUDE,AGREED_EXCLUDE,TITLE_ABSTRACT_EXCLUDE_AGREED,NO_ADJUDICATION_REQUIRED,adb127e9fac328946d9cac5a2479f17f0ecab0b03b6d0dbcab7e6d0f398252a3,3252babc45529bffff1c4562e453cd03455838dae1cbdecd79a409b451c69430
CANON-00162,ACADEMIC_STUDY,EXCLUDE,EXCLUDE,AGREED_EXCLUDE,TITLE_ABSTRACT_EXCLUDE_AGREED,NO_ADJUDICATION_REQUIRED,adb127e9fac328946d9cac5a2479f17f0ecab0b03b6d0dbcab7e6d0f398252a3,3252babc45529bffff1c4562e453cd03455838dae1cbdecd79a409b451c69430
CANON-00163,ACADEMIC_STUDY,EXCLUDE,EXCLUDE,AGREED_EXCLUDE,TITLE_ABSTRACT_EXCLUDE_AGREED,NO_ADJUDICATION_REQUIRED,adb127e9fac328946d9cac5a2479f17f0ecab0b03b6d0dbcab7e6d0f398252a3,3252babc45529bffff1c4562e453cd03455838dae1cbdecd79a409b451c69430
CANON-00164,ACADEMIC_STUDY,EXCLUDE,EXCLUDE,AGREED_EXCLUDE,TITLE_ABSTRACT_EXCLUDE_AGREED,NO_ADJUDICATION_REQUIRED,adb127e9fac328946d9cac5a2479f17f0ecab0b03b6d0dbcab7e6d0f398252a3,3252babc45529bffff1c4562e453cd03455838dae1cbdecd79a409b451c69430
CANON-00165,ACADEMIC_STUDY,EXCLUDE,EXCLUDE,AGREED_EXCLUDE,TITLE_ABSTRACT_EXCLUDE_AGREED,NO_ADJUDICATION_REQUIRED,adb127e9fac328946d9cac5a2479f17f0ecab0b03b6d0dbcab7e6d0f398252a3,3252babc45529bffff1c4562e453cd03455838dae1cbdecd79a409b451c69430
CANON-00166,ACADEMIC_STUDY,UNCERTAIN,UNCERTAIN,AGREED_ADVANCE,ADVANCE_TO_FULL_TEXT_DUAL_SCREENING,NO_ADJUDICATION_REQUIRED,adb127e9fac328946d9cac5a2479f17f0ecab0b03b6d0dbcab7e6d0f398252a3,3252babc45529bffff1c4562e453cd03455838dae1cbdecd79a409b451c69430
CANON-00167,ACADEMIC_STUDY,EXCLUDE,EXCLUDE,AGREED_EXCLUDE,TITLE_ABSTRACT_EXCLUDE_AGREED,NO_ADJUDICATION_REQUIRED,adb127e9fac328946d9cac5a2479f17f0ecab0b03b6d0dbcab7e6d0f398252a3,3252babc45529bffff1c4562e453cd03455838dae1cbdecd79a409b451c69430
CANON-00168,ACADEMIC_STUDY,EXCLUDE,EXCLUDE,AGREED_EXCLUDE,TITLE_ABSTRACT_EXCLUDE_AGREED,NO_ADJUDICATION_REQUIRED,adb127e9fac328946d9cac5a2479f17f0ecab0b03b6d0dbcab7e6d0f398252a3,3252babc45529bffff1c4562e453cd03455838dae1cbdecd79a409b451c69430
CANON-00169,ACADEMIC_STUDY,INCLUDE,UNCERTAIN,DISAGREEMENT,PENDING_ADJUDICATION,PENDING_ADJUDICATION,adb127e9fac328946d9cac5a2479f17f0ecab0b03b6d0dbcab7e6d0f398252a3,3252babc45529bffff1c4562e453cd03455838dae1cbdecd79a409b451c69430
CANON-00170,ACADEMIC_STUDY,EXCLUDE,EXCLUDE,AGREED_EXCLUDE,TITLE_ABSTRACT_EXCLUDE_AGREED,NO_ADJUDICATION_REQUIRED,adb127e9fac328946d9cac5a2479f17f0ecab0b03b6d0dbcab7e6d0f398252a3,3252babc45529bffff1c4562e453cd03455838dae1cbdecd79a409b451c69430
CANON-00171,ACADEMIC_STUDY,INCLUDE,UNCERTAIN,DISAGREEMENT,PENDING_ADJUDICATION,PENDING_ADJUDICATION,adb127e9fac328946d9cac5a2479f17f0ecab0b03b6d0dbcab7e6d0f398252a3,3252babc45529bffff1c4562e453cd03455838dae1cbdecd79a409b451c69430
CANON-00172,ACADEMIC_STUDY,EXCLUDE,EXCLUDE,AGREED_EXCLUDE,TITLE_ABSTRACT_EXCLUDE_AGREED,NO_ADJUDICATION_REQUIRED,adb127e9fac328946d9cac5a2479f17f0ecab0b03b6d0dbcab7e6d0f398252a3,3252babc45529bffff1c4562e453cd03455838dae1cbdecd79a409b451c69430
CANON-00173,ACADEMIC_STUDY,EXCLUDE,EXCLUDE,AGREED_EXCLUDE,TITLE_ABSTRACT_EXCLUDE_AGREED,NO_ADJUDICATION_REQUIRED,adb127e9fac328946d9cac5a2479f17f0ecab0b03b6d0dbcab7e6d0f398252a3,3252babc45529bffff1c4562e453cd03455838dae1cbdecd79a409b451c69430
CANON-00174,ACADEMIC_STUDY,EXCLUDE,EXCLUDE,AGREED_EXCLUDE,TITLE_ABSTRACT_EXCLUDE_AGREED,NO_ADJUDICATION_REQUIRED,adb127e9fac328946d9cac5a2479f17f0ecab0b03b6d0dbcab7e6d0f398252a3,3252babc45529bffff1c4562e453cd03455838dae1cbdecd79a409b451c69430
CANON-00175,ACADEMIC_STUDY,EXCLUDE,EXCLUDE,AGREED_EXCLUDE,TITLE_ABSTRACT_EXCLUDE_AGREED,NO_ADJUDICATION_REQUIRED,adb127e9fac328946d9cac5a2479f17f0ecab0b03b6d0dbcab7e6d0f398252a3,3252babc45529bffff1c4562e453cd03455838dae1cbdecd79a409b451c69430
CANON-00176,ACADEMIC_STUDY,INCLUDE,UNCERTAIN,DISAGREEMENT,PENDING_ADJUDICATION,PENDING_ADJUDICATION,adb127e9fac328946d9cac5a2479f17f0ecab0b03b6d0dbcab7e6d0f398252a3,3252babc45529bffff1c4562e453cd03455838dae1cbdecd79a409b451c69430
CANON-00177,ACADEMIC_STUDY,EXCLUDE,EXCLUDE,AGREED_EXCLUDE,TITLE_ABSTRACT_EXCLUDE_AGREED,NO_ADJUDICATION_REQUIRED,adb127e9fac328946d9cac5a2479f17f0ecab0b03b6d0dbcab7e6d0f398252a3,3252babc45529bffff1c4562e453cd03455838dae1cbdecd79a409b451c69430
CANON-00178,ACADEMIC_STUDY,EXCLUDE,EXCLUDE,AGREED_EXCLUDE,TITLE_ABSTRACT_EXCLUDE_AGREED,NO_ADJUDICATION_REQUIRED,adb127e9fac328946d9cac5a2479f17f0ecab0b03b6d0dbcab7e6d0f398252a3,3252babc45529bffff1c4562e453cd03455838dae1cbdecd79a409b451c69430
CANON-00179,ACADEMIC_STUDY,EXCLUDE,EXCLUDE,AGREED_EXCLUDE,TITLE_ABSTRACT_EXCLUDE_AGREED,NO_ADJUDICATION_REQUIRED,adb127e9fac328946d9cac5a2479f17f0ecab0b03b6d0dbcab7e6d0f398252a3,3252babc45529bffff1c4562e453cd03455838dae1cbdecd79a409b451c69430
CANON-00180,ACADEMIC_STUDY,UNCERTAIN,UNCERTAIN,AGREED_ADVANCE,ADVANCE_TO_FULL_TEXT_DUAL_SCREENING,NO_ADJUDICATION_REQUIRED,adb127e9fac328946d9cac5a2479f17f0ecab0b03b6d0dbcab7e6d0f398252a3,3252babc45529bffff1c4562e453cd03455838dae1cbdecd79a409b451c69430
CANON-00181,ACADEMIC_STUDY,INCLUDE,UNCERTAIN,DISAGREEMENT,PENDING_ADJUDICATION,PENDING_ADJUDICATION,adb127e9fac328946d9cac5a2479f17f0ecab0b03b6d0dbcab7e6d0f398252a3,3252babc45529bffff1c4562e453cd03455838dae1cbdecd79a409b451c69430
CANON-00182,ACADEMIC_STUDY,UNCERTAIN,UNCERTAIN,AGREED_ADVANCE,ADVANCE_TO_FULL_TEXT_DUAL_SCREENING,NO_ADJUDICATION_REQUIRED,adb127e9fac328946d9cac5a2479f17f0ecab0b03b6d0dbcab7e6d0f398252a3,3252babc45529bffff1c4562e453cd03455838dae1cbdecd79a409b451c69430
CANON-00183,ACADEMIC_STUDY,INCLUDE,UNCERTAIN,DISAGREEMENT,PENDING_ADJUDICATION,PENDING_ADJUDICATION,adb127e9fac328946d9cac5a2479f17f0ecab0b03b6d0dbcab7e6d0f398252a3,3252babc45529bffff1c4562e453cd03455838dae1cbdecd79a409b451c69430
CANON-00184,ACADEMIC_STUDY,INCLUDE,UNCERTAIN,DISAGREEMENT,PENDING_ADJUDICATION,PENDING_ADJUDICATION,adb127e9fac328946d9cac5a2479f17f0ecab0b03b6d0dbcab7e6d0f398252a3,3252babc45529bffff1c4562e453cd03455838dae1cbdecd79a409b451c69430
CANON-00185,ACADEMIC_STUDY,INCLUDE,UNCERTAIN,DISAGREEMENT,PENDING_ADJUDICATION,PENDING_ADJUDICATION,adb127e9fac328946d9cac5a2479f17f0ecab0b03b6d0dbcab7e6d0f398252a3,3252babc45529bffff1c4562e453cd03455838dae1cbdecd79a409b451c69430
CANON-00186,ACADEMIC_STUDY,EXCLUDE,EXCLUDE,AGREED_EXCLUDE,TITLE_ABSTRACT_EXCLUDE_AGREED,NO_ADJUDICATION_REQUIRED,adb127e9fac328946d9cac5a2479f17f0ecab0b03b6d0dbcab7e6d0f398252a3,3252babc45529bffff1c4562e453cd03455838dae1cbdecd79a409b451c69430
CANON-00187,ACADEMIC_STUDY,EXCLUDE,UNCERTAIN,DISAGREEMENT,PENDING_ADJUDICATION,PENDING_ADJUDICATION,adb127e9fac328946d9cac5a2479f17f0ecab0b03b6d0dbcab7e6d0f398252a3,3252babc45529bffff1c4562e453cd03455838dae1cbdecd79a409b451c69430
CANON-00188,ACADEMIC_STUDY,INCLUDE,INCLUDE,AGREED_ADVANCE,ADVANCE_TO_FULL_TEXT_DUAL_SCREENING,NO_ADJUDICATION_REQUIRED,adb127e9fac328946d9cac5a2479f17f0ecab0b03b6d0dbcab7e6d0f398252a3,3252babc45529bffff1c4562e453cd03455838dae1cbdecd79a409b451c69430
CANON-00189,ACADEMIC_STUDY,EXCLUDE,EXCLUDE,AGREED_EXCLUDE,TITLE_ABSTRACT_EXCLUDE_AGREED,NO_ADJUDICATION_REQUIRED,adb127e9fac328946d9cac5a2479f17f0ecab0b03b6d0dbcab7e6d0f398252a3,3252babc45529bffff1c4562e453cd03455838dae1cbdecd79a409b451c69430
CANON-00190,ACADEMIC_STUDY,EXCLUDE,EXCLUDE,AGREED_EXCLUDE,TITLE_ABSTRACT_EXCLUDE_AGREED,NO_ADJUDICATION_REQUIRED,adb127e9fac328946d9cac5a2479f17f0ecab0b03b6d0dbcab7e6d0f398252a3,3252babc45529bffff1c4562e453cd03455838dae1cbdecd79a409b451c69430
CANON-00191,ACADEMIC_STUDY,INCLUDE,UNCERTAIN,DISAGREEMENT,PENDING_ADJUDICATION,PENDING_ADJUDICATION,adb127e9fac328946d9cac5a2479f17f0ecab0b03b6d0dbcab7e6d0f398252a3,3252babc45529bffff1c4562e453cd03455838dae1cbdecd79a409b451c69430
CANON-00192,ACADEMIC_STUDY,EXCLUDE,UNCERTAIN,DISAGREEMENT,PENDING_ADJUDICATION,PENDING_ADJUDICATION,adb127e9fac328946d9cac5a2479f17f0ecab0b03b6d0dbcab7e6d0f398252a3,3252babc45529bffff1c4562e453cd03455838dae1cbdecd79a409b451c69430
CANON-00193,ACADEMIC_STUDY,EXCLUDE,UNCERTAIN,DISAGREEMENT,PENDING_ADJUDICATION,PENDING_ADJUDICATION,adb127e9fac328946d9cac5a2479f17f0ecab0b03b6d0dbcab7e6d0f398252a3,3252babc45529bffff1c4562e453cd03455838dae1cbdecd79a409b451c69430
CANON-00194,ACADEMIC_STUDY,EXCLUDE,EXCLUDE,AGREED_EXCLUDE,TITLE_ABSTRACT_EXCLUDE_AGREED,NO_ADJUDICATION_REQUIRED,adb127e9fac328946d9cac5a2479f17f0ecab0b03b6d0dbcab7e6d0f398252a3,3252babc45529bffff1c4562e453cd03455838dae1cbdecd79a409b451c69430
CANON-00195,ACADEMIC_STUDY,EXCLUDE,EXCLUDE,AGREED_EXCLUDE,TITLE_ABSTRACT_EXCLUDE_AGREED,NO_ADJUDICATION_REQUIRED,adb127e9fac328946d9cac5a2479f17f0ecab0b03b6d0dbcab7e6d0f398252a3,3252babc45529bffff1c4562e453cd03455838dae1cbdecd79a409b451c69430
CANON-00196,ACADEMIC_STUDY,INCLUDE,INCLUDE,AGREED_ADVANCE,ADVANCE_TO_FULL_TEXT_DUAL_SCREENING,NO_ADJUDICATION_REQUIRED,adb127e9fac328946d9cac5a2479f17f0ecab0b03b6d0dbcab7e6d0f398252a3,3252babc45529bffff1c4562e453cd03455838dae1cbdecd79a409b451c69430
CANON-00197,ACADEMIC_STUDY,EXCLUDE,EXCLUDE,AGREED_EXCLUDE,TITLE_ABSTRACT_EXCLUDE_AGREED,NO_ADJUDICATION_REQUIRED,adb127e9fac328946d9cac5a2479f17f0ecab0b03b6d0dbcab7e6d0f398252a3,3252babc45529bffff1c4562e453cd03455838dae1cbdecd79a409b451c69430
CANON-00198,ACADEMIC_STUDY,INCLUDE,UNCERTAIN,DISAGREEMENT,PENDING_ADJUDICATION,PENDING_ADJUDICATION,adb127e9fac328946d9cac5a2479f17f0ecab0b03b6d0dbcab7e6d0f398252a3,3252babc45529bffff1c4562e453cd03455838dae1cbdecd79a409b451c69430
CANON-00199,ACADEMIC_STUDY,EXCLUDE,EXCLUDE,AGREED_EXCLUDE,TITLE_ABSTRACT_EXCLUDE_AGREED,NO_ADJUDICATION_REQUIRED,adb127e9fac328946d9cac5a2479f17f0ecab0b03b6d0dbcab7e6d0f398252a3,3252babc45529bffff1c4562e453cd03455838dae1cbdecd79a409b451c69430
CANON-00200,ACADEMIC_STUDY,EXCLUDE,EXCLUDE,AGREED_EXCLUDE,TITLE_ABSTRACT_EXCLUDE_AGREED,NO_ADJUDICATION_REQUIRED,adb127e9fac328946d9cac5a2479f17f0ecab0b03b6d0dbcab7e6d0f398252a3,3252babc45529bffff1c4562e453cd03455838dae1cbdecd79a409b451c69430
CANON-00201,ACADEMIC_STUDY,EXCLUDE,EXCLUDE,AGREED_EXCLUDE,TITLE_ABSTRACT_EXCLUDE_AGREED,NO_ADJUDICATION_REQUIRED,adb127e9fac328946d9cac5a2479f17f0ecab0b03b6d0dbcab7e6d0f398252a3,3252babc45529bffff1c4562e453cd03455838dae1cbdecd79a409b451c69430
CANON-00202,ACADEMIC_STUDY,EXCLUDE,EXCLUDE,AGREED_EXCLUDE,TITLE_ABSTRACT_EXCLUDE_AGREED,NO_ADJUDICATION_REQUIRED,adb127e9fac328946d9cac5a2479f17f0ecab0b03b6d0dbcab7e6d0f398252a3,3252babc45529bffff1c4562e453cd03455838dae1cbdecd79a409b451c69430
CANON-00203,ACADEMIC_STUDY,EXCLUDE,EXCLUDE,AGREED_EXCLUDE,TITLE_ABSTRACT_EXCLUDE_AGREED,NO_ADJUDICATION_REQUIRED,adb127e9fac328946d9cac5a2479f17f0ecab0b03b6d0dbcab7e6d0f398252a3,3252babc45529bffff1c4562e453cd03455838dae1cbdecd79a409b451c69430
CANON-00204,ACADEMIC_STUDY,EXCLUDE,EXCLUDE,AGREED_EXCLUDE,TITLE_ABSTRACT_EXCLUDE_AGREED,NO_ADJUDICATION_REQUIRED,adb127e9fac328946d9cac5a2479f17f0ecab0b03b6d0dbcab7e6d0f398252a3,3252babc45529bffff1c4562e453cd03455838dae1cbdecd79a409b451c69430
CANON-00205,ACADEMIC_STUDY,EXCLUDE,UNCERTAIN,DISAGREEMENT,PENDING_ADJUDICATION,PENDING_ADJUDICATION,adb127e9fac328946d9cac5a2479f17f0ecab0b03b6d0dbcab7e6d0f398252a3,3252babc45529bffff1c4562e453cd03455838dae1cbdecd79a409b451c69430
CANON-00206,ACADEMIC_STUDY,EXCLUDE,EXCLUDE,AGREED_EXCLUDE,TITLE_ABSTRACT_EXCLUDE_AGREED,NO_ADJUDICATION_REQUIRED,adb127e9fac328946d9cac5a2479f17f0ecab0b03b6d0dbcab7e6d0f398252a3,3252babc45529bffff1c4562e453cd03455838dae1cbdecd79a409b451c69430
CANON-00207,ACADEMIC_STUDY,UNCERTAIN,UNCERTAIN,AGREED_ADVANCE,ADVANCE_TO_FULL_TEXT_DUAL_SCREENING,NO_ADJUDICATION_REQUIRED,adb127e9fac328946d9cac5a2479f17f0ecab0b03b6d0dbcab7e6d0f398252a3,3252babc45529bffff1c4562e453cd03455838dae1cbdecd79a409b451c69430
CANON-00208,ACADEMIC_STUDY,EXCLUDE,EXCLUDE,AGREED_EXCLUDE,TITLE_ABSTRACT_EXCLUDE_AGREED,NO_ADJUDICATION_REQUIRED,adb127e9fac328946d9cac5a2479f17f0ecab0b03b6d0dbcab7e6d0f398252a3,3252babc45529bffff1c4562e453cd03455838dae1cbdecd79a409b451c69430
CANON-00209,ACADEMIC_STUDY,INCLUDE,UNCERTAIN,DISAGREEMENT,PENDING_ADJUDICATION,PENDING_ADJUDICATION,adb127e9fac328946d9cac5a2479f17f0ecab0b03b6d0dbcab7e6d0f398252a3,3252babc45529bffff1c4562e453cd03455838dae1cbdecd79a409b451c69430
CANON-00210,ACADEMIC_STUDY,INCLUDE,UNCERTAIN,DISAGREEMENT,PENDING_ADJUDICATION,PENDING_ADJUDICATION,adb127e9fac328946d9cac5a2479f17f0ecab0b03b6d0dbcab7e6d0f398252a3,3252babc45529bffff1c4562e453cd03455838dae1cbdecd79a409b451c69430
CANON-00211,ACADEMIC_STUDY,EXCLUDE,EXCLUDE,AGREED_EXCLUDE,TITLE_ABSTRACT_EXCLUDE_AGREED,NO_ADJUDICATION_REQUIRED,adb127e9fac328946d9cac5a2479f17f0ecab0b03b6d0dbcab7e6d0f398252a3,3252babc45529bffff1c4562e453cd03455838dae1cbdecd79a409b451c69430
CANON-00212,ACADEMIC_STUDY,EXCLUDE,EXCLUDE,AGREED_EXCLUDE,TITLE_ABSTRACT_EXCLUDE_AGREED,NO_ADJUDICATION_REQUIRED,adb127e9fac328946d9cac5a2479f17f0ecab0b03b6d0dbcab7e6d0f398252a3,3252babc45529bffff1c4562e453cd03455838dae1cbdecd79a409b451c69430
CANON-00213,ACADEMIC_STUDY,EXCLUDE,EXCLUDE,AGREED_EXCLUDE,TITLE_ABSTRACT_EXCLUDE_AGREED,NO_ADJUDICATION_REQUIRED,adb127e9fac328946d9cac5a2479f17f0ecab0b03b6d0dbcab7e6d0f398252a3,3252babc45529bffff1c4562e453cd03455838dae1cbdecd79a409b451c69430
CANON-00214,ACADEMIC_STUDY,EXCLUDE,EXCLUDE,AGREED_EXCLUDE,TITLE_ABSTRACT_EXCLUDE_AGREED,NO_ADJUDICATION_REQUIRED,adb127e9fac328946d9cac5a2479f17f0ecab0b03b6d0dbcab7e6d0f398252a3,3252babc45529bffff1c4562e453cd03455838dae1cbdecd79a409b451c69430
CANON-00215,ACADEMIC_STUDY,EXCLUDE,EXCLUDE,AGREED_EXCLUDE,TITLE_ABSTRACT_EXCLUDE_AGREED,NO_ADJUDICATION_REQUIRED,adb127e9fac328946d9cac5a2479f17f0ecab0b03b6d0dbcab7e6d0f398252a3,3252babc45529bffff1c4562e453cd03455838dae1cbdecd79a409b451c69430
CANON-00216,ACADEMIC_STUDY,UNCERTAIN,UNCERTAIN,AGREED_ADVANCE,ADVANCE_TO_FULL_TEXT_DUAL_SCREENING,NO_ADJUDICATION_REQUIRED,adb127e9fac328946d9cac5a2479f17f0ecab0b03b6d0dbcab7e6d0f398252a3,3252babc45529bffff1c4562e453cd03455838dae1cbdecd79a409b451c69430
CANON-00217,ACADEMIC_STUDY,INCLUDE,INCLUDE,AGREED_ADVANCE,ADVANCE_TO_FULL_TEXT_DUAL_SCREENING,NO_ADJUDICATION_REQUIRED,adb127e9fac328946d9cac5a2479f17f0ecab0b03b6d0dbcab7e6d0f398252a3,3252babc45529bffff1c4562e453cd03455838dae1cbdecd79a409b451c69430
CANON-00218,ACADEMIC_STUDY,EXCLUDE,EXCLUDE,AGREED_EXCLUDE,TITLE_ABSTRACT_EXCLUDE_AGREED,NO_ADJUDICATION_REQUIRED,adb127e9fac328946d9cac5a2479f17f0ecab0b03b6d0dbcab7e6d0f398252a3,3252babc45529bffff1c4562e453cd03455838dae1cbdecd79a409b451c69430
CANON-00219,ACADEMIC_STUDY,INCLUDE,UNCERTAIN,DISAGREEMENT,PENDING_ADJUDICATION,PENDING_ADJUDICATION,adb127e9fac328946d9cac5a2479f17f0ecab0b03b6d0dbcab7e6d0f398252a3,3252babc45529bffff1c4562e453cd03455838dae1cbdecd79a409b451c69430
CANON-00220,ACADEMIC_STUDY,EXCLUDE,EXCLUDE,AGREED_EXCLUDE,TITLE_ABSTRACT_EXCLUDE_AGREED,NO_ADJUDICATION_REQUIRED,adb127e9fac328946d9cac5a2479f17f0ecab0b03b6d0dbcab7e6d0f398252a3,3252babc45529bffff1c4562e453cd03455838dae1cbdecd79a409b451c69430
CANON-00221,ACADEMIC_STUDY,EXCLUDE,UNCERTAIN,DISAGREEMENT,PENDING_ADJUDICATION,PENDING_ADJUDICATION,adb127e9fac328946d9cac5a2479f17f0ecab0b03b6d0dbcab7e6d0f398252a3,3252babc45529bffff1c4562e453cd03455838dae1cbdecd79a409b451c69430
CANON-00222,ACADEMIC_STUDY,UNCERTAIN,UNCERTAIN,AGREED_ADVANCE,ADVANCE_TO_FULL_TEXT_DUAL_SCREENING,NO_ADJUDICATION_REQUIRED,adb127e9fac328946d9cac5a2479f17f0ecab0b03b6d0dbcab7e6d0f398252a3,3252babc45529bffff1c4562e453cd03455838dae1cbdecd79a409b451c69430
CANON-00223,ACADEMIC_STUDY,EXCLUDE,EXCLUDE,AGREED_EXCLUDE,TITLE_ABSTRACT_EXCLUDE_AGREED,NO_ADJUDICATION_REQUIRED,adb127e9fac328946d9cac5a2479f17f0ecab0b03b6d0dbcab7e6d0f398252a3,3252babc45529bffff1c4562e453cd03455838dae1cbdecd79a409b451c69430
CANON-00224,ACADEMIC_STUDY,EXCLUDE,EXCLUDE,AGREED_EXCLUDE,TITLE_ABSTRACT_EXCLUDE_AGREED,NO_ADJUDICATION_REQUIRED,adb127e9fac328946d9cac5a2479f17f0ecab0b03b6d0dbcab7e6d0f398252a3,3252babc45529bffff1c4562e453cd03455838dae1cbdecd79a409b451c69430
CANON-00225,ACADEMIC_STUDY,EXCLUDE,EXCLUDE,AGREED_EXCLUDE,TITLE_ABSTRACT_EXCLUDE_AGREED,NO_ADJUDICATION_REQUIRED,adb127e9fac328946d9cac5a2479f17f0ecab0b03b6d0dbcab7e6d0f398252a3,3252babc45529bffff1c4562e453cd03455838dae1cbdecd79a409b451c69430
CANON-00226,ACADEMIC_STUDY,UNCERTAIN,UNCERTAIN,AGREED_ADVANCE,ADVANCE_TO_FULL_TEXT_DUAL_SCREENING,NO_ADJUDICATION_REQUIRED,adb127e9fac328946d9cac5a2479f17f0ecab0b03b6d0dbcab7e6d0f398252a3,3252babc45529bffff1c4562e453cd03455838dae1cbdecd79a409b451c69430
CANON-00227,ACADEMIC_STUDY,EXCLUDE,EXCLUDE,AGREED_EXCLUDE,TITLE_ABSTRACT_EXCLUDE_AGREED,NO_ADJUDICATION_REQUIRED,adb127e9fac328946d9cac5a2479f17f0ecab0b03b6d0dbcab7e6d0f398252a3,3252babc45529bffff1c4562e453cd03455838dae1cbdecd79a409b451c69430
CANON-00228,ACADEMIC_STUDY,EXCLUDE,UNCERTAIN,DISAGREEMENT,PENDING_ADJUDICATION,PENDING_ADJUDICATION,adb127e9fac328946d9cac5a2479f17f0ecab0b03b6d0dbcab7e6d0f398252a3,3252babc45529bffff1c4562e453cd03455838dae1cbdecd79a409b451c69430
CANON-00229,ACADEMIC_STUDY,EXCLUDE,EXCLUDE,AGREED_EXCLUDE,TITLE_ABSTRACT_EXCLUDE_AGREED,NO_ADJUDICATION_REQUIRED,adb127e9fac328946d9cac5a2479f17f0ecab0b03b6d0dbcab7e6d0f398252a3,3252babc45529bffff1c4562e453cd03455838dae1cbdecd79a409b451c69430
CANON-00230,ACADEMIC_STUDY,INCLUDE,INCLUDE,AGREED_ADVANCE,ADVANCE_TO_FULL_TEXT_DUAL_SCREENING,NO_ADJUDICATION_REQUIRED,adb127e9fac328946d9cac5a2479f17f0ecab0b03b6d0dbcab7e6d0f398252a3,3252babc45529bffff1c4562e453cd03455838dae1cbdecd79a409b451c69430
CANON-00231,ACADEMIC_STUDY,EXCLUDE,UNCERTAIN,DISAGREEMENT,PENDING_ADJUDICATION,PENDING_ADJUDICATION,adb127e9fac328946d9cac5a2479f17f0ecab0b03b6d0dbcab7e6d0f398252a3,3252babc45529bffff1c4562e453cd03455838dae1cbdecd79a409b451c69430
CANON-00232,ACADEMIC_STUDY,INCLUDE,UNCERTAIN,DISAGREEMENT,PENDING_ADJUDICATION,PENDING_ADJUDICATION,adb127e9fac328946d9cac5a2479f17f0ecab0b03b6d0dbcab7e6d0f398252a3,3252babc45529bffff1c4562e453cd03455838dae1cbdecd79a409b451c69430
CANON-00233,ACADEMIC_STUDY,EXCLUDE,EXCLUDE,AGREED_EXCLUDE,TITLE_ABSTRACT_EXCLUDE_AGREED,NO_ADJUDICATION_REQUIRED,adb127e9fac328946d9cac5a2479f17f0ecab0b03b6d0dbcab7e6d0f398252a3,3252babc45529bffff1c4562e453cd03455838dae1cbdecd79a409b451c69430
CANON-00234,ACADEMIC_STUDY,UNCERTAIN,UNCERTAIN,AGREED_ADVANCE,ADVANCE_TO_FULL_TEXT_DUAL_SCREENING,NO_ADJUDICATION_REQUIRED,adb127e9fac328946d9cac5a2479f17f0ecab0b03b6d0dbcab7e6d0f398252a3,3252babc45529bffff1c4562e453cd03455838dae1cbdecd79a409b451c69430
CANON-00235,ACADEMIC_STUDY,INCLUDE,INCLUDE,AGREED_ADVANCE,ADVANCE_TO_FULL_TEXT_DUAL_SCREENING,NO_ADJUDICATION_REQUIRED,adb127e9fac328946d9cac5a2479f17f0ecab0b03b6d0dbcab7e6d0f398252a3,3252babc45529bffff1c4562e453cd03455838dae1cbdecd79a409b451c69430
CANON-00236,ACADEMIC_STUDY,INCLUDE,UNCERTAIN,DISAGREEMENT,PENDING_ADJUDICATION,PENDING_ADJUDICATION,adb127e9fac328946d9cac5a2479f17f0ecab0b03b6d0dbcab7e6d0f398252a3,3252babc45529bffff1c4562e453cd03455838dae1cbdecd79a409b451c69430
CANON-00237,ACADEMIC_STUDY,INCLUDE,UNCERTAIN,DISAGREEMENT,PENDING_ADJUDICATION,PENDING_ADJUDICATION,adb127e9fac328946d9cac5a2479f17f0ecab0b03b6d0dbcab7e6d0f398252a3,3252babc45529bffff1c4562e453cd03455838dae1cbdecd79a409b451c69430
CANON-00238,ACADEMIC_STUDY,INCLUDE,UNCERTAIN,DISAGREEMENT,PENDING_ADJUDICATION,PENDING_ADJUDICATION,adb127e9fac328946d9cac5a2479f17f0ecab0b03b6d0dbcab7e6d0f398252a3,3252babc45529bffff1c4562e453cd03455838dae1cbdecd79a409b451c69430
CANON-00239,ACADEMIC_STUDY,INCLUDE,UNCERTAIN,DISAGREEMENT,PENDING_ADJUDICATION,PENDING_ADJUDICATION,adb127e9fac328946d9cac5a2479f17f0ecab0b03b6d0dbcab7e6d0f398252a3,3252babc45529bffff1c4562e453cd03455838dae1cbdecd79a409b451c69430
CANON-00240,ACADEMIC_STUDY,INCLUDE,INCLUDE,AGREED_ADVANCE,ADVANCE_TO_FULL_TEXT_DUAL_SCREENING,NO_ADJUDICATION_REQUIRED,adb127e9fac328946d9cac5a2479f17f0ecab0b03b6d0dbcab7e6d0f398252a3,3252babc45529bffff1c4562e453cd03455838dae1cbdecd79a409b451c69430
CANON-00241,ACADEMIC_STUDY,EXCLUDE,UNCERTAIN,DISAGREEMENT,PENDING_ADJUDICATION,PENDING_ADJUDICATION,adb127e9fac328946d9cac5a2479f17f0ecab0b03b6d0dbcab7e6d0f398252a3,3252babc45529bffff1c4562e453cd03455838dae1cbdecd79a409b451c69430
CANON-00242,ACADEMIC_STUDY,INCLUDE,UNCERTAIN,DISAGREEMENT,PENDING_ADJUDICATION,PENDING_ADJUDICATION,adb127e9fac328946d9cac5a2479f17f0ecab0b03b6d0dbcab7e6d0f398252a3,3252babc45529bffff1c4562e453cd03455838dae1cbdecd79a409b451c69430
CANON-00243,ACADEMIC_STUDY,INCLUDE,INCLUDE,AGREED_ADVANCE,ADVANCE_TO_FULL_TEXT_DUAL_SCREENING,NO_ADJUDICATION_REQUIRED,adb127e9fac328946d9cac5a2479f17f0ecab0b03b6d0dbcab7e6d0f398252a3,3252babc45529bffff1c4562e453cd03455838dae1cbdecd79a409b451c69430
CANON-00244,ACADEMIC_STUDY,INCLUDE,INCLUDE,AGREED_ADVANCE,ADVANCE_TO_FULL_TEXT_DUAL_SCREENING,NO_ADJUDICATION_REQUIRED,adb127e9fac328946d9cac5a2479f17f0ecab0b03b6d0dbcab7e6d0f398252a3,3252babc45529bffff1c4562e453cd03455838dae1cbdecd79a409b451c69430
CANON-00245,ACADEMIC_STUDY,INCLUDE,UNCERTAIN,DISAGREEMENT,PENDING_ADJUDICATION,PENDING_ADJUDICATION,adb127e9fac328946d9cac5a2479f17f0ecab0b03b6d0dbcab7e6d0f398252a3,3252babc45529bffff1c4562e453cd03455838dae1cbdecd79a409b451c69430
CANON-00246,ACADEMIC_STUDY,EXCLUDE,EXCLUDE,AGREED_EXCLUDE,TITLE_ABSTRACT_EXCLUDE_AGREED,NO_ADJUDICATION_REQUIRED,adb127e9fac328946d9cac5a2479f17f0ecab0b03b6d0dbcab7e6d0f398252a3,3252babc45529bffff1c4562e453cd03455838dae1cbdecd79a409b451c69430
CANON-00247,ACADEMIC_STUDY,INCLUDE,UNCERTAIN,DISAGREEMENT,PENDING_ADJUDICATION,PENDING_ADJUDICATION,adb127e9fac328946d9cac5a2479f17f0ecab0b03b6d0dbcab7e6d0f398252a3,3252babc45529bffff1c4562e453cd03455838dae1cbdecd79a409b451c69430
CANON-00248,ACADEMIC_STUDY,INCLUDE,UNCERTAIN,DISAGREEMENT,PENDING_ADJUDICATION,PENDING_ADJUDICATION,adb127e9fac328946d9cac5a2479f17f0ecab0b03b6d0dbcab7e6d0f398252a3,3252babc45529bffff1c4562e453cd03455838dae1cbdecd79a409b451c69430
CANON-00249,ACADEMIC_STUDY,INCLUDE,UNCERTAIN,DISAGREEMENT,PENDING_ADJUDICATION,PENDING_ADJUDICATION,adb127e9fac328946d9cac5a2479f17f0ecab0b03b6d0dbcab7e6d0f398252a3,3252babc45529bffff1c4562e453cd03455838dae1cbdecd79a409b451c69430
CANON-00250,ACADEMIC_STUDY,INCLUDE,INCLUDE,AGREED_ADVANCE,ADVANCE_TO_FULL_TEXT_DUAL_SCREENING,NO_ADJUDICATION_REQUIRED,adb127e9fac328946d9cac5a2479f17f0ecab0b03b6d0dbcab7e6d0f398252a3,3252babc45529bffff1c4562e453cd03455838dae1cbdecd79a409b451c69430
CANON-00251,ACADEMIC_STUDY,UNCERTAIN,UNCERTAIN,AGREED_ADVANCE,ADVANCE_TO_FULL_TEXT_DUAL_SCREENING,NO_ADJUDICATION_REQUIRED,adb127e9fac328946d9cac5a2479f17f0ecab0b03b6d0dbcab7e6d0f398252a3,3252babc45529bffff1c4562e453cd03455838dae1cbdecd79a409b451c69430
CANON-00252,ACADEMIC_STUDY,UNCERTAIN,UNCERTAIN,AGREED_ADVANCE,ADVANCE_TO_FULL_TEXT_DUAL_SCREENING,NO_ADJUDICATION_REQUIRED,adb127e9fac328946d9cac5a2479f17f0ecab0b03b6d0dbcab7e6d0f398252a3,3252babc45529bffff1c4562e453cd03455838dae1cbdecd79a409b451c69430
CANON-00253,ACADEMIC_STUDY,EXCLUDE,EXCLUDE,AGREED_EXCLUDE,TITLE_ABSTRACT_EXCLUDE_AGREED,NO_ADJUDICATION_REQUIRED,adb127e9fac328946d9cac5a2479f17f0ecab0b03b6d0dbcab7e6d0f398252a3,3252babc45529bffff1c4562e453cd03455838dae1cbdecd79a409b451c69430
CANON-00254,ACADEMIC_STUDY,INCLUDE,UNCERTAIN,DISAGREEMENT,PENDING_ADJUDICATION,PENDING_ADJUDICATION,adb127e9fac328946d9cac5a2479f17f0ecab0b03b6d0dbcab7e6d0f398252a3,3252babc45529bffff1c4562e453cd03455838dae1cbdecd79a409b451c69430
CANON-00255,ACADEMIC_STUDY,INCLUDE,UNCERTAIN,DISAGREEMENT,PENDING_ADJUDICATION,PENDING_ADJUDICATION,adb127e9fac328946d9cac5a2479f17f0ecab0b03b6d0dbcab7e6d0f398252a3,3252babc45529bffff1c4562e453cd03455838dae1cbdecd79a409b451c69430
CANON-00256,ACADEMIC_STUDY,EXCLUDE,EXCLUDE,AGREED_EXCLUDE,TITLE_ABSTRACT_EXCLUDE_AGREED,NO_ADJUDICATION_REQUIRED,adb127e9fac328946d9cac5a2479f17f0ecab0b03b6d0dbcab7e6d0f398252a3,3252babc45529bffff1c4562e453cd03455838dae1cbdecd79a409b451c69430
CANON-00257,ACADEMIC_STUDY,UNCERTAIN,UNCERTAIN,AGREED_ADVANCE,ADVANCE_TO_FULL_TEXT_DUAL_SCREENING,NO_ADJUDICATION_REQUIRED,adb127e9fac328946d9cac5a2479f17f0ecab0b03b6d0dbcab7e6d0f398252a3,3252babc45529bffff1c4562e453cd03455838dae1cbdecd79a409b451c69430
CANON-00258,ACADEMIC_STUDY,INCLUDE,INCLUDE,AGREED_ADVANCE,ADVANCE_TO_FULL_TEXT_DUAL_SCREENING,NO_ADJUDICATION_REQUIRED,adb127e9fac328946d9cac5a2479f17f0ecab0b03b6d0dbcab7e6d0f398252a3,3252babc45529bffff1c4562e453cd03455838dae1cbdecd79a409b451c69430
CANON-00259,ACADEMIC_STUDY,UNCERTAIN,UNCERTAIN,AGREED_ADVANCE,ADVANCE_TO_FULL_TEXT_DUAL_SCREENING,NO_ADJUDICATION_REQUIRED,adb127e9fac328946d9cac5a2479f17f0ecab0b03b6d0dbcab7e6d0f398252a3,3252babc45529bffff1c4562e453cd03455838dae1cbdecd79a409b451c69430
CANON-00260,ACADEMIC_STUDY,INCLUDE,UNCERTAIN,DISAGREEMENT,PENDING_ADJUDICATION,PENDING_ADJUDICATION,adb127e9fac328946d9cac5a2479f17f0ecab0b03b6d0dbcab7e6d0f398252a3,3252babc45529bffff1c4562e453cd03455838dae1cbdecd79a409b451c69430
CANON-00261,ACADEMIC_STUDY,EXCLUDE,EXCLUDE,AGREED_EXCLUDE,TITLE_ABSTRACT_EXCLUDE_AGREED,NO_ADJUDICATION_REQUIRED,adb127e9fac328946d9cac5a2479f17f0ecab0b03b6d0dbcab7e6d0f398252a3,3252babc45529bffff1c4562e453cd03455838dae1cbdecd79a409b451c69430
CANON-00262,ACADEMIC_STUDY,INCLUDE,UNCERTAIN,DISAGREEMENT,PENDING_ADJUDICATION,PENDING_ADJUDICATION,adb127e9fac328946d9cac5a2479f17f0ecab0b03b6d0dbcab7e6d0f398252a3,3252babc45529bffff1c4562e453cd03455838dae1cbdecd79a409b451c69430
CANON-00263,ACADEMIC_STUDY,EXCLUDE,EXCLUDE,AGREED_EXCLUDE,TITLE_ABSTRACT_EXCLUDE_AGREED,NO_ADJUDICATION_REQUIRED,adb127e9fac328946d9cac5a2479f17f0ecab0b03b6d0dbcab7e6d0f398252a3,3252babc45529bffff1c4562e453cd03455838dae1cbdecd79a409b451c69430
CANON-00264,ACADEMIC_STUDY,EXCLUDE,EXCLUDE,AGREED_EXCLUDE,TITLE_ABSTRACT_EXCLUDE_AGREED,NO_ADJUDICATION_REQUIRED,adb127e9fac328946d9cac5a2479f17f0ecab0b03b6d0dbcab7e6d0f398252a3,3252babc45529bffff1c4562e453cd03455838dae1cbdecd79a409b451c69430
CANON-00265,ACADEMIC_STUDY,EXCLUDE,EXCLUDE,AGREED_EXCLUDE,TITLE_ABSTRACT_EXCLUDE_AGREED,NO_ADJUDICATION_REQUIRED,adb127e9fac328946d9cac5a2479f17f0ecab0b03b6d0dbcab7e6d0f398252a3,3252babc45529bffff1c4562e453cd03455838dae1cbdecd79a409b451c69430
CANON-00266,ACADEMIC_STUDY,INCLUDE,UNCERTAIN,DISAGREEMENT,PENDING_ADJUDICATION,PENDING_ADJUDICATION,adb127e9fac328946d9cac5a2479f17f0ecab0b03b6d0dbcab7e6d0f398252a3,3252babc45529bffff1c4562e453cd03455838dae1cbdecd79a409b451c69430
CANON-00267,ACADEMIC_STUDY,INCLUDE,UNCERTAIN,DISAGREEMENT,PENDING_ADJUDICATION,PENDING_ADJUDICATION,adb127e9fac328946d9cac5a2479f17f0ecab0b03b6d0dbcab7e6d0f398252a3,3252babc45529bffff1c4562e453cd03455838dae1cbdecd79a409b451c69430
CANON-00268,ACADEMIC_STUDY,EXCLUDE,EXCLUDE,AGREED_EXCLUDE,TITLE_ABSTRACT_EXCLUDE_AGREED,NO_ADJUDICATION_REQUIRED,adb127e9fac328946d9cac5a2479f17f0ecab0b03b6d0dbcab7e6d0f398252a3,3252babc45529bffff1c4562e453cd03455838dae1cbdecd79a409b451c69430
CANON-00269,ACADEMIC_STUDY,INCLUDE,UNCERTAIN,DISAGREEMENT,PENDING_ADJUDICATION,PENDING_ADJUDICATION,adb127e9fac328946d9cac5a2479f17f0ecab0b03b6d0dbcab7e6d0f398252a3,3252babc45529bffff1c4562e453cd03455838dae1cbdecd79a409b451c69430
CANON-00270,ACADEMIC_STUDY,EXCLUDE,EXCLUDE,AGREED_EXCLUDE,TITLE_ABSTRACT_EXCLUDE_AGREED,NO_ADJUDICATION_REQUIRED,adb127e9fac328946d9cac5a2479f17f0ecab0b03b6d0dbcab7e6d0f398252a3,3252babc45529bffff1c4562e453cd03455838dae1cbdecd79a409b451c69430
CANON-00271,ACADEMIC_STUDY,EXCLUDE,EXCLUDE,AGREED_EXCLUDE,TITLE_ABSTRACT_EXCLUDE_AGREED,NO_ADJUDICATION_REQUIRED,adb127e9fac328946d9cac5a2479f17f0ecab0b03b6d0dbcab7e6d0f398252a3,3252babc45529bffff1c4562e453cd03455838dae1cbdecd79a409b451c69430
CANON-00272,ACADEMIC_STUDY,EXCLUDE,EXCLUDE,AGREED_EXCLUDE,TITLE_ABSTRACT_EXCLUDE_AGREED,NO_ADJUDICATION_REQUIRED,adb127e9fac328946d9cac5a2479f17f0ecab0b03b6d0dbcab7e6d0f398252a3,3252babc45529bffff1c4562e453cd03455838dae1cbdecd79a409b451c69430
CANON-00273,ACADEMIC_STUDY,EXCLUDE,EXCLUDE,AGREED_EXCLUDE,TITLE_ABSTRACT_EXCLUDE_AGREED,NO_ADJUDICATION_REQUIRED,adb127e9fac328946d9cac5a2479f17f0ecab0b03b6d0dbcab7e6d0f398252a3,3252babc45529bffff1c4562e453cd03455838dae1cbdecd79a409b451c69430
CANON-00274,ACADEMIC_STUDY,EXCLUDE,EXCLUDE,AGREED_EXCLUDE,TITLE_ABSTRACT_EXCLUDE_AGREED,NO_ADJUDICATION_REQUIRED,adb127e9fac328946d9cac5a2479f17f0ecab0b03b6d0dbcab7e6d0f398252a3,3252babc45529bffff1c4562e453cd03455838dae1cbdecd79a409b451c69430
CANON-00275,ACADEMIC_STUDY,EXCLUDE,EXCLUDE,AGREED_EXCLUDE,TITLE_ABSTRACT_EXCLUDE_AGREED,NO_ADJUDICATION_REQUIRED,adb127e9fac328946d9cac5a2479f17f0ecab0b03b6d0dbcab7e6d0f398252a3,3252babc45529bffff1c4562e453cd03455838dae1cbdecd79a409b451c69430
CANON-00276,ACADEMIC_STUDY,EXCLUDE,EXCLUDE,AGREED_EXCLUDE,TITLE_ABSTRACT_EXCLUDE_AGREED,NO_ADJUDICATION_REQUIRED,adb127e9fac328946d9cac5a2479f17f0ecab0b03b6d0dbcab7e6d0f398252a3,3252babc45529bffff1c4562e453cd03455838dae1cbdecd79a409b451c69430
CANON-00277,ACADEMIC_STUDY,UNCERTAIN,UNCERTAIN,AGREED_ADVANCE,ADVANCE_TO_FULL_TEXT_DUAL_SCREENING,NO_ADJUDICATION_REQUIRED,adb127e9fac328946d9cac5a2479f17f0ecab0b03b6d0dbcab7e6d0f398252a3,3252babc45529bffff1c4562e453cd03455838dae1cbdecd79a409b451c69430
CANON-00278,ACADEMIC_STUDY,UNCERTAIN,UNCERTAIN,AGREED_ADVANCE,ADVANCE_TO_FULL_TEXT_DUAL_SCREENING,NO_ADJUDICATION_REQUIRED,adb127e9fac328946d9cac5a2479f17f0ecab0b03b6d0dbcab7e6d0f398252a3,3252babc45529bffff1c4562e453cd03455838dae1cbdecd79a409b451c69430
CANON-00279,ACADEMIC_STUDY,EXCLUDE,EXCLUDE,AGREED_EXCLUDE,TITLE_ABSTRACT_EXCLUDE_AGREED,NO_ADJUDICATION_REQUIRED,adb127e9fac328946d9cac5a2479f17f0ecab0b03b6d0dbcab7e6d0f398252a3,3252babc45529bffff1c4562e453cd03455838dae1cbdecd79a409b451c69430
CANON-00280,ACADEMIC_STUDY,EXCLUDE,EXCLUDE,AGREED_EXCLUDE,TITLE_ABSTRACT_EXCLUDE_AGREED,NO_ADJUDICATION_REQUIRED,adb127e9fac328946d9cac5a2479f17f0ecab0b03b6d0dbcab7e6d0f398252a3,3252babc45529bffff1c4562e453cd03455838dae1cbdecd79a409b451c69430
CANON-00281,ACADEMIC_STUDY,INCLUDE,UNCERTAIN,DISAGREEMENT,PENDING_ADJUDICATION,PENDING_ADJUDICATION,adb127e9fac328946d9cac5a2479f17f0ecab0b03b6d0dbcab7e6d0f398252a3,3252babc45529bffff1c4562e453cd03455838dae1cbdecd79a409b451c69430
CANON-00282,ACADEMIC_STUDY,UNCERTAIN,UNCERTAIN,AGREED_ADVANCE,ADVANCE_TO_FULL_TEXT_DUAL_SCREENING,NO_ADJUDICATION_REQUIRED,adb127e9fac328946d9cac5a2479f17f0ecab0b03b6d0dbcab7e6d0f398252a3,3252babc45529bffff1c4562e453cd03455838dae1cbdecd79a409b451c69430
CANON-00283,ACADEMIC_STUDY,INCLUDE,INCLUDE,AGREED_ADVANCE,ADVANCE_TO_FULL_TEXT_DUAL_SCREENING,NO_ADJUDICATION_REQUIRED,adb127e9fac328946d9cac5a2479f17f0ecab0b03b6d0dbcab7e6d0f398252a3,3252babc45529bffff1c4562e453cd03455838dae1cbdecd79a409b451c69430
CANON-00284,ACADEMIC_STUDY,EXCLUDE,EXCLUDE,AGREED_EXCLUDE,TITLE_ABSTRACT_EXCLUDE_AGREED,NO_ADJUDICATION_REQUIRED,adb127e9fac328946d9cac5a2479f17f0ecab0b03b6d0dbcab7e6d0f398252a3,3252babc45529bffff1c4562e453cd03455838dae1cbdecd79a409b451c69430
CANON-00285,ACADEMIC_STUDY,EXCLUDE,EXCLUDE,AGREED_EXCLUDE,TITLE_ABSTRACT_EXCLUDE_AGREED,NO_ADJUDICATION_REQUIRED,adb127e9fac328946d9cac5a2479f17f0ecab0b03b6d0dbcab7e6d0f398252a3,3252babc45529bffff1c4562e453cd03455838dae1cbdecd79a409b451c69430
CANON-00286,ACADEMIC_STUDY,EXCLUDE,EXCLUDE,AGREED_EXCLUDE,TITLE_ABSTRACT_EXCLUDE_AGREED,NO_ADJUDICATION_REQUIRED,adb127e9fac328946d9cac5a2479f17f0ecab0b03b6d0dbcab7e6d0f398252a3,3252babc45529bffff1c4562e453cd03455838dae1cbdecd79a409b451c69430
CANON-00287,ACADEMIC_STUDY,UNCERTAIN,UNCERTAIN,AGREED_ADVANCE,ADVANCE_TO_FULL_TEXT_DUAL_SCREENING,NO_ADJUDICATION_REQUIRED,adb127e9fac328946d9cac5a2479f17f0ecab0b03b6d0dbcab7e6d0f398252a3,3252babc45529bffff1c4562e453cd03455838dae1cbdecd79a409b451c69430
CANON-00288,ACADEMIC_STUDY,UNCERTAIN,UNCERTAIN,AGREED_ADVANCE,ADVANCE_TO_FULL_TEXT_DUAL_SCREENING,NO_ADJUDICATION_REQUIRED,adb127e9fac328946d9cac5a2479f17f0ecab0b03b6d0dbcab7e6d0f398252a3,3252babc45529bffff1c4562e453cd03455838dae1cbdecd79a409b451c69430
CANON-00289,ACADEMIC_STUDY,EXCLUDE,EXCLUDE,AGREED_EXCLUDE,TITLE_ABSTRACT_EXCLUDE_AGREED,NO_ADJUDICATION_REQUIRED,adb127e9fac328946d9cac5a2479f17f0ecab0b03b6d0dbcab7e6d0f398252a3,3252babc45529bffff1c4562e453cd03455838dae1cbdecd79a409b451c69430
CANON-00290,ACADEMIC_STUDY,INCLUDE,UNCERTAIN,DISAGREEMENT,PENDING_ADJUDICATION,PENDING_ADJUDICATION,adb127e9fac328946d9cac5a2479f17f0ecab0b03b6d0dbcab7e6d0f398252a3,3252babc45529bffff1c4562e453cd03455838dae1cbdecd79a409b451c69430
CANON-00291,ACADEMIC_STUDY,EXCLUDE,EXCLUDE,AGREED_EXCLUDE,TITLE_ABSTRACT_EXCLUDE_AGREED,NO_ADJUDICATION_REQUIRED,adb127e9fac328946d9cac5a2479f17f0ecab0b03b6d0dbcab7e6d0f398252a3,3252babc45529bffff1c4562e453cd03455838dae1cbdecd79a409b451c69430
CANON-00292,ACADEMIC_STUDY,EXCLUDE,EXCLUDE,AGREED_EXCLUDE,TITLE_ABSTRACT_EXCLUDE_AGREED,NO_ADJUDICATION_REQUIRED,adb127e9fac328946d9cac5a2479f17f0ecab0b03b6d0dbcab7e6d0f398252a3,3252babc45529bffff1c4562e453cd03455838dae1cbdecd79a409b451c69430
CANON-00293,ACADEMIC_STUDY,EXCLUDE,EXCLUDE,AGREED_EXCLUDE,TITLE_ABSTRACT_EXCLUDE_AGREED,NO_ADJUDICATION_REQUIRED,adb127e9fac328946d9cac5a2479f17f0ecab0b03b6d0dbcab7e6d0f398252a3,3252babc45529bffff1c4562e453cd03455838dae1cbdecd79a409b451c69430
CANON-00294,ACADEMIC_STUDY,UNCERTAIN,UNCERTAIN,AGREED_ADVANCE,ADVANCE_TO_FULL_TEXT_DUAL_SCREENING,NO_ADJUDICATION_REQUIRED,adb127e9fac328946d9cac5a2479f17f0ecab0b03b6d0dbcab7e6d0f398252a3,3252babc45529bffff1c4562e453cd03455838dae1cbdecd79a409b451c69430
CANON-00295,ACADEMIC_STUDY,EXCLUDE,UNCERTAIN,DISAGREEMENT,PENDING_ADJUDICATION,PENDING_ADJUDICATION,adb127e9fac328946d9cac5a2479f17f0ecab0b03b6d0dbcab7e6d0f398252a3,3252babc45529bffff1c4562e453cd03455838dae1cbdecd79a409b451c69430
CANON-00296,ACADEMIC_STUDY,EXCLUDE,EXCLUDE,AGREED_EXCLUDE,TITLE_ABSTRACT_EXCLUDE_AGREED,NO_ADJUDICATION_REQUIRED,adb127e9fac328946d9cac5a2479f17f0ecab0b03b6d0dbcab7e6d0f398252a3,3252babc45529bffff1c4562e453cd03455838dae1cbdecd79a409b451c69430
CANON-00297,ACADEMIC_STUDY,UNCERTAIN,UNCERTAIN,AGREED_ADVANCE,ADVANCE_TO_FULL_TEXT_DUAL_SCREENING,NO_ADJUDICATION_REQUIRED,adb127e9fac328946d9cac5a2479f17f0ecab0b03b6d0dbcab7e6d0f398252a3,3252babc45529bffff1c4562e453cd03455838dae1cbdecd79a409b451c69430
CANON-00298,ACADEMIC_STUDY,EXCLUDE,EXCLUDE,AGREED_EXCLUDE,TITLE_ABSTRACT_EXCLUDE_AGREED,NO_ADJUDICATION_REQUIRED,adb127e9fac328946d9cac5a2479f17f0ecab0b03b6d0dbcab7e6d0f398252a3,3252babc45529bffff1c4562e453cd03455838dae1cbdecd79a409b451c69430
CANON-00299,ACADEMIC_STUDY,INCLUDE,UNCERTAIN,DISAGREEMENT,PENDING_ADJUDICATION,PENDING_ADJUDICATION,adb127e9fac328946d9cac5a2479f17f0ecab0b03b6d0dbcab7e6d0f398252a3,3252babc45529bffff1c4562e453cd03455838dae1cbdecd79a409b451c69430
CANON-00300,ACADEMIC_STUDY,EXCLUDE,EXCLUDE,AGREED_EXCLUDE,TITLE_ABSTRACT_EXCLUDE_AGREED,NO_ADJUDICATION_REQUIRED,adb127e9fac328946d9cac5a2479f17f0ecab0b03b6d0dbcab7e6d0f398252a3,3252babc45529bffff1c4562e453cd03455838dae1cbdecd79a409b451c69430
CANON-00301,ACADEMIC_STUDY,EXCLUDE,EXCLUDE,AGREED_EXCLUDE,TITLE_ABSTRACT_EXCLUDE_AGREED,NO_ADJUDICATION_REQUIRED,adb127e9fac328946d9cac5a2479f17f0ecab0b03b6d0dbcab7e6d0f398252a3,3252babc45529bffff1c4562e453cd03455838dae1cbdecd79a409b451c69430
CANON-00302,ACADEMIC_STUDY,EXCLUDE,EXCLUDE,AGREED_EXCLUDE,TITLE_ABSTRACT_EXCLUDE_AGREED,NO_ADJUDICATION_REQUIRED,adb127e9fac328946d9cac5a2479f17f0ecab0b03b6d0dbcab7e6d0f398252a3,3252babc45529bffff1c4562e453cd03455838dae1cbdecd79a409b451c69430
CANON-00303,ACADEMIC_STUDY,INCLUDE,UNCERTAIN,DISAGREEMENT,PENDING_ADJUDICATION,PENDING_ADJUDICATION,adb127e9fac328946d9cac5a2479f17f0ecab0b03b6d0dbcab7e6d0f398252a3,3252babc45529bffff1c4562e453cd03455838dae1cbdecd79a409b451c69430
CANON-00304,ACADEMIC_STUDY,INCLUDE,UNCERTAIN,DISAGREEMENT,PENDING_ADJUDICATION,PENDING_ADJUDICATION,adb127e9fac328946d9cac5a2479f17f0ecab0b03b6d0dbcab7e6d0f398252a3,3252babc45529bffff1c4562e453cd03455838dae1cbdecd79a409b451c69430
CANON-00305,ACADEMIC_STUDY,UNCERTAIN,UNCERTAIN,AGREED_ADVANCE,ADVANCE_TO_FULL_TEXT_DUAL_SCREENING,NO_ADJUDICATION_REQUIRED,adb127e9fac328946d9cac5a2479f17f0ecab0b03b6d0dbcab7e6d0f398252a3,3252babc45529bffff1c4562e453cd03455838dae1cbdecd79a409b451c69430
CANON-00306,ACADEMIC_STUDY,EXCLUDE,EXCLUDE,AGREED_EXCLUDE,TITLE_ABSTRACT_EXCLUDE_AGREED,NO_ADJUDICATION_REQUIRED,adb127e9fac328946d9cac5a2479f17f0ecab0b03b6d0dbcab7e6d0f398252a3,3252babc45529bffff1c4562e453cd03455838dae1cbdecd79a409b451c69430
CANON-00307,ACADEMIC_STUDY,UNCERTAIN,UNCERTAIN,AGREED_ADVANCE,ADVANCE_TO_FULL_TEXT_DUAL_SCREENING,NO_ADJUDICATION_REQUIRED,adb127e9fac328946d9cac5a2479f17f0ecab0b03b6d0dbcab7e6d0f398252a3,3252babc45529bffff1c4562e453cd03455838dae1cbdecd79a409b451c69430
CANON-00308,ACADEMIC_STUDY,EXCLUDE,EXCLUDE,AGREED_EXCLUDE,TITLE_ABSTRACT_EXCLUDE_AGREED,NO_ADJUDICATION_REQUIRED,adb127e9fac328946d9cac5a2479f17f0ecab0b03b6d0dbcab7e6d0f398252a3,3252babc45529bffff1c4562e453cd03455838dae1cbdecd79a409b451c69430
CANON-00309,ACADEMIC_STUDY,EXCLUDE,EXCLUDE,AGREED_EXCLUDE,TITLE_ABSTRACT_EXCLUDE_AGREED,NO_ADJUDICATION_REQUIRED,adb127e9fac328946d9cac5a2479f17f0ecab0b03b6d0dbcab7e6d0f398252a3,3252babc45529bffff1c4562e453cd03455838dae1cbdecd79a409b451c69430
CANON-00310,ACADEMIC_STUDY,UNCERTAIN,UNCERTAIN,AGREED_ADVANCE,ADVANCE_TO_FULL_TEXT_DUAL_SCREENING,NO_ADJUDICATION_REQUIRED,adb127e9fac328946d9cac5a2479f17f0ecab0b03b6d0dbcab7e6d0f398252a3,3252babc45529bffff1c4562e453cd03455838dae1cbdecd79a409b451c69430
CANON-00311,ACADEMIC_STUDY,EXCLUDE,EXCLUDE,AGREED_EXCLUDE,TITLE_ABSTRACT_EXCLUDE_AGREED,NO_ADJUDICATION_REQUIRED,adb127e9fac328946d9cac5a2479f17f0ecab0b03b6d0dbcab7e6d0f398252a3,3252babc45529bffff1c4562e453cd03455838dae1cbdecd79a409b451c69430
CANON-00312,ACADEMIC_STUDY,INCLUDE,UNCERTAIN,DISAGREEMENT,PENDING_ADJUDICATION,PENDING_ADJUDICATION,adb127e9fac328946d9cac5a2479f17f0ecab0b03b6d0dbcab7e6d0f398252a3,3252babc45529bffff1c4562e453cd03455838dae1cbdecd79a409b451c69430
CANON-00313,ACADEMIC_STUDY,UNCERTAIN,UNCERTAIN,AGREED_ADVANCE,ADVANCE_TO_FULL_TEXT_DUAL_SCREENING,NO_ADJUDICATION_REQUIRED,adb127e9fac328946d9cac5a2479f17f0ecab0b03b6d0dbcab7e6d0f398252a3,3252babc45529bffff1c4562e453cd03455838dae1cbdecd79a409b451c69430
CANON-00314,ACADEMIC_STUDY,INCLUDE,EXCLUDE,DISAGREEMENT,PENDING_ADJUDICATION,PENDING_ADJUDICATION,adb127e9fac328946d9cac5a2479f17f0ecab0b03b6d0dbcab7e6d0f398252a3,3252babc45529bffff1c4562e453cd03455838dae1cbdecd79a409b451c69430
CANON-00315,ACADEMIC_STUDY,INCLUDE,UNCERTAIN,DISAGREEMENT,PENDING_ADJUDICATION,PENDING_ADJUDICATION,adb127e9fac328946d9cac5a2479f17f0ecab0b03b6d0dbcab7e6d0f398252a3,3252babc45529bffff1c4562e453cd03455838dae1cbdecd79a409b451c69430
CANON-00316,ACADEMIC_STUDY,EXCLUDE,EXCLUDE,AGREED_EXCLUDE,TITLE_ABSTRACT_EXCLUDE_AGREED,NO_ADJUDICATION_REQUIRED,adb127e9fac328946d9cac5a2479f17f0ecab0b03b6d0dbcab7e6d0f398252a3,3252babc45529bffff1c4562e453cd03455838dae1cbdecd79a409b451c69430
CANON-00317,ACADEMIC_STUDY,INCLUDE,INCLUDE,AGREED_ADVANCE,ADVANCE_TO_FULL_TEXT_DUAL_SCREENING,NO_ADJUDICATION_REQUIRED,adb127e9fac328946d9cac5a2479f17f0ecab0b03b6d0dbcab7e6d0f398252a3,3252babc45529bffff1c4562e453cd03455838dae1cbdecd79a409b451c69430
CANON-00318,ACADEMIC_STUDY,EXCLUDE,EXCLUDE,AGREED_EXCLUDE,TITLE_ABSTRACT_EXCLUDE_AGREED,NO_ADJUDICATION_REQUIRED,adb127e9fac328946d9cac5a2479f17f0ecab0b03b6d0dbcab7e6d0f398252a3,3252babc45529bffff1c4562e453cd03455838dae1cbdecd79a409b451c69430
CANON-00319,ACADEMIC_STUDY,UNCERTAIN,UNCERTAIN,AGREED_ADVANCE,ADVANCE_TO_FULL_TEXT_DUAL_SCREENING,NO_ADJUDICATION_REQUIRED,adb127e9fac328946d9cac5a2479f17f0ecab0b03b6d0dbcab7e6d0f398252a3,3252babc45529bffff1c4562e453cd03455838dae1cbdecd79a409b451c69430
CANON-00320,ACADEMIC_STUDY,INCLUDE,UNCERTAIN,DISAGREEMENT,PENDING_ADJUDICATION,PENDING_ADJUDICATION,adb127e9fac328946d9cac5a2479f17f0ecab0b03b6d0dbcab7e6d0f398252a3,3252babc45529bffff1c4562e453cd03455838dae1cbdecd79a409b451c69430
CANON-00321,ACADEMIC_STUDY,EXCLUDE,INCLUDE,DISAGREEMENT,PENDING_ADJUDICATION,PENDING_ADJUDICATION,adb127e9fac328946d9cac5a2479f17f0ecab0b03b6d0dbcab7e6d0f398252a3,3252babc45529bffff1c4562e453cd03455838dae1cbdecd79a409b451c69430
CANON-00322,ACADEMIC_STUDY,EXCLUDE,UNCERTAIN,DISAGREEMENT,PENDING_ADJUDICATION,PENDING_ADJUDICATION,adb127e9fac328946d9cac5a2479f17f0ecab0b03b6d0dbcab7e6d0f398252a3,3252babc45529bffff1c4562e453cd03455838dae1cbdecd79a409b451c69430
CANON-00323,ACADEMIC_STUDY,EXCLUDE,EXCLUDE,AGREED_EXCLUDE,TITLE_ABSTRACT_EXCLUDE_AGREED,NO_ADJUDICATION_REQUIRED,adb127e9fac328946d9cac5a2479f17f0ecab0b03b6d0dbcab7e6d0f398252a3,3252babc45529bffff1c4562e453cd03455838dae1cbdecd79a409b451c69430
CANON-00324,ACADEMIC_STUDY,UNCERTAIN,UNCERTAIN,AGREED_ADVANCE,ADVANCE_TO_FULL_TEXT_DUAL_SCREENING,NO_ADJUDICATION_REQUIRED,adb127e9fac328946d9cac5a2479f17f0ecab0b03b6d0dbcab7e6d0f398252a3,3252babc45529bffff1c4562e453cd03455838dae1cbdecd79a409b451c69430
CANON-00325,ACADEMIC_STUDY,EXCLUDE,EXCLUDE,AGREED_EXCLUDE,TITLE_ABSTRACT_EXCLUDE_AGREED,NO_ADJUDICATION_REQUIRED,adb127e9fac328946d9cac5a2479f17f0ecab0b03b6d0dbcab7e6d0f398252a3,3252babc45529bffff1c4562e453cd03455838dae1cbdecd79a409b451c69430
CANON-00326,ACADEMIC_STUDY,EXCLUDE,EXCLUDE,AGREED_EXCLUDE,TITLE_ABSTRACT_EXCLUDE_AGREED,NO_ADJUDICATION_REQUIRED,adb127e9fac328946d9cac5a2479f17f0ecab0b03b6d0dbcab7e6d0f398252a3,3252babc45529bffff1c4562e453cd03455838dae1cbdecd79a409b451c69430
CANON-00327,ACADEMIC_STUDY,EXCLUDE,EXCLUDE,AGREED_EXCLUDE,TITLE_ABSTRACT_EXCLUDE_AGREED,NO_ADJUDICATION_REQUIRED,adb127e9fac328946d9cac5a2479f17f0ecab0b03b6d0dbcab7e6d0f398252a3,3252babc45529bffff1c4562e453cd03455838dae1cbdecd79a409b451c69430
CANON-00328,ACADEMIC_STUDY,EXCLUDE,EXCLUDE,AGREED_EXCLUDE,TITLE_ABSTRACT_EXCLUDE_AGREED,NO_ADJUDICATION_REQUIRED,adb127e9fac328946d9cac5a2479f17f0ecab0b03b6d0dbcab7e6d0f398252a3,3252babc45529bffff1c4562e453cd03455838dae1cbdecd79a409b451c69430
CANON-00329,ACADEMIC_STUDY,EXCLUDE,EXCLUDE,AGREED_EXCLUDE,TITLE_ABSTRACT_EXCLUDE_AGREED,NO_ADJUDICATION_REQUIRED,adb127e9fac328946d9cac5a2479f17f0ecab0b03b6d0dbcab7e6d0f398252a3,3252babc45529bffff1c4562e453cd03455838dae1cbdecd79a409b451c69430
CANON-00330,ACADEMIC_STUDY,EXCLUDE,EXCLUDE,AGREED_EXCLUDE,TITLE_ABSTRACT_EXCLUDE_AGREED,NO_ADJUDICATION_REQUIRED,adb127e9fac328946d9cac5a2479f17f0ecab0b03b6d0dbcab7e6d0f398252a3,3252babc45529bffff1c4562e453cd03455838dae1cbdecd79a409b451c69430
CANON-00331,ACADEMIC_STUDY,EXCLUDE,EXCLUDE,AGREED_EXCLUDE,TITLE_ABSTRACT_EXCLUDE_AGREED,NO_ADJUDICATION_REQUIRED,adb127e9fac328946d9cac5a2479f17f0ecab0b03b6d0dbcab7e6d0f398252a3,3252babc45529bffff1c4562e453cd03455838dae1cbdecd79a409b451c69430
CANON-00332,ACADEMIC_STUDY,EXCLUDE,EXCLUDE,AGREED_EXCLUDE,TITLE_ABSTRACT_EXCLUDE_AGREED,NO_ADJUDICATION_REQUIRED,adb127e9fac328946d9cac5a2479f17f0ecab0b03b6d0dbcab7e6d0f398252a3,3252babc45529bffff1c4562e453cd03455838dae1cbdecd79a409b451c69430
CANON-00333,ACADEMIC_STUDY,EXCLUDE,EXCLUDE,AGREED_EXCLUDE,TITLE_ABSTRACT_EXCLUDE_AGREED,NO_ADJUDICATION_REQUIRED,adb127e9fac328946d9cac5a2479f17f0ecab0b03b6d0dbcab7e6d0f398252a3,3252babc45529bffff1c4562e453cd03455838dae1cbdecd79a409b451c69430
CANON-00334,ACADEMIC_STUDY,EXCLUDE,EXCLUDE,AGREED_EXCLUDE,TITLE_ABSTRACT_EXCLUDE_AGREED,NO_ADJUDICATION_REQUIRED,adb127e9fac328946d9cac5a2479f17f0ecab0b03b6d0dbcab7e6d0f398252a3,3252babc45529bffff1c4562e453cd03455838dae1cbdecd79a409b451c69430
CANON-00335,ACADEMIC_STUDY,INCLUDE,INCLUDE,AGREED_ADVANCE,ADVANCE_TO_FULL_TEXT_DUAL_SCREENING,NO_ADJUDICATION_REQUIRED,adb127e9fac328946d9cac5a2479f17f0ecab0b03b6d0dbcab7e6d0f398252a3,3252babc45529bffff1c4562e453cd03455838dae1cbdecd79a409b451c69430
CANON-00336,ACADEMIC_STUDY,INCLUDE,INCLUDE,AGREED_ADVANCE,ADVANCE_TO_FULL_TEXT_DUAL_SCREENING,NO_ADJUDICATION_REQUIRED,adb127e9fac328946d9cac5a2479f17f0ecab0b03b6d0dbcab7e6d0f398252a3,3252babc45529bffff1c4562e453cd03455838dae1cbdecd79a409b451c69430
CANON-00337,ACADEMIC_STUDY,EXCLUDE,EXCLUDE,AGREED_EXCLUDE,TITLE_ABSTRACT_EXCLUDE_AGREED,NO_ADJUDICATION_REQUIRED,adb127e9fac328946d9cac5a2479f17f0ecab0b03b6d0dbcab7e6d0f398252a3,3252babc45529bffff1c4562e453cd03455838dae1cbdecd79a409b451c69430
CANON-00338,ACADEMIC_STUDY,EXCLUDE,EXCLUDE,AGREED_EXCLUDE,TITLE_ABSTRACT_EXCLUDE_AGREED,NO_ADJUDICATION_REQUIRED,adb127e9fac328946d9cac5a2479f17f0ecab0b03b6d0dbcab7e6d0f398252a3,3252babc45529bffff1c4562e453cd03455838dae1cbdecd79a409b451c69430
CANON-00339,ACADEMIC_STUDY,EXCLUDE,EXCLUDE,AGREED_EXCLUDE,TITLE_ABSTRACT_EXCLUDE_AGREED,NO_ADJUDICATION_REQUIRED,adb127e9fac328946d9cac5a2479f17f0ecab0b03b6d0dbcab7e6d0f398252a3,3252babc45529bffff1c4562e453cd03455838dae1cbdecd79a409b451c69430
CANON-00340,ACADEMIC_STUDY,EXCLUDE,EXCLUDE,AGREED_EXCLUDE,TITLE_ABSTRACT_EXCLUDE_AGREED,NO_ADJUDICATION_REQUIRED,adb127e9fac328946d9cac5a2479f17f0ecab0b03b6d0dbcab7e6d0f398252a3,3252babc45529bffff1c4562e453cd03455838dae1cbdecd79a409b451c69430
CANON-00341,ACADEMIC_STUDY,EXCLUDE,EXCLUDE,AGREED_EXCLUDE,TITLE_ABSTRACT_EXCLUDE_AGREED,NO_ADJUDICATION_REQUIRED,adb127e9fac328946d9cac5a2479f17f0ecab0b03b6d0dbcab7e6d0f398252a3,3252babc45529bffff1c4562e453cd03455838dae1cbdecd79a409b451c69430
CANON-00342,ACADEMIC_STUDY,EXCLUDE,EXCLUDE,AGREED_EXCLUDE,TITLE_ABSTRACT_EXCLUDE_AGREED,NO_ADJUDICATION_REQUIRED,adb127e9fac328946d9cac5a2479f17f0ecab0b03b6d0dbcab7e6d0f398252a3,3252babc45529bffff1c4562e453cd03455838dae1cbdecd79a409b451c69430
CANON-00343,ACADEMIC_STUDY,EXCLUDE,EXCLUDE,AGREED_EXCLUDE,TITLE_ABSTRACT_EXCLUDE_AGREED,NO_ADJUDICATION_REQUIRED,adb127e9fac328946d9cac5a2479f17f0ecab0b03b6d0dbcab7e6d0f398252a3,3252babc45529bffff1c4562e453cd03455838dae1cbdecd79a409b451c69430
CANON-00344,ACADEMIC_STUDY,INCLUDE,UNCERTAIN,DISAGREEMENT,PENDING_ADJUDICATION,PENDING_ADJUDICATION,adb127e9fac328946d9cac5a2479f17f0ecab0b03b6d0dbcab7e6d0f398252a3,3252babc45529bffff1c4562e453cd03455838dae1cbdecd79a409b451c69430
CANON-00345,ACADEMIC_STUDY,EXCLUDE,EXCLUDE,AGREED_EXCLUDE,TITLE_ABSTRACT_EXCLUDE_AGREED,NO_ADJUDICATION_REQUIRED,adb127e9fac328946d9cac5a2479f17f0ecab0b03b6d0dbcab7e6d0f398252a3,3252babc45529bffff1c4562e453cd03455838dae1cbdecd79a409b451c69430
CANON-00346,ACADEMIC_STUDY,EXCLUDE,EXCLUDE,AGREED_EXCLUDE,TITLE_ABSTRACT_EXCLUDE_AGREED,NO_ADJUDICATION_REQUIRED,adb127e9fac328946d9cac5a2479f17f0ecab0b03b6d0dbcab7e6d0f398252a3,3252babc45529bffff1c4562e453cd03455838dae1cbdecd79a409b451c69430
CANON-00347,ACADEMIC_STUDY,EXCLUDE,EXCLUDE,AGREED_EXCLUDE,TITLE_ABSTRACT_EXCLUDE_AGREED,NO_ADJUDICATION_REQUIRED,adb127e9fac328946d9cac5a2479f17f0ecab0b03b6d0dbcab7e6d0f398252a3,3252babc45529bffff1c4562e453cd03455838dae1cbdecd79a409b451c69430
CANON-00348,ACADEMIC_STUDY,EXCLUDE,EXCLUDE,AGREED_EXCLUDE,TITLE_ABSTRACT_EXCLUDE_AGREED,NO_ADJUDICATION_REQUIRED,adb127e9fac328946d9cac5a2479f17f0ecab0b03b6d0dbcab7e6d0f398252a3,3252babc45529bffff1c4562e453cd03455838dae1cbdecd79a409b451c69430
CANON-00349,ACADEMIC_STUDY,EXCLUDE,EXCLUDE,AGREED_EXCLUDE,TITLE_ABSTRACT_EXCLUDE_AGREED,NO_ADJUDICATION_REQUIRED,adb127e9fac328946d9cac5a2479f17f0ecab0b03b6d0dbcab7e6d0f398252a3,3252babc45529bffff1c4562e453cd03455838dae1cbdecd79a409b451c69430
CANON-00350,ACADEMIC_STUDY,EXCLUDE,EXCLUDE,AGREED_EXCLUDE,TITLE_ABSTRACT_EXCLUDE_AGREED,NO_ADJUDICATION_REQUIRED,adb127e9fac328946d9cac5a2479f17f0ecab0b03b6d0dbcab7e6d0f398252a3,3252babc45529bffff1c4562e453cd03455838dae1cbdecd79a409b451c69430
CANON-00351,ACADEMIC_STUDY,EXCLUDE,UNCERTAIN,DISAGREEMENT,PENDING_ADJUDICATION,PENDING_ADJUDICATION,adb127e9fac328946d9cac5a2479f17f0ecab0b03b6d0dbcab7e6d0f398252a3,3252babc45529bffff1c4562e453cd03455838dae1cbdecd79a409b451c69430
CANON-00352,ACADEMIC_STUDY,EXCLUDE,EXCLUDE,AGREED_EXCLUDE,TITLE_ABSTRACT_EXCLUDE_AGREED,NO_ADJUDICATION_REQUIRED,adb127e9fac328946d9cac5a2479f17f0ecab0b03b6d0dbcab7e6d0f398252a3,3252babc45529bffff1c4562e453cd03455838dae1cbdecd79a409b451c69430
CANON-00353,ACADEMIC_STUDY,EXCLUDE,EXCLUDE,AGREED_EXCLUDE,TITLE_ABSTRACT_EXCLUDE_AGREED,NO_ADJUDICATION_REQUIRED,adb127e9fac328946d9cac5a2479f17f0ecab0b03b6d0dbcab7e6d0f398252a3,3252babc45529bffff1c4562e453cd03455838dae1cbdecd79a409b451c69430
CANON-00354,ACADEMIC_STUDY,EXCLUDE,EXCLUDE,AGREED_EXCLUDE,TITLE_ABSTRACT_EXCLUDE_AGREED,NO_ADJUDICATION_REQUIRED,adb127e9fac328946d9cac5a2479f17f0ecab0b03b6d0dbcab7e6d0f398252a3,3252babc45529bffff1c4562e453cd03455838dae1cbdecd79a409b451c69430
CANON-00355,ACADEMIC_STUDY,EXCLUDE,EXCLUDE,AGREED_EXCLUDE,TITLE_ABSTRACT_EXCLUDE_AGREED,NO_ADJUDICATION_REQUIRED,adb127e9fac328946d9cac5a2479f17f0ecab0b03b6d0dbcab7e6d0f398252a3,3252babc45529bffff1c4562e453cd03455838dae1cbdecd79a409b451c69430
CANON-00356,ACADEMIC_STUDY,UNCERTAIN,UNCERTAIN,AGREED_ADVANCE,ADVANCE_TO_FULL_TEXT_DUAL_SCREENING,NO_ADJUDICATION_REQUIRED,adb127e9fac328946d9cac5a2479f17f0ecab0b03b6d0dbcab7e6d0f398252a3,3252babc45529bffff1c4562e453cd03455838dae1cbdecd79a409b451c69430
CANON-00357,ACADEMIC_STUDY,INCLUDE,UNCERTAIN,DISAGREEMENT,PENDING_ADJUDICATION,PENDING_ADJUDICATION,adb127e9fac328946d9cac5a2479f17f0ecab0b03b6d0dbcab7e6d0f398252a3,3252babc45529bffff1c4562e453cd03455838dae1cbdecd79a409b451c69430
CANON-00358,ACADEMIC_STUDY,UNCERTAIN,UNCERTAIN,AGREED_ADVANCE,ADVANCE_TO_FULL_TEXT_DUAL_SCREENING,NO_ADJUDICATION_REQUIRED,adb127e9fac328946d9cac5a2479f17f0ecab0b03b6d0dbcab7e6d0f398252a3,3252babc45529bffff1c4562e453cd03455838dae1cbdecd79a409b451c69430
CANON-00359,ACADEMIC_STUDY,INCLUDE,INCLUDE,AGREED_ADVANCE,ADVANCE_TO_FULL_TEXT_DUAL_SCREENING,NO_ADJUDICATION_REQUIRED,adb127e9fac328946d9cac5a2479f17f0ecab0b03b6d0dbcab7e6d0f398252a3,3252babc45529bffff1c4562e453cd03455838dae1cbdecd79a409b451c69430
CANON-00360,ACADEMIC_STUDY,INCLUDE,UNCERTAIN,DISAGREEMENT,PENDING_ADJUDICATION,PENDING_ADJUDICATION,adb127e9fac328946d9cac5a2479f17f0ecab0b03b6d0dbcab7e6d0f398252a3,3252babc45529bffff1c4562e453cd03455838dae1cbdecd79a409b451c69430
CANON-00361,ACADEMIC_STUDY,EXCLUDE,EXCLUDE,AGREED_EXCLUDE,TITLE_ABSTRACT_EXCLUDE_AGREED,NO_ADJUDICATION_REQUIRED,adb127e9fac328946d9cac5a2479f17f0ecab0b03b6d0dbcab7e6d0f398252a3,3252babc45529bffff1c4562e453cd03455838dae1cbdecd79a409b451c69430
CANON-00362,ACADEMIC_STUDY,EXCLUDE,EXCLUDE,AGREED_EXCLUDE,TITLE_ABSTRACT_EXCLUDE_AGREED,NO_ADJUDICATION_REQUIRED,adb127e9fac328946d9cac5a2479f17f0ecab0b03b6d0dbcab7e6d0f398252a3,3252babc45529bffff1c4562e453cd03455838dae1cbdecd79a409b451c69430
CANON-00363,ACADEMIC_STUDY,EXCLUDE,UNCERTAIN,DISAGREEMENT,PENDING_ADJUDICATION,PENDING_ADJUDICATION,adb127e9fac328946d9cac5a2479f17f0ecab0b03b6d0dbcab7e6d0f398252a3,3252babc45529bffff1c4562e453cd03455838dae1cbdecd79a409b451c69430
CANON-00364,ACADEMIC_STUDY,EXCLUDE,EXCLUDE,AGREED_EXCLUDE,TITLE_ABSTRACT_EXCLUDE_AGREED,NO_ADJUDICATION_REQUIRED,adb127e9fac328946d9cac5a2479f17f0ecab0b03b6d0dbcab7e6d0f398252a3,3252babc45529bffff1c4562e453cd03455838dae1cbdecd79a409b451c69430
CANON-00365,ACADEMIC_STUDY,INCLUDE,UNCERTAIN,DISAGREEMENT,PENDING_ADJUDICATION,PENDING_ADJUDICATION,adb127e9fac328946d9cac5a2479f17f0ecab0b03b6d0dbcab7e6d0f398252a3,3252babc45529bffff1c4562e453cd03455838dae1cbdecd79a409b451c69430
CANON-00366,ACADEMIC_STUDY,INCLUDE,UNCERTAIN,DISAGREEMENT,PENDING_ADJUDICATION,PENDING_ADJUDICATION,adb127e9fac328946d9cac5a2479f17f0ecab0b03b6d0dbcab7e6d0f398252a3,3252babc45529bffff1c4562e453cd03455838dae1cbdecd79a409b451c69430
CANON-00367,ACADEMIC_STUDY,INCLUDE,UNCERTAIN,DISAGREEMENT,PENDING_ADJUDICATION,PENDING_ADJUDICATION,adb127e9fac328946d9cac5a2479f17f0ecab0b03b6d0dbcab7e6d0f398252a3,3252babc45529bffff1c4562e453cd03455838dae1cbdecd79a409b451c69430
CANON-00368,ACADEMIC_STUDY,EXCLUDE,EXCLUDE,AGREED_EXCLUDE,TITLE_ABSTRACT_EXCLUDE_AGREED,NO_ADJUDICATION_REQUIRED,adb127e9fac328946d9cac5a2479f17f0ecab0b03b6d0dbcab7e6d0f398252a3,3252babc45529bffff1c4562e453cd03455838dae1cbdecd79a409b451c69430
CANON-00369,ACADEMIC_STUDY,EXCLUDE,EXCLUDE,AGREED_EXCLUDE,TITLE_ABSTRACT_EXCLUDE_AGREED,NO_ADJUDICATION_REQUIRED,adb127e9fac328946d9cac5a2479f17f0ecab0b03b6d0dbcab7e6d0f398252a3,3252babc45529bffff1c4562e453cd03455838dae1cbdecd79a409b451c69430
CANON-00370,ACADEMIC_STUDY,INCLUDE,UNCERTAIN,DISAGREEMENT,PENDING_ADJUDICATION,PENDING_ADJUDICATION,adb127e9fac328946d9cac5a2479f17f0ecab0b03b6d0dbcab7e6d0f398252a3,3252babc45529bffff1c4562e453cd03455838dae1cbdecd79a409b451c69430
CANON-00371,ACADEMIC_STUDY,EXCLUDE,EXCLUDE,AGREED_EXCLUDE,TITLE_ABSTRACT_EXCLUDE_AGREED,NO_ADJUDICATION_REQUIRED,adb127e9fac328946d9cac5a2479f17f0ecab0b03b6d0dbcab7e6d0f398252a3,3252babc45529bffff1c4562e453cd03455838dae1cbdecd79a409b451c69430
CANON-00372,ACADEMIC_STUDY,UNCERTAIN,UNCERTAIN,AGREED_ADVANCE,ADVANCE_TO_FULL_TEXT_DUAL_SCREENING,NO_ADJUDICATION_REQUIRED,adb127e9fac328946d9cac5a2479f17f0ecab0b03b6d0dbcab7e6d0f398252a3,3252babc45529bffff1c4562e453cd03455838dae1cbdecd79a409b451c69430
CANON-00373,ACADEMIC_STUDY,EXCLUDE,EXCLUDE,AGREED_EXCLUDE,TITLE_ABSTRACT_EXCLUDE_AGREED,NO_ADJUDICATION_REQUIRED,adb127e9fac328946d9cac5a2479f17f0ecab0b03b6d0dbcab7e6d0f398252a3,3252babc45529bffff1c4562e453cd03455838dae1cbdecd79a409b451c69430
CANON-00374,ACADEMIC_STUDY,INCLUDE,INCLUDE,AGREED_ADVANCE,ADVANCE_TO_FULL_TEXT_DUAL_SCREENING,NO_ADJUDICATION_REQUIRED,adb127e9fac328946d9cac5a2479f17f0ecab0b03b6d0dbcab7e6d0f398252a3,3252babc45529bffff1c4562e453cd03455838dae1cbdecd79a409b451c69430
CANON-00375,ACADEMIC_STUDY,INCLUDE,UNCERTAIN,DISAGREEMENT,PENDING_ADJUDICATION,PENDING_ADJUDICATION,adb127e9fac328946d9cac5a2479f17f0ecab0b03b6d0dbcab7e6d0f398252a3,3252babc45529bffff1c4562e453cd03455838dae1cbdecd79a409b451c69430
CANON-00376,ACADEMIC_STUDY,EXCLUDE,EXCLUDE,AGREED_EXCLUDE,TITLE_ABSTRACT_EXCLUDE_AGREED,NO_ADJUDICATION_REQUIRED,adb127e9fac328946d9cac5a2479f17f0ecab0b03b6d0dbcab7e6d0f398252a3,3252babc45529bffff1c4562e453cd03455838dae1cbdecd79a409b451c69430
CANON-00377,ACADEMIC_STUDY,EXCLUDE,EXCLUDE,AGREED_EXCLUDE,TITLE_ABSTRACT_EXCLUDE_AGREED,NO_ADJUDICATION_REQUIRED,adb127e9fac328946d9cac5a2479f17f0ecab0b03b6d0dbcab7e6d0f398252a3,3252babc45529bffff1c4562e453cd03455838dae1cbdecd79a409b451c69430
CANON-00378,ACADEMIC_STUDY,UNCERTAIN,UNCERTAIN,AGREED_ADVANCE,ADVANCE_TO_FULL_TEXT_DUAL_SCREENING,NO_ADJUDICATION_REQUIRED,adb127e9fac328946d9cac5a2479f17f0ecab0b03b6d0dbcab7e6d0f398252a3,3252babc45529bffff1c4562e453cd03455838dae1cbdecd79a409b451c69430
CANON-00379,ACADEMIC_STUDY,EXCLUDE,EXCLUDE,AGREED_EXCLUDE,TITLE_ABSTRACT_EXCLUDE_AGREED,NO_ADJUDICATION_REQUIRED,adb127e9fac328946d9cac5a2479f17f0ecab0b03b6d0dbcab7e6d0f398252a3,3252babc45529bffff1c4562e453cd03455838dae1cbdecd79a409b451c69430
CANON-00380,ACADEMIC_STUDY,EXCLUDE,EXCLUDE,AGREED_EXCLUDE,TITLE_ABSTRACT_EXCLUDE_AGREED,NO_ADJUDICATION_REQUIRED,adb127e9fac328946d9cac5a2479f17f0ecab0b03b6d0dbcab7e6d0f398252a3,3252babc45529bffff1c4562e453cd03455838dae1cbdecd79a409b451c69430
CANON-00381,ACADEMIC_STUDY,EXCLUDE,EXCLUDE,AGREED_EXCLUDE,TITLE_ABSTRACT_EXCLUDE_AGREED,NO_ADJUDICATION_REQUIRED,adb127e9fac328946d9cac5a2479f17f0ecab0b03b6d0dbcab7e6d0f398252a3,3252babc45529bffff1c4562e453cd03455838dae1cbdecd79a409b451c69430
CANON-00382,ACADEMIC_STUDY,EXCLUDE,UNCERTAIN,DISAGREEMENT,PENDING_ADJUDICATION,PENDING_ADJUDICATION,adb127e9fac328946d9cac5a2479f17f0ecab0b03b6d0dbcab7e6d0f398252a3,3252babc45529bffff1c4562e453cd03455838dae1cbdecd79a409b451c69430
CANON-00383,ACADEMIC_STUDY,EXCLUDE,UNCERTAIN,DISAGREEMENT,PENDING_ADJUDICATION,PENDING_ADJUDICATION,adb127e9fac328946d9cac5a2479f17f0ecab0b03b6d0dbcab7e6d0f398252a3,3252babc45529bffff1c4562e453cd03455838dae1cbdecd79a409b451c69430
CANON-00384,ACADEMIC_STUDY,EXCLUDE,EXCLUDE,AGREED_EXCLUDE,TITLE_ABSTRACT_EXCLUDE_AGREED,NO_ADJUDICATION_REQUIRED,adb127e9fac328946d9cac5a2479f17f0ecab0b03b6d0dbcab7e6d0f398252a3,3252babc45529bffff1c4562e453cd03455838dae1cbdecd79a409b451c69430
CANON-00385,ACADEMIC_STUDY,EXCLUDE,EXCLUDE,AGREED_EXCLUDE,TITLE_ABSTRACT_EXCLUDE_AGREED,NO_ADJUDICATION_REQUIRED,adb127e9fac328946d9cac5a2479f17f0ecab0b03b6d0dbcab7e6d0f398252a3,3252babc45529bffff1c4562e453cd03455838dae1cbdecd79a409b451c69430
