record_id,dao_trung_thanh_decision,dao_trung_thanh_reason,loc_dang_decision,loc_dang_reason,agreement_status,adjudication_status,next_workflow_status,dao_file_sha256,loc_file_sha256,adjudicated_decision,adjudication_reason,adjudicator
CANON-00001,INCLUDE,,INCLUDE,,AGREED_INCLUDE,NONE_REQUIRED,ACCEPTED_INCLUDE,9ee07596d5f93373f363fee4960beeab8bce93558b98a847ea1e0744525c2828,94df1846e2bdd53feed710de3d43a1464d747e12a45e0c06759f51cbbdf0b38b,,,
CANON-00002,INCLUDE,,EXCLUDE,EX05_WRONG_SOURCE_TYPE,DISAGREEMENT_DECISION,PENDING_PI_ADJUDICATION,PENDING_PI_ADJUDICATION,9ee07596d5f93373f363fee4960beeab8bce93558b98a847ea1e0744525c2828,94df1846e2bdd53feed710de3d43a1464d747e12a45e0c06759f51cbbdf0b38b,EXCLUDE,EX05_WRONG_SOURCE_TYPE,DAO_TRUNG_THANH
CANON-00003,INCLUDE,,EXCLUDE,EX05_WRONG_SOURCE_TYPE,DISAGREEMENT_DECISION,PENDING_PI_ADJUDICATION,PENDING_PI_ADJUDICATION,9ee07596d5f93373f363fee4960beeab8bce93558b98a847ea1e0744525c2828,94df1846e2bdd53feed710de3d43a1464d747e12a45e0c06759f51cbbdf0b38b,EXCLUDE,EX05_WRONG_SOURCE_TYPE,DAO_TRUNG_THANH
CANON-00004,INCLUDE,,INCLUDE,,AGREED_INCLUDE,NONE_REQUIRED,ACCEPTED_INCLUDE,9ee07596d5f93373f363fee4960beeab8bce93558b98a847ea1e0744525c2828,94df1846e2bdd53feed710de3d43a1464d747e12a45e0c06759f51cbbdf0b38b,,,
CANON-00005,INCLUDE,,INCLUDE,,AGREED_INCLUDE,NONE_REQUIRED,ACCEPTED_INCLUDE,9ee07596d5f93373f363fee4960beeab8bce93558b98a847ea1e0744525c2828,94df1846e2bdd53feed710de3d43a1464d747e12a45e0c06759f51cbbdf0b38b,,,
CANON-00006,INCLUDE,,INCLUDE,,AGREED_INCLUDE,NONE_REQUIRED,ACCEPTED_INCLUDE,9ee07596d5f93373f363fee4960beeab8bce93558b98a847ea1e0744525c2828,94df1846e2bdd53feed710de3d43a1464d747e12a45e0c06759f51cbbdf0b38b,,,
CANON-00007,EXCLUDE,EX05_WRONG_SOURCE_TYPE,EXCLUDE,EX05_WRONG_SOURCE_TYPE,AGREED_EXCLUDE,NONE_REQUIRED,EXCLUDED_EX05_WRONG_SOURCE_TYPE,9ee07596d5f93373f363fee4960beeab8bce93558b98a847ea1e0744525c2828,94df1846e2bdd53feed710de3d43a1464d747e12a45e0c06759f51cbbdf0b38b,,,
CANON-00008,EXCLUDE,EX05_WRONG_SOURCE_TYPE,EXCLUDE,EX05_WRONG_SOURCE_TYPE,AGREED_EXCLUDE,NONE_REQUIRED,EXCLUDED_EX05_WRONG_SOURCE_TYPE,9ee07596d5f93373f363fee4960beeab8bce93558b98a847ea1e0744525c2828,94df1846e2bdd53feed710de3d43a1464d747e12a45e0c06759f51cbbdf0b38b,,,
CANON-00009,EXCLUDE,EX04_NO_ETHICS_GOVERNANCE,EXCLUDE,EX05_WRONG_SOURCE_TYPE,DISAGREEMENT_EXCLUDE_REASON,PENDING_PI_ADJUDICATION,PENDING_PI_ADJUDICATION,9ee07596d5f93373f363fee4960beeab8bce93558b98a847ea1e0744525c2828,94df1846e2bdd53feed710de3d43a1464d747e12a45e0c06759f51cbbdf0b38b,EXCLUDE,EX04_NO_ETHICS_GOVERNANCE,DAO_TRUNG_THANH
CANON-00010,EXCLUDE,EX04_NO_ETHICS_GOVERNANCE,EXCLUDE,EX05_WRONG_SOURCE_TYPE,DISAGREEMENT_EXCLUDE_REASON,PENDING_PI_ADJUDICATION,PENDING_PI_ADJUDICATION,9ee07596d5f93373f363fee4960beeab8bce93558b98a847ea1e0744525c2828,94df1846e2bdd53feed710de3d43a1464d747e12a45e0c06759f51cbbdf0b38b,EXCLUDE,EX04_NO_ETHICS_GOVERNANCE,DAO_TRUNG_THANH
CANON-00011,EXCLUDE,EX02_NOT_HEALTHCARE,EXCLUDE,EX01_NOT_VIETNAM,DISAGREEMENT_EXCLUDE_REASON,PENDING_PI_ADJUDICATION,PENDING_PI_ADJUDICATION,9ee07596d5f93373f363fee4960beeab8bce93558b98a847ea1e0744525c2828,94df1846e2bdd53feed710de3d43a1464d747e12a45e0c06759f51cbbdf0b38b,EXCLUDE,EX02_NOT_HEALTHCARE,DAO_TRUNG_THANH
CANON-00014,INCLUDE,,EXCLUDE,EX04_NO_ETHICS_GOVERNANCE,DISAGREEMENT_DECISION,PENDING_PI_ADJUDICATION,PENDING_PI_ADJUDICATION,9ee07596d5f93373f363fee4960beeab8bce93558b98a847ea1e0744525c2828,94df1846e2bdd53feed710de3d43a1464d747e12a45e0c06759f51cbbdf0b38b,EXCLUDE,EX04_NO_ETHICS_GOVERNANCE,DAO_TRUNG_THANH
CANON-00018,INCLUDE,,EXCLUDE,EX01_NOT_VIETNAM,DISAGREEMENT_DECISION,PENDING_PI_ADJUDICATION,PENDING_PI_ADJUDICATION,9ee07596d5f93373f363fee4960beeab8bce93558b98a847ea1e0744525c2828,94df1846e2bdd53feed710de3d43a1464d747e12a45e0c06759f51cbbdf0b38b,EXCLUDE,EX02_NOT_HEALTHCARE,DAO_TRUNG_THANH
CANON-00019,EXCLUDE,EX04_NO_ETHICS_GOVERNANCE,EXCLUDE,EX04_NO_ETHICS_GOVERNANCE,AGREED_EXCLUDE,NONE_REQUIRED,EXCLUDED_EX04_NO_ETHICS_GOVERNANCE,9ee07596d5f93373f363fee4960beeab8bce93558b98a847ea1e0744525c2828,94df1846e2bdd53feed710de3d43a1464d747e12a45e0c06759f51cbbdf0b38b,,,
CANON-00020,INCLUDE,,EXCLUDE,EX01_NOT_VIETNAM,DISAGREEMENT_DECISION,PENDING_PI_ADJUDICATION,PENDING_PI_ADJUDICATION,9ee07596d5f93373f363fee4960beeab8bce93558b98a847ea1e0744525c2828,94df1846e2bdd53feed710de3d43a1464d747e12a45e0c06759f51cbbdf0b38b,EXCLUDE,EX01_NOT_VIETNAM,DAO_TRUNG_THANH
CANON-00028,EXCLUDE,EX04_NO_ETHICS_GOVERNANCE,EXCLUDE,EX04_NO_ETHICS_GOVERNANCE,AGREED_EXCLUDE,NONE_REQUIRED,EXCLUDED_EX04_NO_ETHICS_GOVERNANCE,9ee07596d5f93373f363fee4960beeab8bce93558b98a847ea1e0744525c2828,94df1846e2bdd53feed710de3d43a1464d747e12a45e0c06759f51cbbdf0b38b,,,
CANON-00038,EXCLUDE,EX04_NO_ETHICS_GOVERNANCE,EXCLUDE,EX04_NO_ETHICS_GOVERNANCE,AGREED_EXCLUDE,NONE_REQUIRED,EXCLUDED_EX04_NO_ETHICS_GOVERNANCE,9ee07596d5f93373f363fee4960beeab8bce93558b98a847ea1e0744525c2828,94df1846e2bdd53feed710de3d43a1464d747e12a45e0c06759f51cbbdf0b38b,,,
CANON-00039,EXCLUDE,EX01_NOT_VIETNAM,EXCLUDE,EX04_NO_ETHICS_GOVERNANCE,DISAGREEMENT_EXCLUDE_REASON,PENDING_PI_ADJUDICATION,PENDING_PI_ADJUDICATION,9ee07596d5f93373f363fee4960beeab8bce93558b98a847ea1e0744525c2828,94df1846e2bdd53feed710de3d43a1464d747e12a45e0c06759f51cbbdf0b38b,EXCLUDE,EX01_NOT_VIETNAM,DAO_TRUNG_THANH
CANON-00040,INCLUDE,,EXCLUDE,EX04_NO_ETHICS_GOVERNANCE,DISAGREEMENT_DECISION,PENDING_PI_ADJUDICATION,PENDING_PI_ADJUDICATION,9ee07596d5f93373f363fee4960beeab8bce93558b98a847ea1e0744525c2828,94df1846e2bdd53feed710de3d43a1464d747e12a45e0c06759f51cbbdf0b38b,EXCLUDE,EX04_NO_ETHICS_GOVERNANCE,DAO_TRUNG_THANH
CANON-00041,EXCLUDE,EX04_NO_ETHICS_GOVERNANCE,EXCLUDE,EX04_NO_ETHICS_GOVERNANCE,AGREED_EXCLUDE,NONE_REQUIRED,EXCLUDED_EX04_NO_ETHICS_GOVERNANCE,9ee07596d5f93373f363fee4960beeab8bce93558b98a847ea1e0744525c2828,94df1846e2bdd53feed710de3d43a1464d747e12a45e0c06759f51cbbdf0b38b,,,
CANON-00042,EXCLUDE,EX02_NOT_HEALTHCARE,EXCLUDE,EX02_NOT_HEALTHCARE,AGREED_EXCLUDE,NONE_REQUIRED,EXCLUDED_EX02_NOT_HEALTHCARE,9ee07596d5f93373f363fee4960beeab8bce93558b98a847ea1e0744525c2828,94df1846e2bdd53feed710de3d43a1464d747e12a45e0c06759f51cbbdf0b38b,,,
CANON-00044,EXCLUDE,EX04_NO_ETHICS_GOVERNANCE,EXCLUDE,EX04_NO_ETHICS_GOVERNANCE,AGREED_EXCLUDE,NONE_REQUIRED,EXCLUDED_EX04_NO_ETHICS_GOVERNANCE,9ee07596d5f93373f363fee4960beeab8bce93558b98a847ea1e0744525c2828,94df1846e2bdd53feed710de3d43a1464d747e12a45e0c06759f51cbbdf0b38b,,,
CANON-00045,EXCLUDE,EX04_NO_ETHICS_GOVERNANCE,EXCLUDE,EX04_NO_ETHICS_GOVERNANCE,AGREED_EXCLUDE,NONE_REQUIRED,EXCLUDED_EX04_NO_ETHICS_GOVERNANCE,9ee07596d5f93373f363fee4960beeab8bce93558b98a847ea1e0744525c2828,94df1846e2bdd53feed710de3d43a1464d747e12a45e0c06759f51cbbdf0b38b,,,
CANON-00048,INCLUDE,,INCLUDE,,AGREED_INCLUDE,NONE_REQUIRED,ACCEPTED_INCLUDE,9ee07596d5f93373f363fee4960beeab8bce93558b98a847ea1e0744525c2828,94df1846e2bdd53feed710de3d43a1464d747e12a45e0c06759f51cbbdf0b38b,,,
CANON-00052,EXCLUDE,EX04_NO_ETHICS_GOVERNANCE,EXCLUDE,EX04_NO_ETHICS_GOVERNANCE,AGREED_EXCLUDE,NONE_REQUIRED,EXCLUDED_EX04_NO_ETHICS_GOVERNANCE,9ee07596d5f93373f363fee4960beeab8bce93558b98a847ea1e0744525c2828,94df1846e2bdd53feed710de3d43a1464d747e12a45e0c06759f51cbbdf0b38b,,,
CANON-00057,EXCLUDE,EX04_NO_ETHICS_GOVERNANCE,EXCLUDE,EX04_NO_ETHICS_GOVERNANCE,AGREED_EXCLUDE,NONE_REQUIRED,EXCLUDED_EX04_NO_ETHICS_GOVERNANCE,9ee07596d5f93373f363fee4960beeab8bce93558b98a847ea1e0744525c2828,94df1846e2bdd53feed710de3d43a1464d747e12a45e0c06759f51cbbdf0b38b,,,
CANON-00059,EXCLUDE,EX01_NOT_VIETNAM,EXCLUDE,EX03_NO_AI,DISAGREEMENT_EXCLUDE_REASON,PENDING_PI_ADJUDICATION,PENDING_PI_ADJUDICATION,9ee07596d5f93373f363fee4960beeab8bce93558b98a847ea1e0744525c2828,94df1846e2bdd53feed710de3d43a1464d747e12a45e0c06759f51cbbdf0b38b,EXCLUDE,EX01_NOT_VIETNAM,DAO_TRUNG_THANH
CANON-00061,INCLUDE,,EXCLUDE,EX04_NO_ETHICS_GOVERNANCE,DISAGREEMENT_DECISION,PENDING_PI_ADJUDICATION,PENDING_PI_ADJUDICATION,9ee07596d5f93373f363fee4960beeab8bce93558b98a847ea1e0744525c2828,94df1846e2bdd53feed710de3d43a1464d747e12a45e0c06759f51cbbdf0b38b,EXCLUDE,EX04_NO_ETHICS_GOVERNANCE,DAO_TRUNG_THANH
CANON-00064,EXCLUDE,EX04_NO_ETHICS_GOVERNANCE,EXCLUDE,EX04_NO_ETHICS_GOVERNANCE,AGREED_EXCLUDE,NONE_REQUIRED,EXCLUDED_EX04_NO_ETHICS_GOVERNANCE,9ee07596d5f93373f363fee4960beeab8bce93558b98a847ea1e0744525c2828,94df1846e2bdd53feed710de3d43a1464d747e12a45e0c06759f51cbbdf0b38b,,,
CANON-00067,INCLUDE,,EXCLUDE,EX04_NO_ETHICS_GOVERNANCE,DISAGREEMENT_DECISION,PENDING_PI_ADJUDICATION,PENDING_PI_ADJUDICATION,9ee07596d5f93373f363fee4960beeab8bce93558b98a847ea1e0744525c2828,94df1846e2bdd53feed710de3d43a1464d747e12a45e0c06759f51cbbdf0b38b,EXCLUDE,EX04_NO_ETHICS_GOVERNANCE,DAO_TRUNG_THANH
CANON-00068,INCLUDE,,INCLUDE,,AGREED_INCLUDE,NONE_REQUIRED,ACCEPTED_INCLUDE,9ee07596d5f93373f363fee4960beeab8bce93558b98a847ea1e0744525c2828,94df1846e2bdd53feed710de3d43a1464d747e12a45e0c06759f51cbbdf0b38b,,,
CANON-00071,INCLUDE,,EXCLUDE,EX04_NO_ETHICS_GOVERNANCE,DISAGREEMENT_DECISION,PENDING_PI_ADJUDICATION,PENDING_PI_ADJUDICATION,9ee07596d5f93373f363fee4960beeab8bce93558b98a847ea1e0744525c2828,94df1846e2bdd53feed710de3d43a1464d747e12a45e0c06759f51cbbdf0b38b,EXCLUDE,EX01_NOT_VIETNAM,DAO_TRUNG_THANH
CANON-00072,EXCLUDE,EX04_NO_ETHICS_GOVERNANCE,EXCLUDE,EX04_NO_ETHICS_GOVERNANCE,AGREED_EXCLUDE,NONE_REQUIRED,EXCLUDED_EX04_NO_ETHICS_GOVERNANCE,9ee07596d5f93373f363fee4960beeab8bce93558b98a847ea1e0744525c2828,94df1846e2bdd53feed710de3d43a1464d747e12a45e0c06759f51cbbdf0b38b,,,
CANON-00074,INCLUDE,,EXCLUDE,EX01_NOT_VIETNAM,DISAGREEMENT_DECISION,PENDING_PI_ADJUDICATION,PENDING_PI_ADJUDICATION,9ee07596d5f93373f363fee4960beeab8bce93558b98a847ea1e0744525c2828,94df1846e2bdd53feed710de3d43a1464d747e12a45e0c06759f51cbbdf0b38b,EXCLUDE,EX01_NOT_VIETNAM,DAO_TRUNG_THANH
CANON-00077,INCLUDE,,INCLUDE,,AGREED_INCLUDE,NONE_REQUIRED,ACCEPTED_INCLUDE,9ee07596d5f93373f363fee4960beeab8bce93558b98a847ea1e0744525c2828,94df1846e2bdd53feed710de3d43a1464d747e12a45e0c06759f51cbbdf0b38b,,,
CANON-00079,EXCLUDE,EX04_NO_ETHICS_GOVERNANCE,EXCLUDE,EX04_NO_ETHICS_GOVERNANCE,AGREED_EXCLUDE,NONE_REQUIRED,EXCLUDED_EX04_NO_ETHICS_GOVERNANCE,9ee07596d5f93373f363fee4960beeab8bce93558b98a847ea1e0744525c2828,94df1846e2bdd53feed710de3d43a1464d747e12a45e0c06759f51cbbdf0b38b,,,
CANON-00081,EXCLUDE,EX04_NO_ETHICS_GOVERNANCE,EXCLUDE,EX04_NO_ETHICS_GOVERNANCE,AGREED_EXCLUDE,NONE_REQUIRED,EXCLUDED_EX04_NO_ETHICS_GOVERNANCE,9ee07596d5f93373f363fee4960beeab8bce93558b98a847ea1e0744525c2828,94df1846e2bdd53feed710de3d43a1464d747e12a45e0c06759f51cbbdf0b38b,,,
CANON-00083,EXCLUDE,EX01_NOT_VIETNAM,EXCLUDE,EX04_NO_ETHICS_GOVERNANCE,DISAGREEMENT_EXCLUDE_REASON,PENDING_PI_ADJUDICATION,PENDING_PI_ADJUDICATION,9ee07596d5f93373f363fee4960beeab8bce93558b98a847ea1e0744525c2828,94df1846e2bdd53feed710de3d43a1464d747e12a45e0c06759f51cbbdf0b38b,EXCLUDE,EX01_NOT_VIETNAM,DAO_TRUNG_THANH
CANON-00085,INCLUDE,,EXCLUDE,EX04_NO_ETHICS_GOVERNANCE,DISAGREEMENT_DECISION,PENDING_PI_ADJUDICATION,PENDING_PI_ADJUDICATION,9ee07596d5f93373f363fee4960beeab8bce93558b98a847ea1e0744525c2828,94df1846e2bdd53feed710de3d43a1464d747e12a45e0c06759f51cbbdf0b38b,EXCLUDE,EX01_NOT_VIETNAM,DAO_TRUNG_THANH
CANON-00086,INCLUDE,,EXCLUDE,EX01_NOT_VIETNAM,DISAGREEMENT_DECISION,PENDING_PI_ADJUDICATION,PENDING_PI_ADJUDICATION,9ee07596d5f93373f363fee4960beeab8bce93558b98a847ea1e0744525c2828,94df1846e2bdd53feed710de3d43a1464d747e12a45e0c06759f51cbbdf0b38b,EXCLUDE,EX01_NOT_VIETNAM,DAO_TRUNG_THANH
CANON-00088,EXCLUDE,EX04_NO_ETHICS_GOVERNANCE,EXCLUDE,EX04_NO_ETHICS_GOVERNANCE,AGREED_EXCLUDE,NONE_REQUIRED,EXCLUDED_EX04_NO_ETHICS_GOVERNANCE,9ee07596d5f93373f363fee4960beeab8bce93558b98a847ea1e0744525c2828,94df1846e2bdd53feed710de3d43a1464d747e12a45e0c06759f51cbbdf0b38b,,,
CANON-00089,INCLUDE,,EXCLUDE,EX04_NO_ETHICS_GOVERNANCE,DISAGREEMENT_DECISION,PENDING_PI_ADJUDICATION,PENDING_PI_ADJUDICATION,9ee07596d5f93373f363fee4960beeab8bce93558b98a847ea1e0744525c2828,94df1846e2bdd53feed710de3d43a1464d747e12a45e0c06759f51cbbdf0b38b,EXCLUDE,EX01_NOT_VIETNAM,DAO_TRUNG_THANH
CANON-00092,EXCLUDE,EX04_NO_ETHICS_GOVERNANCE,EXCLUDE,EX04_NO_ETHICS_GOVERNANCE,AGREED_EXCLUDE,NONE_REQUIRED,EXCLUDED_EX04_NO_ETHICS_GOVERNANCE,9ee07596d5f93373f363fee4960beeab8bce93558b98a847ea1e0744525c2828,94df1846e2bdd53feed710de3d43a1464d747e12a45e0c06759f51cbbdf0b38b,,,
CANON-00093,INCLUDE,,EXCLUDE,EX01_NOT_VIETNAM,DISAGREEMENT_DECISION,PENDING_PI_ADJUDICATION,PENDING_PI_ADJUDICATION,9ee07596d5f93373f363fee4960beeab8bce93558b98a847ea1e0744525c2828,94df1846e2bdd53feed710de3d43a1464d747e12a45e0c06759f51cbbdf0b38b,EXCLUDE,EX04_NO_ETHICS_GOVERNANCE,DAO_TRUNG_THANH
CANON-00094,EXCLUDE,EX04_NO_ETHICS_GOVERNANCE,EXCLUDE,EX04_NO_ETHICS_GOVERNANCE,AGREED_EXCLUDE,NONE_REQUIRED,EXCLUDED_EX04_NO_ETHICS_GOVERNANCE,9ee07596d5f93373f363fee4960beeab8bce93558b98a847ea1e0744525c2828,94df1846e2bdd53feed710de3d43a1464d747e12a45e0c06759f51cbbdf0b38b,,,
CANON-00096,EXCLUDE,EX04_NO_ETHICS_GOVERNANCE,EXCLUDE,EX04_NO_ETHICS_GOVERNANCE,AGREED_EXCLUDE,NONE_REQUIRED,EXCLUDED_EX04_NO_ETHICS_GOVERNANCE,9ee07596d5f93373f363fee4960beeab8bce93558b98a847ea1e0744525c2828,94df1846e2bdd53feed710de3d43a1464d747e12a45e0c06759f51cbbdf0b38b,,,
CANON-00098,INCLUDE,,INCLUDE,,AGREED_INCLUDE,NONE_REQUIRED,ACCEPTED_INCLUDE,9ee07596d5f93373f363fee4960beeab8bce93558b98a847ea1e0744525c2828,94df1846e2bdd53feed710de3d43a1464d747e12a45e0c06759f51cbbdf0b38b,,,
CANON-00101,INCLUDE,,INCLUDE,,AGREED_INCLUDE,NONE_REQUIRED,ACCEPTED_INCLUDE,9ee07596d5f93373f363fee4960beeab8bce93558b98a847ea1e0744525c2828,94df1846e2bdd53feed710de3d43a1464d747e12a45e0c06759f51cbbdf0b38b,,,
CANON-00105,INCLUDE,,INCLUDE,,AGREED_INCLUDE,NONE_REQUIRED,ACCEPTED_INCLUDE,9ee07596d5f93373f363fee4960beeab8bce93558b98a847ea1e0744525c2828,94df1846e2bdd53feed710de3d43a1464d747e12a45e0c06759f51cbbdf0b38b,,,
CANON-00113,EXCLUDE,EX03_NO_AI,EXCLUDE,EX03_NO_AI,AGREED_EXCLUDE,NONE_REQUIRED,EXCLUDED_EX03_NO_AI,9ee07596d5f93373f363fee4960beeab8bce93558b98a847ea1e0744525c2828,94df1846e2bdd53feed710de3d43a1464d747e12a45e0c06759f51cbbdf0b38b,,,
CANON-00114,EXCLUDE,EX01_NOT_VIETNAM,EXCLUDE,EX04_NO_ETHICS_GOVERNANCE,DISAGREEMENT_EXCLUDE_REASON,PENDING_PI_ADJUDICATION,PENDING_PI_ADJUDICATION,9ee07596d5f93373f363fee4960beeab8bce93558b98a847ea1e0744525c2828,94df1846e2bdd53feed710de3d43a1464d747e12a45e0c06759f51cbbdf0b38b,EXCLUDE,EX01_NOT_VIETNAM,DAO_TRUNG_THANH
CANON-00118,EXCLUDE,EX03_NO_AI,EXCLUDE,EX01_NOT_VIETNAM,DISAGREEMENT_EXCLUDE_REASON,PENDING_PI_ADJUDICATION,PENDING_PI_ADJUDICATION,9ee07596d5f93373f363fee4960beeab8bce93558b98a847ea1e0744525c2828,94df1846e2bdd53feed710de3d43a1464d747e12a45e0c06759f51cbbdf0b38b,EXCLUDE,EX03_NO_AI,DAO_TRUNG_THANH
CANON-00122,INCLUDE,,EXCLUDE,EX07_DUPLICATE_NO_NEW_DATA,DISAGREEMENT_DECISION,PENDING_PI_ADJUDICATION,PENDING_PI_ADJUDICATION,9ee07596d5f93373f363fee4960beeab8bce93558b98a847ea1e0744525c2828,94df1846e2bdd53feed710de3d43a1464d747e12a45e0c06759f51cbbdf0b38b,EXCLUDE,EX07_DUPLICATE_NO_NEW_DATA,DAO_TRUNG_THANH
CANON-00123,EXCLUDE,EX01_NOT_VIETNAM,EXCLUDE,EX07_DUPLICATE_NO_NEW_DATA,DISAGREEMENT_EXCLUDE_REASON,PENDING_PI_ADJUDICATION,PENDING_PI_ADJUDICATION,9ee07596d5f93373f363fee4960beeab8bce93558b98a847ea1e0744525c2828,94df1846e2bdd53feed710de3d43a1464d747e12a45e0c06759f51cbbdf0b38b,EXCLUDE,EX07_DUPLICATE_NO_NEW_DATA,DAO_TRUNG_THANH
CANON-00124,INCLUDE,,EXCLUDE,EX04_NO_ETHICS_GOVERNANCE,DISAGREEMENT_DECISION,PENDING_PI_ADJUDICATION,PENDING_PI_ADJUDICATION,9ee07596d5f93373f363fee4960beeab8bce93558b98a847ea1e0744525c2828,94df1846e2bdd53feed710de3d43a1464d747e12a45e0c06759f51cbbdf0b38b,EXCLUDE,EX01_NOT_VIETNAM,DAO_TRUNG_THANH
CANON-00125,INCLUDE,,EXCLUDE,EX04_NO_ETHICS_GOVERNANCE,DISAGREEMENT_DECISION,PENDING_PI_ADJUDICATION,PENDING_PI_ADJUDICATION,9ee07596d5f93373f363fee4960beeab8bce93558b98a847ea1e0744525c2828,94df1846e2bdd53feed710de3d43a1464d747e12a45e0c06759f51cbbdf0b38b,EXCLUDE,EX04_NO_ETHICS_GOVERNANCE,DAO_TRUNG_THANH
CANON-00134,EXCLUDE,EX01_NOT_VIETNAM,EXCLUDE,EX01_NOT_VIETNAM,AGREED_EXCLUDE,NONE_REQUIRED,EXCLUDED_EX01_NOT_VIETNAM,9ee07596d5f93373f363fee4960beeab8bce93558b98a847ea1e0744525c2828,94df1846e2bdd53feed710de3d43a1464d747e12a45e0c06759f51cbbdf0b38b,,,
CANON-00139,INCLUDE,,EXCLUDE,EX04_NO_ETHICS_GOVERNANCE,DISAGREEMENT_DECISION,PENDING_PI_ADJUDICATION,PENDING_PI_ADJUDICATION,9ee07596d5f93373f363fee4960beeab8bce93558b98a847ea1e0744525c2828,94df1846e2bdd53feed710de3d43a1464d747e12a45e0c06759f51cbbdf0b38b,EXCLUDE,EX04_NO_ETHICS_GOVERNANCE,DAO_TRUNG_THANH
CANON-00145,EXCLUDE,EX01_NOT_VIETNAM,EXCLUDE,EX01_NOT_VIETNAM,AGREED_EXCLUDE,NONE_REQUIRED,EXCLUDED_EX01_NOT_VIETNAM,9ee07596d5f93373f363fee4960beeab8bce93558b98a847ea1e0744525c2828,94df1846e2bdd53feed710de3d43a1464d747e12a45e0c06759f51cbbdf0b38b,,,
CANON-00146,EXCLUDE,EX04_NO_ETHICS_GOVERNANCE,EXCLUDE,EX04_NO_ETHICS_GOVERNANCE,AGREED_EXCLUDE,NONE_REQUIRED,EXCLUDED_EX04_NO_ETHICS_GOVERNANCE,9ee07596d5f93373f363fee4960beeab8bce93558b98a847ea1e0744525c2828,94df1846e2bdd53feed710de3d43a1464d747e12a45e0c06759f51cbbdf0b38b,,,
CANON-00148,EXCLUDE,EX04_NO_ETHICS_GOVERNANCE,EXCLUDE,EX04_NO_ETHICS_GOVERNANCE,AGREED_EXCLUDE,NONE_REQUIRED,EXCLUDED_EX04_NO_ETHICS_GOVERNANCE,9ee07596d5f93373f363fee4960beeab8bce93558b98a847ea1e0744525c2828,94df1846e2bdd53feed710de3d43a1464d747e12a45e0c06759f51cbbdf0b38b,,,
CANON-00149,INCLUDE,,EXCLUDE,EX07_DUPLICATE_NO_NEW_DATA,DISAGREEMENT_DECISION,PENDING_PI_ADJUDICATION,PENDING_PI_ADJUDICATION,9ee07596d5f93373f363fee4960beeab8bce93558b98a847ea1e0744525c2828,94df1846e2bdd53feed710de3d43a1464d747e12a45e0c06759f51cbbdf0b38b,EXCLUDE,EX07_DUPLICATE_NO_NEW_DATA,DAO_TRUNG_THANH
CANON-00150,EXCLUDE,EX04_NO_ETHICS_GOVERNANCE,EXCLUDE,EX04_NO_ETHICS_GOVERNANCE,AGREED_EXCLUDE,NONE_REQUIRED,EXCLUDED_EX04_NO_ETHICS_GOVERNANCE,9ee07596d5f93373f363fee4960beeab8bce93558b98a847ea1e0744525c2828,94df1846e2bdd53feed710de3d43a1464d747e12a45e0c06759f51cbbdf0b38b,,,
CANON-00151,INCLUDE,,EXCLUDE,EX02_NOT_HEALTHCARE,DISAGREEMENT_DECISION,PENDING_PI_ADJUDICATION,PENDING_PI_ADJUDICATION,9ee07596d5f93373f363fee4960beeab8bce93558b98a847ea1e0744525c2828,94df1846e2bdd53feed710de3d43a1464d747e12a45e0c06759f51cbbdf0b38b,EXCLUDE,EX02_NOT_HEALTHCARE,DAO_TRUNG_THANH
CANON-00152,INCLUDE,,INCLUDE,,AGREED_INCLUDE,NONE_REQUIRED,ACCEPTED_INCLUDE,9ee07596d5f93373f363fee4960beeab8bce93558b98a847ea1e0744525c2828,94df1846e2bdd53feed710de3d43a1464d747e12a45e0c06759f51cbbdf0b38b,,,
CANON-00157,EXCLUDE,EX01_NOT_VIETNAM,EXCLUDE,EX05_WRONG_SOURCE_TYPE,DISAGREEMENT_EXCLUDE_REASON,PENDING_PI_ADJUDICATION,PENDING_PI_ADJUDICATION,9ee07596d5f93373f363fee4960beeab8bce93558b98a847ea1e0744525c2828,94df1846e2bdd53feed710de3d43a1464d747e12a45e0c06759f51cbbdf0b38b,EXCLUDE,EX05_WRONG_SOURCE_TYPE,DAO_TRUNG_THANH
CANON-00166,INCLUDE,,INCLUDE,,AGREED_INCLUDE,NONE_REQUIRED,ACCEPTED_INCLUDE,9ee07596d5f93373f363fee4960beeab8bce93558b98a847ea1e0744525c2828,94df1846e2bdd53feed710de3d43a1464d747e12a45e0c06759f51cbbdf0b38b,,,
CANON-00169,INCLUDE,,EXCLUDE,EX04_NO_ETHICS_GOVERNANCE,DISAGREEMENT_DECISION,PENDING_PI_ADJUDICATION,PENDING_PI_ADJUDICATION,9ee07596d5f93373f363fee4960beeab8bce93558b98a847ea1e0744525c2828,94df1846e2bdd53feed710de3d43a1464d747e12a45e0c06759f51cbbdf0b38b,EXCLUDE,EX04_NO_ETHICS_GOVERNANCE,DAO_TRUNG_THANH
CANON-00171,INCLUDE,,INCLUDE,,AGREED_INCLUDE,NONE_REQUIRED,ACCEPTED_INCLUDE,9ee07596d5f93373f363fee4960beeab8bce93558b98a847ea1e0744525c2828,94df1846e2bdd53feed710de3d43a1464d747e12a45e0c06759f51cbbdf0b38b,,,
CANON-00176,INCLUDE,,INCLUDE,,AGREED_INCLUDE,NONE_REQUIRED,ACCEPTED_INCLUDE,9ee07596d5f93373f363fee4960beeab8bce93558b98a847ea1e0744525c2828,94df1846e2bdd53feed710de3d43a1464d747e12a45e0c06759f51cbbdf0b38b,,,
CANON-00180,INCLUDE,,INCLUDE,,AGREED_INCLUDE,NONE_REQUIRED,ACCEPTED_INCLUDE,9ee07596d5f93373f363fee4960beeab8bce93558b98a847ea1e0744525c2828,94df1846e2bdd53feed710de3d43a1464d747e12a45e0c06759f51cbbdf0b38b,,,
CANON-00181,INCLUDE,,INCLUDE,,AGREED_INCLUDE,NONE_REQUIRED,ACCEPTED_INCLUDE,9ee07596d5f93373f363fee4960beeab8bce93558b98a847ea1e0744525c2828,94df1846e2bdd53feed710de3d43a1464d747e12a45e0c06759f51cbbdf0b38b,,,
CANON-00182,EXCLUDE,EX04_NO_ETHICS_GOVERNANCE,EXCLUDE,EX04_NO_ETHICS_GOVERNANCE,AGREED_EXCLUDE,NONE_REQUIRED,EXCLUDED_EX04_NO_ETHICS_GOVERNANCE,9ee07596d5f93373f363fee4960beeab8bce93558b98a847ea1e0744525c2828,94df1846e2bdd53feed710de3d43a1464d747e12a45e0c06759f51cbbdf0b38b,,,
CANON-00183,INCLUDE,,INCLUDE,,AGREED_INCLUDE,NONE_REQUIRED,ACCEPTED_INCLUDE,9ee07596d5f93373f363fee4960beeab8bce93558b98a847ea1e0744525c2828,94df1846e2bdd53feed710de3d43a1464d747e12a45e0c06759f51cbbdf0b38b,,,
CANON-00184,INCLUDE,,EXCLUDE,EX04_NO_ETHICS_GOVERNANCE,DISAGREEMENT_DECISION,PENDING_PI_ADJUDICATION,PENDING_PI_ADJUDICATION,9ee07596d5f93373f363fee4960beeab8bce93558b98a847ea1e0744525c2828,94df1846e2bdd53feed710de3d43a1464d747e12a45e0c06759f51cbbdf0b38b,EXCLUDE,EX04_NO_ETHICS_GOVERNANCE,DAO_TRUNG_THANH
CANON-00185,INCLUDE,,INCLUDE,,AGREED_INCLUDE,NONE_REQUIRED,ACCEPTED_INCLUDE,9ee07596d5f93373f363fee4960beeab8bce93558b98a847ea1e0744525c2828,94df1846e2bdd53feed710de3d43a1464d747e12a45e0c06759f51cbbdf0b38b,,,
CANON-00187,EXCLUDE,EX04_NO_ETHICS_GOVERNANCE,EXCLUDE,EX04_NO_ETHICS_GOVERNANCE,AGREED_EXCLUDE,NONE_REQUIRED,EXCLUDED_EX04_NO_ETHICS_GOVERNANCE,9ee07596d5f93373f363fee4960beeab8bce93558b98a847ea1e0744525c2828,94df1846e2bdd53feed710de3d43a1464d747e12a45e0c06759f51cbbdf0b38b,,,
CANON-00188,INCLUDE,,INCLUDE,,AGREED_INCLUDE,NONE_REQUIRED,ACCEPTED_INCLUDE,9ee07596d5f93373f363fee4960beeab8bce93558b98a847ea1e0744525c2828,94df1846e2bdd53feed710de3d43a1464d747e12a45e0c06759f51cbbdf0b38b,,,
CANON-00191,INCLUDE,,INCLUDE,,AGREED_INCLUDE,NONE_REQUIRED,ACCEPTED_INCLUDE,9ee07596d5f93373f363fee4960beeab8bce93558b98a847ea1e0744525c2828,94df1846e2bdd53feed710de3d43a1464d747e12a45e0c06759f51cbbdf0b38b,,,
CANON-00196,INCLUDE,,INCLUDE,,AGREED_INCLUDE,NONE_REQUIRED,ACCEPTED_INCLUDE,9ee07596d5f93373f363fee4960beeab8bce93558b98a847ea1e0744525c2828,94df1846e2bdd53feed710de3d43a1464d747e12a45e0c06759f51cbbdf0b38b,,,
CANON-00198,INCLUDE,,INCLUDE,,AGREED_INCLUDE,NONE_REQUIRED,ACCEPTED_INCLUDE,9ee07596d5f93373f363fee4960beeab8bce93558b98a847ea1e0744525c2828,94df1846e2bdd53feed710de3d43a1464d747e12a45e0c06759f51cbbdf0b38b,,,
CANON-00207,EXCLUDE,EX02_NOT_HEALTHCARE,EXCLUDE,EX01_NOT_VIETNAM,DISAGREEMENT_EXCLUDE_REASON,PENDING_PI_ADJUDICATION,PENDING_PI_ADJUDICATION,9ee07596d5f93373f363fee4960beeab8bce93558b98a847ea1e0744525c2828,94df1846e2bdd53feed710de3d43a1464d747e12a45e0c06759f51cbbdf0b38b,EXCLUDE,EX02_NOT_HEALTHCARE,DAO_TRUNG_THANH
CANON-00209,INCLUDE,,INCLUDE,,AGREED_INCLUDE,NONE_REQUIRED,ACCEPTED_INCLUDE,9ee07596d5f93373f363fee4960beeab8bce93558b98a847ea1e0744525c2828,94df1846e2bdd53feed710de3d43a1464d747e12a45e0c06759f51cbbdf0b38b,,,
CANON-00210,INCLUDE,,INCLUDE,,AGREED_INCLUDE,NONE_REQUIRED,ACCEPTED_INCLUDE,9ee07596d5f93373f363fee4960beeab8bce93558b98a847ea1e0744525c2828,94df1846e2bdd53feed710de3d43a1464d747e12a45e0c06759f51cbbdf0b38b,,,
CANON-00216,EXCLUDE,EX04_NO_ETHICS_GOVERNANCE,EXCLUDE,EX04_NO_ETHICS_GOVERNANCE,AGREED_EXCLUDE,NONE_REQUIRED,EXCLUDED_EX04_NO_ETHICS_GOVERNANCE,9ee07596d5f93373f363fee4960beeab8bce93558b98a847ea1e0744525c2828,94df1846e2bdd53feed710de3d43a1464d747e12a45e0c06759f51cbbdf0b38b,,,
CANON-00217,INCLUDE,,INCLUDE,,AGREED_INCLUDE,NONE_REQUIRED,ACCEPTED_INCLUDE,9ee07596d5f93373f363fee4960beeab8bce93558b98a847ea1e0744525c2828,94df1846e2bdd53feed710de3d43a1464d747e12a45e0c06759f51cbbdf0b38b,,,
CANON-00219,INCLUDE,,EXCLUDE,EX04_NO_ETHICS_GOVERNANCE,DISAGREEMENT_DECISION,PENDING_PI_ADJUDICATION,PENDING_PI_ADJUDICATION,9ee07596d5f93373f363fee4960beeab8bce93558b98a847ea1e0744525c2828,94df1846e2bdd53feed710de3d43a1464d747e12a45e0c06759f51cbbdf0b38b,EXCLUDE,EX01_NOT_VIETNAM,DAO_TRUNG_THANH
CANON-00221,EXCLUDE,EX04_NO_ETHICS_GOVERNANCE,EXCLUDE,EX07_DUPLICATE_NO_NEW_DATA,DISAGREEMENT_EXCLUDE_REASON,PENDING_PI_ADJUDICATION,PENDING_PI_ADJUDICATION,9ee07596d5f93373f363fee4960beeab8bce93558b98a847ea1e0744525c2828,94df1846e2bdd53feed710de3d43a1464d747e12a45e0c06759f51cbbdf0b38b,EXCLUDE,EX04_NO_ETHICS_GOVERNANCE,DAO_TRUNG_THANH
CANON-00222,INCLUDE,,EXCLUDE,EX04_NO_ETHICS_GOVERNANCE,DISAGREEMENT_DECISION,PENDING_PI_ADJUDICATION,PENDING_PI_ADJUDICATION,9ee07596d5f93373f363fee4960beeab8bce93558b98a847ea1e0744525c2828,94df1846e2bdd53feed710de3d43a1464d747e12a45e0c06759f51cbbdf0b38b,EXCLUDE,EX04_NO_ETHICS_GOVERNANCE,DAO_TRUNG_THANH
CANON-00226,EXCLUDE,EX02_NOT_HEALTHCARE,EXCLUDE,EX02_NOT_HEALTHCARE,AGREED_EXCLUDE,NONE_REQUIRED,EXCLUDED_EX02_NOT_HEALTHCARE,9ee07596d5f93373f363fee4960beeab8bce93558b98a847ea1e0744525c2828,94df1846e2bdd53feed710de3d43a1464d747e12a45e0c06759f51cbbdf0b38b,,,
CANON-00228,EXCLUDE,EX04_NO_ETHICS_GOVERNANCE,EXCLUDE,EX04_NO_ETHICS_GOVERNANCE,AGREED_EXCLUDE,NONE_REQUIRED,EXCLUDED_EX04_NO_ETHICS_GOVERNANCE,9ee07596d5f93373f363fee4960beeab8bce93558b98a847ea1e0744525c2828,94df1846e2bdd53feed710de3d43a1464d747e12a45e0c06759f51cbbdf0b38b,,,
CANON-00230,INCLUDE,,INCLUDE,,AGREED_INCLUDE,NONE_REQUIRED,ACCEPTED_INCLUDE,9ee07596d5f93373f363fee4960beeab8bce93558b98a847ea1e0744525c2828,94df1846e2bdd53feed710de3d43a1464d747e12a45e0c06759f51cbbdf0b38b,,,
CANON-00231,EXCLUDE,EX04_NO_ETHICS_GOVERNANCE,EXCLUDE,EX04_NO_ETHICS_GOVERNANCE,AGREED_EXCLUDE,NONE_REQUIRED,EXCLUDED_EX04_NO_ETHICS_GOVERNANCE,9ee07596d5f93373f363fee4960beeab8bce93558b98a847ea1e0744525c2828,94df1846e2bdd53feed710de3d43a1464d747e12a45e0c06759f51cbbdf0b38b,,,
CANON-00232,INCLUDE,,INCLUDE,,AGREED_INCLUDE,NONE_REQUIRED,ACCEPTED_INCLUDE,9ee07596d5f93373f363fee4960beeab8bce93558b98a847ea1e0744525c2828,94df1846e2bdd53feed710de3d43a1464d747e12a45e0c06759f51cbbdf0b38b,,,
CANON-00234,INCLUDE,,INCLUDE,,AGREED_INCLUDE,NONE_REQUIRED,ACCEPTED_INCLUDE,9ee07596d5f93373f363fee4960beeab8bce93558b98a847ea1e0744525c2828,94df1846e2bdd53feed710de3d43a1464d747e12a45e0c06759f51cbbdf0b38b,,,
CANON-00235,INCLUDE,,INCLUDE,,AGREED_INCLUDE,NONE_REQUIRED,ACCEPTED_INCLUDE,9ee07596d5f93373f363fee4960beeab8bce93558b98a847ea1e0744525c2828,94df1846e2bdd53feed710de3d43a1464d747e12a45e0c06759f51cbbdf0b38b,,,
CANON-00236,INCLUDE,,INCLUDE,,AGREED_INCLUDE,NONE_REQUIRED,ACCEPTED_INCLUDE,9ee07596d5f93373f363fee4960beeab8bce93558b98a847ea1e0744525c2828,94df1846e2bdd53feed710de3d43a1464d747e12a45e0c06759f51cbbdf0b38b,,,
CANON-00237,INCLUDE,,EXCLUDE,EX04_NO_ETHICS_GOVERNANCE,DISAGREEMENT_DECISION,PENDING_PI_ADJUDICATION,PENDING_PI_ADJUDICATION,9ee07596d5f93373f363fee4960beeab8bce93558b98a847ea1e0744525c2828,94df1846e2bdd53feed710de3d43a1464d747e12a45e0c06759f51cbbdf0b38b,EXCLUDE,EX01_NOT_VIETNAM,DAO_TRUNG_THANH
CANON-00238,INCLUDE,,INCLUDE,,AGREED_INCLUDE,NONE_REQUIRED,ACCEPTED_INCLUDE,9ee07596d5f93373f363fee4960beeab8bce93558b98a847ea1e0744525c2828,94df1846e2bdd53feed710de3d43a1464d747e12a45e0c06759f51cbbdf0b38b,,,
CANON-00239,INCLUDE,,EXCLUDE,EX04_NO_ETHICS_GOVERNANCE,DISAGREEMENT_DECISION,PENDING_PI_ADJUDICATION,PENDING_PI_ADJUDICATION,9ee07596d5f93373f363fee4960beeab8bce93558b98a847ea1e0744525c2828,94df1846e2bdd53feed710de3d43a1464d747e12a45e0c06759f51cbbdf0b38b,EXCLUDE,EX04_NO_ETHICS_GOVERNANCE,DAO_TRUNG_THANH
CANON-00240,INCLUDE,,EXCLUDE,EX07_DUPLICATE_NO_NEW_DATA,DISAGREEMENT_DECISION,PENDING_PI_ADJUDICATION,PENDING_PI_ADJUDICATION,9ee07596d5f93373f363fee4960beeab8bce93558b98a847ea1e0744525c2828,94df1846e2bdd53feed710de3d43a1464d747e12a45e0c06759f51cbbdf0b38b,EXCLUDE,EX07_DUPLICATE_NO_NEW_DATA,DAO_TRUNG_THANH
CANON-00241,EXCLUDE,EX04_NO_ETHICS_GOVERNANCE,EXCLUDE,EX07_DUPLICATE_NO_NEW_DATA,DISAGREEMENT_EXCLUDE_REASON,PENDING_PI_ADJUDICATION,PENDING_PI_ADJUDICATION,9ee07596d5f93373f363fee4960beeab8bce93558b98a847ea1e0744525c2828,94df1846e2bdd53feed710de3d43a1464d747e12a45e0c06759f51cbbdf0b38b,EXCLUDE,EX07_DUPLICATE_NO_NEW_DATA,DAO_TRUNG_THANH
CANON-00242,INCLUDE,,EXCLUDE,EX07_DUPLICATE_NO_NEW_DATA,DISAGREEMENT_DECISION,PENDING_PI_ADJUDICATION,PENDING_PI_ADJUDICATION,9ee07596d5f93373f363fee4960beeab8bce93558b98a847ea1e0744525c2828,94df1846e2bdd53feed710de3d43a1464d747e12a45e0c06759f51cbbdf0b38b,EXCLUDE,EX07_DUPLICATE_NO_NEW_DATA,DAO_TRUNG_THANH
CANON-00243,INCLUDE,,INCLUDE,,AGREED_INCLUDE,NONE_REQUIRED,ACCEPTED_INCLUDE,9ee07596d5f93373f363fee4960beeab8bce93558b98a847ea1e0744525c2828,94df1846e2bdd53feed710de3d43a1464d747e12a45e0c06759f51cbbdf0b38b,,,
CANON-00244,INCLUDE,,EXCLUDE,EX07_DUPLICATE_NO_NEW_DATA,DISAGREEMENT_DECISION,PENDING_PI_ADJUDICATION,PENDING_PI_ADJUDICATION,9ee07596d5f93373f363fee4960beeab8bce93558b98a847ea1e0744525c2828,94df1846e2bdd53feed710de3d43a1464d747e12a45e0c06759f51cbbdf0b38b,EXCLUDE,EX07_DUPLICATE_NO_NEW_DATA,DAO_TRUNG_THANH
CANON-00245,INCLUDE,,EXCLUDE,EX07_DUPLICATE_NO_NEW_DATA,DISAGREEMENT_DECISION,PENDING_PI_ADJUDICATION,PENDING_PI_ADJUDICATION,9ee07596d5f93373f363fee4960beeab8bce93558b98a847ea1e0744525c2828,94df1846e2bdd53feed710de3d43a1464d747e12a45e0c06759f51cbbdf0b38b,EXCLUDE,EX07_DUPLICATE_NO_NEW_DATA,DAO_TRUNG_THANH
CANON-00247,INCLUDE,,INCLUDE,,AGREED_INCLUDE,NONE_REQUIRED,ACCEPTED_INCLUDE,9ee07596d5f93373f363fee4960beeab8bce93558b98a847ea1e0744525c2828,94df1846e2bdd53feed710de3d43a1464d747e12a45e0c06759f51cbbdf0b38b,,,
CANON-00248,INCLUDE,,EXCLUDE,EX04_NO_ETHICS_GOVERNANCE,DISAGREEMENT_DECISION,PENDING_PI_ADJUDICATION,PENDING_PI_ADJUDICATION,9ee07596d5f93373f363fee4960beeab8bce93558b98a847ea1e0744525c2828,94df1846e2bdd53feed710de3d43a1464d747e12a45e0c06759f51cbbdf0b38b,EXCLUDE,EX04_NO_ETHICS_GOVERNANCE,DAO_TRUNG_THANH
CANON-00249,INCLUDE,,INCLUDE,,AGREED_INCLUDE,NONE_REQUIRED,ACCEPTED_INCLUDE,9ee07596d5f93373f363fee4960beeab8bce93558b98a847ea1e0744525c2828,94df1846e2bdd53feed710de3d43a1464d747e12a45e0c06759f51cbbdf0b38b,,,
CANON-00250,INCLUDE,,INCLUDE,,AGREED_INCLUDE,NONE_REQUIRED,ACCEPTED_INCLUDE,9ee07596d5f93373f363fee4960beeab8bce93558b98a847ea1e0744525c2828,94df1846e2bdd53feed710de3d43a1464d747e12a45e0c06759f51cbbdf0b38b,,,
CANON-00251,INCLUDE,,INCLUDE,,AGREED_INCLUDE,NONE_REQUIRED,ACCEPTED_INCLUDE,9ee07596d5f93373f363fee4960beeab8bce93558b98a847ea1e0744525c2828,94df1846e2bdd53feed710de3d43a1464d747e12a45e0c06759f51cbbdf0b38b,,,
CANON-00252,EXCLUDE,EX01_NOT_VIETNAM,EXCLUDE,EX01_NOT_VIETNAM,AGREED_EXCLUDE,NONE_REQUIRED,EXCLUDED_EX01_NOT_VIETNAM,9ee07596d5f93373f363fee4960beeab8bce93558b98a847ea1e0744525c2828,94df1846e2bdd53feed710de3d43a1464d747e12a45e0c06759f51cbbdf0b38b,,,
CANON-00254,INCLUDE,,INCLUDE,,AGREED_INCLUDE,NONE_REQUIRED,ACCEPTED_INCLUDE,9ee07596d5f93373f363fee4960beeab8bce93558b98a847ea1e0744525c2828,94df1846e2bdd53feed710de3d43a1464d747e12a45e0c06759f51cbbdf0b38b,,,
CANON-00255,INCLUDE,,EXCLUDE,EX04_NO_ETHICS_GOVERNANCE,DISAGREEMENT_DECISION,PENDING_PI_ADJUDICATION,PENDING_PI_ADJUDICATION,9ee07596d5f93373f363fee4960beeab8bce93558b98a847ea1e0744525c2828,94df1846e2bdd53feed710de3d43a1464d747e12a45e0c06759f51cbbdf0b38b,EXCLUDE,EX04_NO_ETHICS_GOVERNANCE,DAO_TRUNG_THANH
CANON-00257,EXCLUDE,EX01_NOT_VIETNAM,EXCLUDE,EX04_NO_ETHICS_GOVERNANCE,DISAGREEMENT_EXCLUDE_REASON,PENDING_PI_ADJUDICATION,PENDING_PI_ADJUDICATION,9ee07596d5f93373f363fee4960beeab8bce93558b98a847ea1e0744525c2828,94df1846e2bdd53feed710de3d43a1464d747e12a45e0c06759f51cbbdf0b38b,EXCLUDE,EX01_NOT_VIETNAM,DAO_TRUNG_THANH
CANON-00258,INCLUDE,,EXCLUDE,EX04_NO_ETHICS_GOVERNANCE,DISAGREEMENT_DECISION,PENDING_PI_ADJUDICATION,PENDING_PI_ADJUDICATION,9ee07596d5f93373f363fee4960beeab8bce93558b98a847ea1e0744525c2828,94df1846e2bdd53feed710de3d43a1464d747e12a45e0c06759f51cbbdf0b38b,EXCLUDE,EX01_NOT_VIETNAM,DAO_TRUNG_THANH
CANON-00259,INCLUDE,,EXCLUDE,EX04_NO_ETHICS_GOVERNANCE,DISAGREEMENT_DECISION,PENDING_PI_ADJUDICATION,PENDING_PI_ADJUDICATION,9ee07596d5f93373f363fee4960beeab8bce93558b98a847ea1e0744525c2828,94df1846e2bdd53feed710de3d43a1464d747e12a45e0c06759f51cbbdf0b38b,EXCLUDE,EX01_NOT_VIETNAM,DAO_TRUNG_THANH
CANON-00260,INCLUDE,,INCLUDE,,AGREED_INCLUDE,NONE_REQUIRED,ACCEPTED_INCLUDE,9ee07596d5f93373f363fee4960beeab8bce93558b98a847ea1e0744525c2828,94df1846e2bdd53feed710de3d43a1464d747e12a45e0c06759f51cbbdf0b38b,,,
CANON-00262,INCLUDE,,INCLUDE,,AGREED_INCLUDE,NONE_REQUIRED,ACCEPTED_INCLUDE,9ee07596d5f93373f363fee4960beeab8bce93558b98a847ea1e0744525c2828,94df1846e2bdd53feed710de3d43a1464d747e12a45e0c06759f51cbbdf0b38b,,,
CANON-00266,INCLUDE,,INCLUDE,,AGREED_INCLUDE,NONE_REQUIRED,ACCEPTED_INCLUDE,9ee07596d5f93373f363fee4960beeab8bce93558b98a847ea1e0744525c2828,94df1846e2bdd53feed710de3d43a1464d747e12a45e0c06759f51cbbdf0b38b,,,
CANON-00267,INCLUDE,,EXCLUDE,EX04_NO_ETHICS_GOVERNANCE,DISAGREEMENT_DECISION,PENDING_PI_ADJUDICATION,PENDING_PI_ADJUDICATION,9ee07596d5f93373f363fee4960beeab8bce93558b98a847ea1e0744525c2828,94df1846e2bdd53feed710de3d43a1464d747e12a45e0c06759f51cbbdf0b38b,EXCLUDE,EX04_NO_ETHICS_GOVERNANCE,DAO_TRUNG_THANH
CANON-00269,INCLUDE,,EXCLUDE,EX01_NOT_VIETNAM,DISAGREEMENT_DECISION,PENDING_PI_ADJUDICATION,PENDING_PI_ADJUDICATION,9ee07596d5f93373f363fee4960beeab8bce93558b98a847ea1e0744525c2828,94df1846e2bdd53feed710de3d43a1464d747e12a45e0c06759f51cbbdf0b38b,EXCLUDE,EX01_NOT_VIETNAM,DAO_TRUNG_THANH
CANON-00277,INCLUDE,,EXCLUDE,EX04_NO_ETHICS_GOVERNANCE,DISAGREEMENT_DECISION,PENDING_PI_ADJUDICATION,PENDING_PI_ADJUDICATION,9ee07596d5f93373f363fee4960beeab8bce93558b98a847ea1e0744525c2828,94df1846e2bdd53feed710de3d43a1464d747e12a45e0c06759f51cbbdf0b38b,EXCLUDE,EX04_NO_ETHICS_GOVERNANCE,DAO_TRUNG_THANH
CANON-00278,EXCLUDE,EX04_NO_ETHICS_GOVERNANCE,EXCLUDE,EX04_NO_ETHICS_GOVERNANCE,AGREED_EXCLUDE,NONE_REQUIRED,EXCLUDED_EX04_NO_ETHICS_GOVERNANCE,9ee07596d5f93373f363fee4960beeab8bce93558b98a847ea1e0744525c2828,94df1846e2bdd53feed710de3d43a1464d747e12a45e0c06759f51cbbdf0b38b,,,
CANON-00281,INCLUDE,,EXCLUDE,EX01_NOT_VIETNAM,DISAGREEMENT_DECISION,PENDING_PI_ADJUDICATION,PENDING_PI_ADJUDICATION,9ee07596d5f93373f363fee4960beeab8bce93558b98a847ea1e0744525c2828,94df1846e2bdd53feed710de3d43a1464d747e12a45e0c06759f51cbbdf0b38b,INCLUDE,,DAO_TRUNG_THANH
CANON-00282,EXCLUDE,EX02_NOT_HEALTHCARE,EXCLUDE,EX02_NOT_HEALTHCARE,AGREED_EXCLUDE,NONE_REQUIRED,EXCLUDED_EX02_NOT_HEALTHCARE,9ee07596d5f93373f363fee4960beeab8bce93558b98a847ea1e0744525c2828,94df1846e2bdd53feed710de3d43a1464d747e12a45e0c06759f51cbbdf0b38b,,,
CANON-00283,INCLUDE,,INCLUDE,,AGREED_INCLUDE,NONE_REQUIRED,ACCEPTED_INCLUDE,9ee07596d5f93373f363fee4960beeab8bce93558b98a847ea1e0744525c2828,94df1846e2bdd53feed710de3d43a1464d747e12a45e0c06759f51cbbdf0b38b,,,
CANON-00287,INCLUDE,,EXCLUDE,EX04_NO_ETHICS_GOVERNANCE,DISAGREEMENT_DECISION,PENDING_PI_ADJUDICATION,PENDING_PI_ADJUDICATION,9ee07596d5f93373f363fee4960beeab8bce93558b98a847ea1e0744525c2828,94df1846e2bdd53feed710de3d43a1464d747e12a45e0c06759f51cbbdf0b38b,EXCLUDE,EX04_NO_ETHICS_GOVERNANCE,DAO_TRUNG_THANH
CANON-00288,INCLUDE,,EXCLUDE,EX04_NO_ETHICS_GOVERNANCE,DISAGREEMENT_DECISION,PENDING_PI_ADJUDICATION,PENDING_PI_ADJUDICATION,9ee07596d5f93373f363fee4960beeab8bce93558b98a847ea1e0744525c2828,94df1846e2bdd53feed710de3d43a1464d747e12a45e0c06759f51cbbdf0b38b,EXCLUDE,EX04_NO_ETHICS_GOVERNANCE,DAO_TRUNG_THANH
CANON-00290,INCLUDE,,INCLUDE,,AGREED_INCLUDE,NONE_REQUIRED,ACCEPTED_INCLUDE,9ee07596d5f93373f363fee4960beeab8bce93558b98a847ea1e0744525c2828,94df1846e2bdd53feed710de3d43a1464d747e12a45e0c06759f51cbbdf0b38b,,,
CANON-00294,EXCLUDE,EX04_NO_ETHICS_GOVERNANCE,EXCLUDE,EX04_NO_ETHICS_GOVERNANCE,AGREED_EXCLUDE,NONE_REQUIRED,EXCLUDED_EX04_NO_ETHICS_GOVERNANCE,9ee07596d5f93373f363fee4960beeab8bce93558b98a847ea1e0744525c2828,94df1846e2bdd53feed710de3d43a1464d747e12a45e0c06759f51cbbdf0b38b,,,
CANON-00297,EXCLUDE,EX04_NO_ETHICS_GOVERNANCE,EXCLUDE,EX04_NO_ETHICS_GOVERNANCE,AGREED_EXCLUDE,NONE_REQUIRED,EXCLUDED_EX04_NO_ETHICS_GOVERNANCE,9ee07596d5f93373f363fee4960beeab8bce93558b98a847ea1e0744525c2828,94df1846e2bdd53feed710de3d43a1464d747e12a45e0c06759f51cbbdf0b38b,,,
CANON-00299,INCLUDE,,INCLUDE,,AGREED_INCLUDE,NONE_REQUIRED,ACCEPTED_INCLUDE,9ee07596d5f93373f363fee4960beeab8bce93558b98a847ea1e0744525c2828,94df1846e2bdd53feed710de3d43a1464d747e12a45e0c06759f51cbbdf0b38b,,,
CANON-00303,INCLUDE,,INCLUDE,,AGREED_INCLUDE,NONE_REQUIRED,ACCEPTED_INCLUDE,9ee07596d5f93373f363fee4960beeab8bce93558b98a847ea1e0744525c2828,94df1846e2bdd53feed710de3d43a1464d747e12a45e0c06759f51cbbdf0b38b,,,
CANON-00304,INCLUDE,,EXCLUDE,EX04_NO_ETHICS_GOVERNANCE,DISAGREEMENT_DECISION,PENDING_PI_ADJUDICATION,PENDING_PI_ADJUDICATION,9ee07596d5f93373f363fee4960beeab8bce93558b98a847ea1e0744525c2828,94df1846e2bdd53feed710de3d43a1464d747e12a45e0c06759f51cbbdf0b38b,EXCLUDE,EX04_NO_ETHICS_GOVERNANCE,DAO_TRUNG_THANH
CANON-00305,INCLUDE,,EXCLUDE,EX02_NOT_HEALTHCARE,DISAGREEMENT_DECISION,PENDING_PI_ADJUDICATION,PENDING_PI_ADJUDICATION,9ee07596d5f93373f363fee4960beeab8bce93558b98a847ea1e0744525c2828,94df1846e2bdd53feed710de3d43a1464d747e12a45e0c06759f51cbbdf0b38b,EXCLUDE,EX02_NOT_HEALTHCARE,DAO_TRUNG_THANH
CANON-00307,EXCLUDE,EX01_NOT_VIETNAM,EXCLUDE,EX04_NO_ETHICS_GOVERNANCE,DISAGREEMENT_EXCLUDE_REASON,PENDING_PI_ADJUDICATION,PENDING_PI_ADJUDICATION,9ee07596d5f93373f363fee4960beeab8bce93558b98a847ea1e0744525c2828,94df1846e2bdd53feed710de3d43a1464d747e12a45e0c06759f51cbbdf0b38b,EXCLUDE,EX01_NOT_VIETNAM,DAO_TRUNG_THANH
CANON-00310,INCLUDE,,EXCLUDE,EX02_NOT_HEALTHCARE,DISAGREEMENT_DECISION,PENDING_PI_ADJUDICATION,PENDING_PI_ADJUDICATION,9ee07596d5f93373f363fee4960beeab8bce93558b98a847ea1e0744525c2828,94df1846e2bdd53feed710de3d43a1464d747e12a45e0c06759f51cbbdf0b38b,EXCLUDE,EX02_NOT_HEALTHCARE,DAO_TRUNG_THANH
CANON-00312,INCLUDE,,EXCLUDE,EX04_NO_ETHICS_GOVERNANCE,DISAGREEMENT_DECISION,PENDING_PI_ADJUDICATION,PENDING_PI_ADJUDICATION,9ee07596d5f93373f363fee4960beeab8bce93558b98a847ea1e0744525c2828,94df1846e2bdd53feed710de3d43a1464d747e12a45e0c06759f51cbbdf0b38b,EXCLUDE,EX04_NO_ETHICS_GOVERNANCE,DAO_TRUNG_THANH
CANON-00313,EXCLUDE,EX01_NOT_VIETNAM,EXCLUDE,EX04_NO_ETHICS_GOVERNANCE,DISAGREEMENT_EXCLUDE_REASON,PENDING_PI_ADJUDICATION,PENDING_PI_ADJUDICATION,9ee07596d5f93373f363fee4960beeab8bce93558b98a847ea1e0744525c2828,94df1846e2bdd53feed710de3d43a1464d747e12a45e0c06759f51cbbdf0b38b,EXCLUDE,EX01_NOT_VIETNAM,DAO_TRUNG_THANH
CANON-00314,INCLUDE,,EXCLUDE,EX02_NOT_HEALTHCARE,DISAGREEMENT_DECISION,PENDING_PI_ADJUDICATION,PENDING_PI_ADJUDICATION,9ee07596d5f93373f363fee4960beeab8bce93558b98a847ea1e0744525c2828,94df1846e2bdd53feed710de3d43a1464d747e12a45e0c06759f51cbbdf0b38b,EXCLUDE,EX04_NO_ETHICS_GOVERNANCE,DAO_TRUNG_THANH
CANON-00315,INCLUDE,,EXCLUDE,EX07_DUPLICATE_NO_NEW_DATA,DISAGREEMENT_DECISION,PENDING_PI_ADJUDICATION,PENDING_PI_ADJUDICATION,9ee07596d5f93373f363fee4960beeab8bce93558b98a847ea1e0744525c2828,94df1846e2bdd53feed710de3d43a1464d747e12a45e0c06759f51cbbdf0b38b,EXCLUDE,EX07_DUPLICATE_NO_NEW_DATA,DAO_TRUNG_THANH
CANON-00317,INCLUDE,,EXCLUDE,EX07_DUPLICATE_NO_NEW_DATA,DISAGREEMENT_DECISION,PENDING_PI_ADJUDICATION,PENDING_PI_ADJUDICATION,9ee07596d5f93373f363fee4960beeab8bce93558b98a847ea1e0744525c2828,94df1846e2bdd53feed710de3d43a1464d747e12a45e0c06759f51cbbdf0b38b,EXCLUDE,EX04_NO_ETHICS_GOVERNANCE,DAO_TRUNG_THANH
CANON-00319,INCLUDE,,EXCLUDE,EX07_DUPLICATE_NO_NEW_DATA,DISAGREEMENT_DECISION,PENDING_PI_ADJUDICATION,PENDING_PI_ADJUDICATION,9ee07596d5f93373f363fee4960beeab8bce93558b98a847ea1e0744525c2828,94df1846e2bdd53feed710de3d43a1464d747e12a45e0c06759f51cbbdf0b38b,INCLUDE,,DAO_TRUNG_THANH
CANON-00320,INCLUDE,,EXCLUDE,EX04_NO_ETHICS_GOVERNANCE,DISAGREEMENT_DECISION,PENDING_PI_ADJUDICATION,PENDING_PI_ADJUDICATION,9ee07596d5f93373f363fee4960beeab8bce93558b98a847ea1e0744525c2828,94df1846e2bdd53feed710de3d43a1464d747e12a45e0c06759f51cbbdf0b38b,EXCLUDE,EX04_NO_ETHICS_GOVERNANCE,DAO_TRUNG_THANH
CANON-00321,EXCLUDE,EX03_NO_AI,EXCLUDE,EX03_NO_AI,AGREED_EXCLUDE,NONE_REQUIRED,EXCLUDED_EX03_NO_AI,9ee07596d5f93373f363fee4960beeab8bce93558b98a847ea1e0744525c2828,94df1846e2bdd53feed710de3d43a1464d747e12a45e0c06759f51cbbdf0b38b,,,
CANON-00322,EXCLUDE,EX04_NO_ETHICS_GOVERNANCE,EXCLUDE,EX04_NO_ETHICS_GOVERNANCE,AGREED_EXCLUDE,NONE_REQUIRED,EXCLUDED_EX04_NO_ETHICS_GOVERNANCE,9ee07596d5f93373f363fee4960beeab8bce93558b98a847ea1e0744525c2828,94df1846e2bdd53feed710de3d43a1464d747e12a45e0c06759f51cbbdf0b38b,,,
CANON-00324,INCLUDE,,EXCLUDE,EX04_NO_ETHICS_GOVERNANCE,DISAGREEMENT_DECISION,PENDING_PI_ADJUDICATION,PENDING_PI_ADJUDICATION,9ee07596d5f93373f363fee4960beeab8bce93558b98a847ea1e0744525c2828,94df1846e2bdd53feed710de3d43a1464d747e12a45e0c06759f51cbbdf0b38b,EXCLUDE,EX04_NO_ETHICS_GOVERNANCE,DAO_TRUNG_THANH
CANON-00335,INCLUDE,,INCLUDE,,AGREED_INCLUDE,NONE_REQUIRED,ACCEPTED_INCLUDE,9ee07596d5f93373f363fee4960beeab8bce93558b98a847ea1e0744525c2828,94df1846e2bdd53feed710de3d43a1464d747e12a45e0c06759f51cbbdf0b38b,,,
CANON-00336,EXCLUDE,EX07_DUPLICATE_NO_NEW_DATA,EXCLUDE,EX07_DUPLICATE_NO_NEW_DATA,AGREED_EXCLUDE,NONE_REQUIRED,EXCLUDED_EX07_DUPLICATE_NO_NEW_DATA,9ee07596d5f93373f363fee4960beeab8bce93558b98a847ea1e0744525c2828,94df1846e2bdd53feed710de3d43a1464d747e12a45e0c06759f51cbbdf0b38b,,,
CANON-00344,INCLUDE,,EXCLUDE,EX04_NO_ETHICS_GOVERNANCE,DISAGREEMENT_DECISION,PENDING_PI_ADJUDICATION,PENDING_PI_ADJUDICATION,9ee07596d5f93373f363fee4960beeab8bce93558b98a847ea1e0744525c2828,94df1846e2bdd53feed710de3d43a1464d747e12a45e0c06759f51cbbdf0b38b,EXCLUDE,EX04_NO_ETHICS_GOVERNANCE,DAO_TRUNG_THANH
CANON-00356,EXCLUDE,EX04_NO_ETHICS_GOVERNANCE,EXCLUDE,EX04_NO_ETHICS_GOVERNANCE,AGREED_EXCLUDE,NONE_REQUIRED,EXCLUDED_EX04_NO_ETHICS_GOVERNANCE,9ee07596d5f93373f363fee4960beeab8bce93558b98a847ea1e0744525c2828,94df1846e2bdd53feed710de3d43a1464d747e12a45e0c06759f51cbbdf0b38b,,,
CANON-00357,INCLUDE,,EXCLUDE,EX04_NO_ETHICS_GOVERNANCE,DISAGREEMENT_DECISION,PENDING_PI_ADJUDICATION,PENDING_PI_ADJUDICATION,9ee07596d5f93373f363fee4960beeab8bce93558b98a847ea1e0744525c2828,94df1846e2bdd53feed710de3d43a1464d747e12a45e0c06759f51cbbdf0b38b,EXCLUDE,EX01_NOT_VIETNAM,DAO_TRUNG_THANH
CANON-00358,EXCLUDE,EX02_NOT_HEALTHCARE,EXCLUDE,EX01_NOT_VIETNAM,DISAGREEMENT_EXCLUDE_REASON,PENDING_PI_ADJUDICATION,PENDING_PI_ADJUDICATION,9ee07596d5f93373f363fee4960beeab8bce93558b98a847ea1e0744525c2828,94df1846e2bdd53feed710de3d43a1464d747e12a45e0c06759f51cbbdf0b38b,EXCLUDE,EX02_NOT_HEALTHCARE,DAO_TRUNG_THANH
CANON-00359,INCLUDE,,INCLUDE,,AGREED_INCLUDE,NONE_REQUIRED,ACCEPTED_INCLUDE,9ee07596d5f93373f363fee4960beeab8bce93558b98a847ea1e0744525c2828,94df1846e2bdd53feed710de3d43a1464d747e12a45e0c06759f51cbbdf0b38b,,,
CANON-00360,INCLUDE,,EXCLUDE,EX01_NOT_VIETNAM,DISAGREEMENT_DECISION,PENDING_PI_ADJUDICATION,PENDING_PI_ADJUDICATION,9ee07596d5f93373f363fee4960beeab8bce93558b98a847ea1e0744525c2828,94df1846e2bdd53feed710de3d43a1464d747e12a45e0c06759f51cbbdf0b38b,EXCLUDE,EX01_NOT_VIETNAM,DAO_TRUNG_THANH
CANON-00365,INCLUDE,,EXCLUDE,EX04_NO_ETHICS_GOVERNANCE,DISAGREEMENT_DECISION,PENDING_PI_ADJUDICATION,PENDING_PI_ADJUDICATION,9ee07596d5f93373f363fee4960beeab8bce93558b98a847ea1e0744525c2828,94df1846e2bdd53feed710de3d43a1464d747e12a45e0c06759f51cbbdf0b38b,EXCLUDE,EX04_NO_ETHICS_GOVERNANCE,DAO_TRUNG_THANH
CANON-00366,EXCLUDE,EX07_DUPLICATE_NO_NEW_DATA,EXCLUDE,EX07_DUPLICATE_NO_NEW_DATA,AGREED_EXCLUDE,NONE_REQUIRED,EXCLUDED_EX07_DUPLICATE_NO_NEW_DATA,9ee07596d5f93373f363fee4960beeab8bce93558b98a847ea1e0744525c2828,94df1846e2bdd53feed710de3d43a1464d747e12a45e0c06759f51cbbdf0b38b,,,
CANON-00367,EXCLUDE,EX07_DUPLICATE_NO_NEW_DATA,EXCLUDE,EX07_DUPLICATE_NO_NEW_DATA,AGREED_EXCLUDE,NONE_REQUIRED,EXCLUDED_EX07_DUPLICATE_NO_NEW_DATA,9ee07596d5f93373f363fee4960beeab8bce93558b98a847ea1e0744525c2828,94df1846e2bdd53feed710de3d43a1464d747e12a45e0c06759f51cbbdf0b38b,,,
CANON-00370,INCLUDE,,INCLUDE,,AGREED_INCLUDE,NONE_REQUIRED,ACCEPTED_INCLUDE,9ee07596d5f93373f363fee4960beeab8bce93558b98a847ea1e0744525c2828,94df1846e2bdd53feed710de3d43a1464d747e12a45e0c06759f51cbbdf0b38b,,,
CANON-00372,EXCLUDE,EX05_WRONG_SOURCE_TYPE,EXCLUDE,EX04_NO_ETHICS_GOVERNANCE,DISAGREEMENT_EXCLUDE_REASON,PENDING_PI_ADJUDICATION,PENDING_PI_ADJUDICATION,9ee07596d5f93373f363fee4960beeab8bce93558b98a847ea1e0744525c2828,94df1846e2bdd53feed710de3d43a1464d747e12a45e0c06759f51cbbdf0b38b,EXCLUDE,EX05_WRONG_SOURCE_TYPE,DAO_TRUNG_THANH
CANON-00374,INCLUDE,,INCLUDE,,AGREED_INCLUDE,NONE_REQUIRED,ACCEPTED_INCLUDE,9ee07596d5f93373f363fee4960beeab8bce93558b98a847ea1e0744525c2828,94df1846e2bdd53feed710de3d43a1464d747e12a45e0c06759f51cbbdf0b38b,,,
CANON-00375,INCLUDE,,EXCLUDE,EX04_NO_ETHICS_GOVERNANCE,DISAGREEMENT_DECISION,PENDING_PI_ADJUDICATION,PENDING_PI_ADJUDICATION,9ee07596d5f93373f363fee4960beeab8bce93558b98a847ea1e0744525c2828,94df1846e2bdd53feed710de3d43a1464d747e12a45e0c06759f51cbbdf0b38b,EXCLUDE,EX04_NO_ETHICS_GOVERNANCE,DAO_TRUNG_THANH
CANON-00378,EXCLUDE,EX01_NOT_VIETNAM,EXCLUDE,EX04_NO_ETHICS_GOVERNANCE,DISAGREEMENT_EXCLUDE_REASON,PENDING_PI_ADJUDICATION,PENDING_PI_ADJUDICATION,9ee07596d5f93373f363fee4960beeab8bce93558b98a847ea1e0744525c2828,94df1846e2bdd53feed710de3d43a1464d747e12a45e0c06759f51cbbdf0b38b,EXCLUDE,EX01_NOT_VIETNAM,DAO_TRUNG_THANH
CANON-00382,EXCLUDE,EX04_NO_ETHICS_GOVERNANCE,EXCLUDE,EX04_NO_ETHICS_GOVERNANCE,AGREED_EXCLUDE,NONE_REQUIRED,EXCLUDED_EX04_NO_ETHICS_GOVERNANCE,9ee07596d5f93373f363fee4960beeab8bce93558b98a847ea1e0744525c2828,94df1846e2bdd53feed710de3d43a1464d747e12a45e0c06759f51cbbdf0b38b,,,
CANON-00383,EXCLUDE,EX04_NO_ETHICS_GOVERNANCE,EXCLUDE,EX04_NO_ETHICS_GOVERNANCE,AGREED_EXCLUDE,NONE_REQUIRED,EXCLUDED_EX04_NO_ETHICS_GOVERNANCE,9ee07596d5f93373f363fee4960beeab8bce93558b98a847ea1e0744525c2828,94df1846e2bdd53feed710de3d43a1464d747e12a45e0c06759f51cbbdf0b38b,,,
