record_id,stage,reviewer,source_type,inclusion_decision,exclusion_reason,notes,date
CANON-00001,TITLE_ABSTRACT,DAO_TRUNG_THANH,LEGAL_REGULATION,,,Title: Ban hành Khung đạo đức trí tuệ nhân tạo quốc gia | Source: LEGAL_OFFICIAL_PORTAL,
CANON-00002,TITLE_ABSTRACT,DAO_TRUNG_THANH,OFFICIAL_REPORT,,,Title: Bác sĩ AI và bài toán nhân lực y tế: Hợp tác giữa công nghệ và ... | Source: PR07_PUBLIC_SOURCE,
CANON-00003,TITLE_ABSTRACT,DAO_TRUNG_THANH,OFFICIAL_REPORT,,,"Title: Hội thảo ứng dụng trí tuệ nhân tạo trong khám, chữa bệnh và ... | Source: PR07_PUBLIC_SOURCE",
CANON-00004,TITLE_ABSTRACT,DAO_TRUNG_THANH,LEGAL_REGULATION,,,Title: Luật Trí tuệ nhân tạo | Source: LEGAL_OFFICIAL_PORTAL,
CANON-00005,TITLE_ABSTRACT,DAO_TRUNG_THANH,LEGAL_REGULATION,,,Title: Nghị định 55/2025/NĐ-CP quy định chi tiết về quản lý và vận hành hệ thống thông tin y tế số | Source: LEGAL_OFFICIAL_PORTAL,
CANON-00006,TITLE_ABSTRACT,DAO_TRUNG_THANH,LEGAL_REGULATION,,,Title: Quy định chi tiết một số điều và biện pháp thi hành Luật Trí tuệ nhân tạo | Source: LEGAL_OFFICIAL_PORTAL,
CANON-00007,TITLE_ABSTRACT,DAO_TRUNG_THANH,OFFICIAL_REPORT,,,Title: Tìm hiểu ứng dụng trí tuệ nhân tạo trong y tế | Source: PR07_PUBLIC_SOURCE,
CANON-00008,TITLE_ABSTRACT,DAO_TRUNG_THANH,OFFICIAL_REPORT,,,Title: Tập huấn Ứng dụng trí tuệ nhân tạo trong công tác dân số | Source: PR07_PUBLIC_SOURCE,
CANON-00009,TITLE_ABSTRACT,DAO_TRUNG_THANH,OFFICIAL_REPORT,,,Title: Ứng dụng của trí tuệ nhân tạo AI trong chẩn đoán ung thư ... | Source: PR07_PUBLIC_SOURCE,
CANON-00010,TITLE_ABSTRACT,DAO_TRUNG_THANH,OFFICIAL_REPORT,,,Title: Ứng dụng trí tuệ nhân tạo góp phần nâng cao hiệu quả ... | Source: PR07_PUBLIC_SOURCE,
CANON-00011,TITLE_ABSTRACT,DAO_TRUNG_THANH,ACADEMIC_STUDY,,,"Title: Internet of Things (IoT), Artificial Intelligence (AI) Applications for Various Sectors in Emerging Markets - and Risk Management Information System (RMIS) Issues | Source: OPENALEX",
CANON-00012,TITLE_ABSTRACT,DAO_TRUNG_THANH,ACADEMIC_STUDY,,,Title: A New Hope in the Fight Against Antimicrobial Resistance with Artificial Intelligence | Source: OPENALEX,
CANON-00013,TITLE_ABSTRACT,DAO_TRUNG_THANH,ACADEMIC_STUDY,,,Title: A Hybrid Architecture for Multi-Stage Claim Document Understanding: Combining Vision-Language Models and Machine Learning for Real-Time Processing | Source: OPENALEX,
CANON-00014,TITLE_ABSTRACT,DAO_TRUNG_THANH,ACADEMIC_STUDY,,,Title: ViHERMES: A Graph-Grounded Multihop Question Answering Benchmark and System for Vietnamese Healthcare Regulations | Source: OPENALEX,
CANON-00015,TITLE_ABSTRACT,DAO_TRUNG_THANH,ACADEMIC_STUDY,,,Title: PSF-Med: Measuring and Explaining Paraphrase Sensitivity in Medical Vision Language Models | Source: OPENALEX,
CANON-00016,TITLE_ABSTRACT,DAO_TRUNG_THANH,ACADEMIC_STUDY,,,Title: IP Frameworks and Innovation in the Agricultural Sector in Southeast Asia - A Legal Perspective | Source: OPENALEX,
CANON-00017,TITLE_ABSTRACT,DAO_TRUNG_THANH,ACADEMIC_STUDY,,,Title: Predictive modeling of direct medical costs among frail older adults with diabetes mellitus in a rural outpatient setting | Source: OPENALEX,
CANON-00018,TITLE_ABSTRACT,DAO_TRUNG_THANH,ACADEMIC_STUDY,,,Title: Toward Pre-Deployment Assurance for Enterprise AI Agents: Ontology-Grounded Simulation and Trust Certification | Source: OPENALEX,
CANON-00019,TITLE_ABSTRACT,DAO_TRUNG_THANH,ACADEMIC_STUDY,,,Title: A Comparison of Machine Learning Methods for Alzheimer's Disease Classification in Vietnamese Patients | Source: OPENALEX,
CANON-00020,TITLE_ABSTRACT,DAO_TRUNG_THANH,ACADEMIC_STUDY,,,Title: The Impact of Cultural Dimensions of Clinicians on the Adoption of Artificial Intelligence in Healthcare. | Source: OPENALEX | PUBMED,
CANON-00021,TITLE_ABSTRACT,DAO_TRUNG_THANH,ACADEMIC_STUDY,,,Title: Accuracy of Artificial Intelligence vs Professionally Translated Discharge Instructions. | Source: OPENALEX | PUBMED,
CANON-00022,TITLE_ABSTRACT,DAO_TRUNG_THANH,ACADEMIC_STUDY,,,Title: Perspectives on year 1 of <i>Alzheimer's &amp; Dementia: Behavior and Socioeconomics of Aging (BSEA)</i> | Source: OPENALEX,
CANON-00023,TITLE_ABSTRACT,DAO_TRUNG_THANH,ACADEMIC_STUDY,,,Title: PROTOCOL: Megamap of systematic reviews and evidence and gap maps on the effectiveness of interventions to improve child well‐being in low‐ and middle‐income countries | Source: OPENALEX,
CANON-00024,TITLE_ABSTRACT,DAO_TRUNG_THANH,ACADEMIC_STUDY,,,Title: A simple nomogram to predict dengue shock syndrome: A study of 4522 south east Asian children. | Source: OPENALEX | PUBMED,
CANON-00025,TITLE_ABSTRACT,DAO_TRUNG_THANH,ACADEMIC_STUDY,,,Title: 2020 Global Pediatric Pulmonology Alliance (GPPA) Forum on COVID‐19 | Source: OPENALEX,
CANON-00026,TITLE_ABSTRACT,DAO_TRUNG_THANH,ACADEMIC_STUDY,,,Title: A New Face of <i>Respirology</i> : Keeping Up With the Rich Tradition While Embracing New Developments | Source: OPENALEX,
CANON-00027,TITLE_ABSTRACT,DAO_TRUNG_THANH,ACADEMIC_STUDY,,,Title: Research activities at Hanoi National University of Education ‐ 70 years of development | Source: OPENALEX,
CANON-00028,TITLE_ABSTRACT,DAO_TRUNG_THANH,ACADEMIC_STUDY,,,Title: Patient Classification Based on Symptoms Using Machine Learning Algorithms Supporting Hospital Admission | Source: OPENALEX,
CANON-00029,TITLE_ABSTRACT,DAO_TRUNG_THANH,ACADEMIC_STUDY,,,Title: Selection of Optimal Mathematical Models for Simulating and Forecasting Vertical Movements | Source: OPENALEX,
CANON-00030,TITLE_ABSTRACT,DAO_TRUNG_THANH,ACADEMIC_STUDY,,,Title: DIKO: A Two-Stage Hybrid Network for Knee Osteoarthritis Diagnosis Using Deep Learning | Source: OPENALEX,
CANON-00031,TITLE_ABSTRACT,DAO_TRUNG_THANH,ACADEMIC_STUDY,,,Title: Investigating Air Pollution Dynamics in Ho Chi Minh City: A Spatiotemporal Study Leveraging XAI-SHAP Clustering Methodology | Source: OPENALEX,
CANON-00032,TITLE_ABSTRACT,DAO_TRUNG_THANH,ACADEMIC_STUDY,,,"Title: Structural Health Monitoring, Real Applications of Bridges in Vietnam | Source: OPENALEX",
CANON-00033,TITLE_ABSTRACT,DAO_TRUNG_THANH,ACADEMIC_STUDY,,,Title: Towards ADHD Identification in Children Through Eye Tracker Data Analysis | Source: OPENALEX,
CANON-00034,TITLE_ABSTRACT,DAO_TRUNG_THANH,ACADEMIC_STUDY,,,Title: Enhancing Health Insurance for Farmers in Vietnam’s Mekong Delta: Influential Factors and Policy Directions | Source: OPENALEX,
CANON-00035,TITLE_ABSTRACT,DAO_TRUNG_THANH,ACADEMIC_STUDY,,,Title: Towards Interpretable Martial Arts Training: A Lightweight Attention-Based Approach for Vovinam Action Recognition | Source: OPENALEX,
CANON-00036,TITLE_ABSTRACT,DAO_TRUNG_THANH,ACADEMIC_STUDY,,,Title: Covid-19 Face Mask Prediction Using Machine Learning Techniques | Source: OPENALEX,
CANON-00037,TITLE_ABSTRACT,DAO_TRUNG_THANH,ACADEMIC_STUDY,,,"Title: Technology Devices in Sport Education, Technology Applications with Wearable Sensor and Accelerometer in Physical Exercises—And Ho Chi Minh and Lenin Ideologies on Physical Exercise for the Youth | Source: OPENALEX",
CANON-00038,TITLE_ABSTRACT,DAO_TRUNG_THANH,ACADEMIC_STUDY,,,"Title: Applications of Statistic Softwares, IT and Artificial Intelligence—A Research Case on ByPass Behavior of Patients at Vietnam Hospitals | Source: OPENALEX",
CANON-00039,TITLE_ABSTRACT,DAO_TRUNG_THANH,ACADEMIC_STUDY,,,Title: Predictive Modelling of Diseases Based on a Network and Machine Learning Approach | Source: OPENALEX,
CANON-00040,TITLE_ABSTRACT,DAO_TRUNG_THANH,ACADEMIC_STUDY,,,Title: ViHERMES: A Graph-Grounded Multihop Question Answering Benchmark and System for Vietnamese Healthcare Regulations | Source: OPENALEX,
CANON-00041,TITLE_ABSTRACT,DAO_TRUNG_THANH,ACADEMIC_STUDY,,,Title: Identifying Distress in Vietnamese Narratives: Dataset Construction and Model Benchmarking | Source: OPENALEX,
CANON-00042,TITLE_ABSTRACT,DAO_TRUNG_THANH,ACADEMIC_STUDY,,,Title: Graph Retrieval-Augmented Language Model for Question Answering of Vietnamese Law | Source: OPENALEX,
CANON-00043,TITLE_ABSTRACT,DAO_TRUNG_THANH,ACADEMIC_STUDY,,,Title: NEM: A Numerical Exact Match Subtype-Aware Metric Family for eXplainable Numerical Accuracy in Specialized Chatbots | Source: OPENALEX,
CANON-00044,TITLE_ABSTRACT,DAO_TRUNG_THANH,ACADEMIC_STUDY,,,Title: Applying Ensemble Machine Learning Model to Explain the Causes of Stroke | Source: OPENALEX,
CANON-00045,TITLE_ABSTRACT,DAO_TRUNG_THANH,ACADEMIC_STUDY,,,Title: Intelligent Post-operative Room Systems: A Cost-Effective Design for Enhanced Patient Care in Resource-Limited Settings | Source: OPENALEX,
CANON-00046,TITLE_ABSTRACT,DAO_TRUNG_THANH,ACADEMIC_STUDY,,,Title: Social Pharmacy | Source: OPENALEX,
CANON-00047,TITLE_ABSTRACT,DAO_TRUNG_THANH,ACADEMIC_STUDY,,,Title: A Comparative Analysis of Machine Learning Algorithms to Predict Dengue Shock Syndrome | Source: OPENALEX,
CANON-00048,TITLE_ABSTRACT,DAO_TRUNG_THANH,ACADEMIC_STUDY,,,Title: Teaching the machine to heal in Vietnam | Source: OPENALEX,
CANON-00049,TITLE_ABSTRACT,DAO_TRUNG_THANH,ACADEMIC_STUDY,,,Title: Integrating google trends and hybrid statistical-machine learning models for dengue surveillance in an inland vietnamese province: a 94-month evaluation (2013-2021) with search-signal anomaly screening. | Source: OPENALEX | PUBMED,
CANON-00050,TITLE_ABSTRACT,DAO_TRUNG_THANH,ACADEMIC_STUDY,,,"Title: Assessment of climate change impacts on arsenic contamination in groundwater through machine learning, remote sensing, and GIS: a review. | Source: OPENALEX | PUBMED",
CANON-00051,TITLE_ABSTRACT,DAO_TRUNG_THANH,ACADEMIC_STUDY,,,Title: Mapping of high-resolution daily particulate matter (PM(2.5)) concentration at the city level through a machine learning-based downscaling approach. | Source: OPENALEX | PUBMED,
CANON-00052,TITLE_ABSTRACT,DAO_TRUNG_THANH,ACADEMIC_STUDY,,,Title: Machine Learning-Assisted Autism Risk Stratification in Toddlers Using the Vietnamese M-CHAT-R and Perinatal Predictors: A Cross-Sectional Study in Vietnam. | Source: OPENALEX | PUBMED,
CANON-00053,TITLE_ABSTRACT,DAO_TRUNG_THANH,ACADEMIC_STUDY,,,Title: Predicting Hypertension Based on Machine Learning Methods: A Case Study in Northwest Vietnam | Source: OPENALEX,
CANON-00054,TITLE_ABSTRACT,DAO_TRUNG_THANH,ACADEMIC_STUDY,,,Title: Assessing flood susceptibility in Hanoi using machine learning and remote sensing: implications for urban health and resilience | Source: OPENALEX,
CANON-00055,TITLE_ABSTRACT,DAO_TRUNG_THANH,ACADEMIC_STUDY,,,Title: Inland harmful cyanobacterial bloom prediction in the eutrophic Tri An Reservoir using satellite band ratio and machine learning approaches. | Source: PUBMED,
CANON-00056,TITLE_ABSTRACT,DAO_TRUNG_THANH,ACADEMIC_STUDY,,,"Title: Use of GIS and machine learning to predict disease in shrimp farmed on the east coast of the Mekong Delta, Vietnam | Source: OPENALEX",
CANON-00057,TITLE_ABSTRACT,DAO_TRUNG_THANH,ACADEMIC_STUDY,,,"Title: AI-Driven Climate-Health Forecasting: A Machine Learning Model for Epidemic Risk Prediction in Ba Ria-Vung Tau, Vietnam | Source: OPENALEX",
CANON-00058,TITLE_ABSTRACT,DAO_TRUNG_THANH,ACADEMIC_STUDY,,,"Title: Machine Learning-Based Geospatial Modeling of Typhoon-Induced Urban Flood Susceptibility Using Gradient Boosting Machine, Deep Neural Network, and SHAP Interpretability | Source: OPENALEX",
CANON-00059,TITLE_ABSTRACT,DAO_TRUNG_THANH,ACADEMIC_STUDY,,,Title: Ethics meets innovation: Navigating public health and sustainable agriculture in the battle against AMR | Source: OPENALEX,
CANON-00060,TITLE_ABSTRACT,DAO_TRUNG_THANH,ACADEMIC_STUDY,,,Title: Identification of the risk of osteoporosis in older Vietnamese women using artificial intelligence and machine learning | Source: OPENALEX,
CANON-00061,TITLE_ABSTRACT,DAO_TRUNG_THANH,ACADEMIC_STUDY,,,"Title: Harnessing artificial intelligence for dengue forecasting in climate-vulnerable regions: A narrative review with insights from Ba Ria-Vung Tau, Vietnam. | Source: OPENALEX | PUBMED",
CANON-00062,TITLE_ABSTRACT,DAO_TRUNG_THANH,ACADEMIC_STUDY,,,"Title: AI awareness, AI fear of missing out, and work demotivation as pathways to occupational strain in Vietnamese hospitality employees. | Source: PUBMED",
CANON-00063,TITLE_ABSTRACT,DAO_TRUNG_THANH,ACADEMIC_STUDY,,,Title: Artificial intelligence-assisted screening reveals high prevalence of osteoporosis in Vietnamese adults using pelvic and hip radiographs. | Source: OPENALEX | PUBMED,
CANON-00064,TITLE_ABSTRACT,DAO_TRUNG_THANH,ACADEMIC_STUDY,,,Title: An integrated deep learning and large language model for automated knee osteoarthritis grading and reporting from the Vietnam Osteoporosis Study | Source: OPENALEX,
CANON-00065,TITLE_ABSTRACT,DAO_TRUNG_THANH,ACADEMIC_STUDY,,,Title: New year greetings from the Editor-in-Chief of the Asia–Pacific Journal of Oncology Nursing | Source: OPENALEX,
CANON-00066,TITLE_ABSTRACT,DAO_TRUNG_THANH,ACADEMIC_STUDY,,,Title: Pushing Back Against Ageism | Source: OPENALEX,
CANON-00067,TITLE_ABSTRACT,DAO_TRUNG_THANH,ACADEMIC_STUDY,,,Title: Feasibility of Using an Artificial Intelligence-based Telephone Application for Dietary Assessment and Nudging to Improve the Quality of Food Choices of Female Adolescents in Vietnam: Evidence from a Randomized Pilot Study. | Source: PUBMED,
CANON-00068,TITLE_ABSTRACT,DAO_TRUNG_THANH,ACADEMIC_STUDY,,,Title: Moderating the AI Revolution: Perceived threat and generative AI implementation in Vietnamese hospitals | Source: OPENALEX,
CANON-00069,TITLE_ABSTRACT,DAO_TRUNG_THANH,ACADEMIC_STUDY,,,Title: Performance evaluation of nanotubular halloysites from weathered pegmatites in removing heavy metals from water through novel artificial intelligence-based models and human-based optimization algorithm. | Source: OPENALEX | PUBMED,
CANON-00070,TITLE_ABSTRACT,DAO_TRUNG_THANH,ACADEMIC_STUDY,,,Title: Accurate PM(2.5) urban air pollution forecasting using multivariate ensemble learning Accounting for evolving target distributions. | Source: PUBMED,
CANON-00071,TITLE_ABSTRACT,DAO_TRUNG_THANH,ACADEMIC_STUDY,,,Title: Fine-tuning large language models for improved health communication in low-resource languages. | Source: OPENALEX | PUBMED,
CANON-00072,TITLE_ABSTRACT,DAO_TRUNG_THANH,ACADEMIC_STUDY,,,Title: Towards a machine-learning assisted non-invasive classification of dengue severity using wearable PPG data: a prospective clinical study. | Source: OPENALEX | PUBMED,
CANON-00073,TITLE_ABSTRACT,DAO_TRUNG_THANH,ACADEMIC_STUDY,,,"Title: Microplastic pollution in Vietnam's estuarine, coastal and riverine environments: Research advances and future prospects | Source: OPENALEX",
CANON-00074,TITLE_ABSTRACT,DAO_TRUNG_THANH,ACADEMIC_STUDY,,,"Title: Generative AI chatbots for reliable cancer information: Evaluating web-search, multilingual, and reference capabilities of emerging large language models. | Source: OPENALEX | PUBMED",
CANON-00075,TITLE_ABSTRACT,DAO_TRUNG_THANH,ACADEMIC_STUDY,,,Title: Antimicrobial stewardship at the emergency department: Dead bugs do not mutate! | Source: OPENALEX,
CANON-00076,TITLE_ABSTRACT,DAO_TRUNG_THANH,ACADEMIC_STUDY,,,"Title: Multi-output machine learning model for regional air pollution forecasting in Ho Chi Minh City, Vietnam. | Source: OPENALEX | PUBMED",
CANON-00077,TITLE_ABSTRACT,DAO_TRUNG_THANH,ACADEMIC_STUDY,,,Title: Navigating ASEAN region Artificial Intelligence (AI) governance readiness in healthcare | Source: OPENALEX,
CANON-00078,TITLE_ABSTRACT,DAO_TRUNG_THANH,ACADEMIC_STUDY,,,"Title: Early prediction of the outbreak risk of dengue fever in Ba Ria-Vung Tau province, Vietnam: An analysis based on Google trends and statistical models. | Source: PUBMED",
CANON-00079,TITLE_ABSTRACT,DAO_TRUNG_THANH,ACADEMIC_STUDY,,,Title: A PROSPECTIVE CLINICAL STUDY ON THE USE OF A NON-INVASIVE WEARABLE DEVICE AND NEURAL NETWORK MODELS FOR PATIENTS WITH DENGUE | Source: OPENALEX,
CANON-00080,TITLE_ABSTRACT,DAO_TRUNG_THANH,ACADEMIC_STUDY,,,"Title: CRT-101.00 Acute Coronary Syndrome in Patients &gt; 80 Was Due to Slow Flow, Only Few Severe Lesions: An Angiographic Coronary Flow and Machine Learning Analysis for Personalized Medicine Management | Source: OPENALEX",
CANON-00081,TITLE_ABSTRACT,DAO_TRUNG_THANH,ACADEMIC_STUDY,,,Title: Identify characteristics of Vietnamese oral squamous cell carcinoma patients by machine learning on transcriptome and clinical-histopathological analysis | Source: OPENALEX,
CANON-00082,TITLE_ABSTRACT,DAO_TRUNG_THANH,ACADEMIC_STUDY,,,"Title: Flood risk assessment using hybrid artificial intelligence models integrated with multi-criteria decision analysis in Quang Nam Province, Vietnam | Source: OPENALEX",
CANON-00083,TITLE_ABSTRACT,DAO_TRUNG_THANH,ACADEMIC_STUDY,,,Title: A novel machine-learning-based infection screening system via 2013–2017 seasonal influenza patients' vital signs as training datasets | Source: OPENALEX,
CANON-00084,TITLE_ABSTRACT,DAO_TRUNG_THANH,ACADEMIC_STUDY,,,Title: Circulating lncRNAs as biomarkers for severe dengue using a machine learning approach. | Source: OPENALEX | PUBMED,
CANON-00085,TITLE_ABSTRACT,DAO_TRUNG_THANH,ACADEMIC_STUDY,,,Title: Development and Asian-wide validation of the Grade for Interpretable Field Triage (GIFT) for predicting mortality in pre-hospital patients using the Pan-Asian Trauma Outcomes Study (PATOS). | Source: OPENALEX | PUBMED,
CANON-00086,TITLE_ABSTRACT,DAO_TRUNG_THANH,ACADEMIC_STUDY,,,"Title: Reimagining ethnopharmacology with generative AI: Towards inclusive, ethical, and data-driven traditional medicine. | Source: OPENALEX | PUBMED",
CANON-00087,TITLE_ABSTRACT,DAO_TRUNG_THANH,ACADEMIC_STUDY,,,"Title: AI-based air quality PM2.5 forecasting models for developing countries: A case study of Ho Chi Minh City, Vietnam | Source: OPENALEX",
CANON-00088,TITLE_ABSTRACT,DAO_TRUNG_THANH,ACADEMIC_STUDY,,,Title: Machine learning-based model for prediction of carbamazepine- and allopurinol-induced severe cutaneous adverse reactions in Vietnamese. | Source: OPENALEX | PUBMED,
CANON-00089,TITLE_ABSTRACT,DAO_TRUNG_THANH,ACADEMIC_STUDY,,,Title: Deep Learning-Driven Glaucoma Medication Bottle Recognition: A Multilingual Clinical Validation Study in Patients with Impaired Vision. | Source: PUBMED,
CANON-00090,TITLE_ABSTRACT,DAO_TRUNG_THANH,ACADEMIC_STUDY,,,Title: STEMI-OP in-hospital mortality prediction algorithms: Frailty-integrated machine learning in older patients undergoing primary PCI. | Source: OPENALEX | PUBMED,
CANON-00091,TITLE_ABSTRACT,DAO_TRUNG_THANH,ACADEMIC_STUDY,,,Title: Cross-serotype interactions and disease outcome prediction of dengue infections in Vietnam. | Source: OPENALEX | PUBMED,
CANON-00092,TITLE_ABSTRACT,DAO_TRUNG_THANH,ACADEMIC_STUDY,,,Title: Predicting the risk of osteoporosis in older Vietnamese women using machine learning approaches. | Source: OPENALEX | PUBMED,
CANON-00093,TITLE_ABSTRACT,DAO_TRUNG_THANH,ACADEMIC_STUDY,,,Title: Mitigating machine learning bias between high income and low-middle income countries for enhanced model fairness and generalizability. | Source: OPENALEX | PUBMED,
CANON-00094,TITLE_ABSTRACT,DAO_TRUNG_THANH,ACADEMIC_STUDY,,,Title: Foundation models enable wearable signal screening for cardiovascular disease among people living with HIV. | Source: PUBMED,
CANON-00095,TITLE_ABSTRACT,DAO_TRUNG_THANH,ACADEMIC_STUDY,,,Title: A theoretical screening of phytochemical constituents from Millettia brandisiana as inhibitors against acetylcholinesterase. | Source: PUBMED,
CANON-00096,TITLE_ABSTRACT,DAO_TRUNG_THANH,ACADEMIC_STUDY,,,Title: Severity detection tool for patients with infectious disease. | Source: OPENALEX | PUBMED,
CANON-00097,TITLE_ABSTRACT,DAO_TRUNG_THANH,ACADEMIC_STUDY,,,Title: Quantifying mangrove leaf area index from Sentinel-2 imagery using hybrid models and active learning. | Source: OPENALEX | PUBMED,
CANON-00098,TITLE_ABSTRACT,DAO_TRUNG_THANH,ACADEMIC_STUDY,,,"Title: Budget impact of implementing AI-enabled chest X-ray based incidental pulmonary nodule detection for early lung cancer diagnosis: models from Colombia, Costa Rica, Mexico, Thailand and Vietnam. | Source: PUBMED",
CANON-00099,TITLE_ABSTRACT,DAO_TRUNG_THANH,ACADEMIC_STUDY,,,Title: Dynamic weighting and genetic algorithm-based hybrid SVR-Ridge model for improving PM <sub>2.5</sub> forecasting in open-pit copper mines | Source: OPENALEX,
CANON-00100,TITLE_ABSTRACT,DAO_TRUNG_THANH,ACADEMIC_STUDY,,,Title: A LASSO-based model for financial distress of the Vietnamese listed firms: Does the covid-19 pandemic matter? | Source: OPENALEX,
CANON-00101,TITLE_ABSTRACT,DAO_TRUNG_THANH,ACADEMIC_STUDY,,,"Title: Artificial intelligence ethics in authoritarian Vietnam: governance, trust, and societal tensions | Source: OPENALEX",
CANON-00102,TITLE_ABSTRACT,DAO_TRUNG_THANH,ACADEMIC_STUDY,,,Title: Preface | Source: OPENALEX,
CANON-00103,TITLE_ABSTRACT,DAO_TRUNG_THANH,ACADEMIC_STUDY,,,"Title: Evaluation of models and drought-wetness factors contributing to predicting the vegetation health index in Dak Nong Province, Vietnam | Source: OPENALEX",
CANON-00104,TITLE_ABSTRACT,DAO_TRUNG_THANH,ACADEMIC_STUDY,,,Title: Sex and Gender Disparities in the COVID-19 Pandemic | Source: OPENALEX,
CANON-00105,TITLE_ABSTRACT,DAO_TRUNG_THANH,ACADEMIC_STUDY,,,Title: Assessment of User Needs for Telemedicine Robots in a Developing Nation Hospital Setting. | Source: PUBMED,
CANON-00106,TITLE_ABSTRACT,DAO_TRUNG_THANH,ACADEMIC_STUDY,,,Title: Artificial intelligence helps drive new frontiers in ecology | Source: OPENALEX,
CANON-00107,TITLE_ABSTRACT,DAO_TRUNG_THANH,ACADEMIC_STUDY,,,Title: The United Nations Sustainable Development Goals | Source: OPENALEX,
CANON-00108,TITLE_ABSTRACT,DAO_TRUNG_THANH,ACADEMIC_STUDY,,,Title: Progress Towards Developing a Rapid Triage/Referral Test for Tuberculosis | Source: OPENALEX,
CANON-00109,TITLE_ABSTRACT,DAO_TRUNG_THANH,ACADEMIC_STUDY,,,Title: A (Not Very) Distant Mirror | Source: OPENALEX,
CANON-00110,TITLE_ABSTRACT,DAO_TRUNG_THANH,ACADEMIC_STUDY,,,Title: Preventing stroke in atrial fibrillation patients | Source: OPENALEX,
CANON-00111,TITLE_ABSTRACT,DAO_TRUNG_THANH,ACADEMIC_STUDY,,,Title: P-080 Machine Learning with Synthetic Minority Over-Sampling Technique for Predicting Sperm Retrieval in Azoospermia Micro-TESE | Source: OPENALEX,
CANON-00112,TITLE_ABSTRACT,DAO_TRUNG_THANH,ACADEMIC_STUDY,,,Title: Data privacy laws in Central Asia: between ex-SSR and ‘Belt &amp; Road’ | Source: OPENALEX,
CANON-00113,TITLE_ABSTRACT,DAO_TRUNG_THANH,ACADEMIC_STUDY,,,Title: Lecture No. 3 Current status and future outlook for collection of cancer-related data in Asia | Source: OPENALEX,
CANON-00114,TITLE_ABSTRACT,DAO_TRUNG_THANH,ACADEMIC_STUDY,,,Title: Accelerating Cough-Based Algorithms for Pulmonary Tuberculosis Screening: Results From the CODA TB DREAM Challenge. | Source: OPENALEX | PUBMED,
CANON-00115,TITLE_ABSTRACT,DAO_TRUNG_THANH,ACADEMIC_STUDY,,,Title: Fighter Pilot Meets Match With Lymphoma &amp; CAR T-Cell Therapy Battles Back | Source: OPENALEX,
CANON-00116,TITLE_ABSTRACT,DAO_TRUNG_THANH,ACADEMIC_STUDY,,,Title: What Substitution and Prediction Strategies Address the Challenge of an Unmeasurable C2-7 Cobb Angle? | Source: OPENALEX | PUBMED,
CANON-00117,TITLE_ABSTRACT,DAO_TRUNG_THANH,ACADEMIC_STUDY,,,Title: Measuring Racial Sentiment Using Social Media Is Harder Than It Seems | Source: OPENALEX,
CANON-00118,TITLE_ABSTRACT,DAO_TRUNG_THANH,ACADEMIC_STUDY,,,Title: Data as a Substitute for Judgment | Source: OPENALEX,
CANON-00119,TITLE_ABSTRACT,DAO_TRUNG_THANH,ACADEMIC_STUDY,,,Title: Exploration before Exploitation can Drive Research Training Success | Source: OPENALEX,
CANON-00120,TITLE_ABSTRACT,DAO_TRUNG_THANH,ACADEMIC_STUDY,,,Title: The US National Academy of Medicine | Source: OPENALEX,
CANON-00121,TITLE_ABSTRACT,DAO_TRUNG_THANH,ACADEMIC_STUDY,,,Title: Urology | Source: OPENALEX,
CANON-00122,TITLE_ABSTRACT,DAO_TRUNG_THANH,ACADEMIC_STUDY,,,Title: Mitigating Machine Learning Bias Between High Income and Low-Middle Income Countries for Enhanced Model Fairness and Generalizability | Source: OPENALEX,
CANON-00123,TITLE_ABSTRACT,DAO_TRUNG_THANH,ACADEMIC_STUDY,,,Title: Accelerating cough-based algorithms for pulmonary tuberculosis screening: Results from the CODA TB DREAM Challenge | Source: OPENALEX,
CANON-00124,TITLE_ABSTRACT,DAO_TRUNG_THANH,ACADEMIC_STUDY,,,Title: Leveraging AI and Transfer Learning to Enhance Outcome Prediction for Out-of-Hospital Cardiac Arrest in Diverse Settings: Insights from the Pan-Asian Resuscitation Outcomes Study | Source: OPENALEX,
CANON-00125,TITLE_ABSTRACT,DAO_TRUNG_THANH,ACADEMIC_STUDY,,,Title: Developing an AI-Enhanced Individualized Prediction Tool for Psychopathological Symptoms in Vietnam: A Study Protocol | Source: OPENALEX,
CANON-00126,TITLE_ABSTRACT,DAO_TRUNG_THANH,ACADEMIC_STUDY,,,Title: Understanding and predicting ciprofloxacin minimum inhibitory concentration in <i>Escherichia coli</i> with machine learning | Source: OPENALEX,
CANON-00127,TITLE_ABSTRACT,DAO_TRUNG_THANH,ACADEMIC_STUDY,,,Title: Index | Source: OPENALEX,
CANON-00128,TITLE_ABSTRACT,DAO_TRUNG_THANH,ACADEMIC_STUDY,,,Title: Index | Source: OPENALEX,
CANON-00129,TITLE_ABSTRACT,DAO_TRUNG_THANH,ACADEMIC_STUDY,,,Title: Index | Source: OPENALEX,
CANON-00130,TITLE_ABSTRACT,DAO_TRUNG_THANH,ACADEMIC_STUDY,,,Title: Index | Source: OPENALEX,
CANON-00131,TITLE_ABSTRACT,DAO_TRUNG_THANH,ACADEMIC_STUDY,,,Title: Index | Source: OPENALEX,
CANON-00132,TITLE_ABSTRACT,DAO_TRUNG_THANH,ACADEMIC_STUDY,,,Title: Index | Source: OPENALEX,
CANON-00133,TITLE_ABSTRACT,DAO_TRUNG_THANH,ACADEMIC_STUDY,,,Title: Index | Source: OPENALEX,
CANON-00134,TITLE_ABSTRACT,DAO_TRUNG_THANH,ACADEMIC_STUDY,,,Title: Risk Assessment Models for the Health Insurance Sector | Source: OPENALEX,
CANON-00135,TITLE_ABSTRACT,DAO_TRUNG_THANH,ACADEMIC_STUDY,,,Title: Index | Source: OPENALEX,
CANON-00136,TITLE_ABSTRACT,DAO_TRUNG_THANH,ACADEMIC_STUDY,,,Title: Guest editorial: Transnationalization of higher education: challenges and opportunities | Source: OPENALEX,
CANON-00137,TITLE_ABSTRACT,DAO_TRUNG_THANH,ACADEMIC_STUDY,,,Title: Psychological safety and AI adoption as antecedents of teaching burnout: the mediating effect of work–life balance | Source: OPENALEX,
CANON-00138,TITLE_ABSTRACT,DAO_TRUNG_THANH,ACADEMIC_STUDY,,,Title: Editorial: “Redefining impact: digital libraries and their communities” | Source: OPENALEX,
CANON-00139,TITLE_ABSTRACT,DAO_TRUNG_THANH,ACADEMIC_STUDY,,,Title: How Healthqual drives willingness to pay a premium and revisit intention in health-care sector: the moderation role of AI-enabled service | Source: OPENALEX,
CANON-00140,TITLE_ABSTRACT,DAO_TRUNG_THANH,ACADEMIC_STUDY,,,Title: Guest editorial: Defining new frontiers of business research across Asian countries | Source: OPENALEX,
CANON-00141,TITLE_ABSTRACT,DAO_TRUNG_THANH,ACADEMIC_STUDY,,,Title: Editorial | Source: OPENALEX,
CANON-00142,TITLE_ABSTRACT,DAO_TRUNG_THANH,ACADEMIC_STUDY,,,Title: Editorial | Source: OPENALEX,
CANON-00143,TITLE_ABSTRACT,DAO_TRUNG_THANH,ACADEMIC_STUDY,,,Title: Guest editorial: Sustainability management from a behavioral perspective in hospitality and tourism | Source: OPENALEX,
CANON-00144,TITLE_ABSTRACT,DAO_TRUNG_THANH,ACADEMIC_STUDY,,,"Title: Guest editorial: Beyond Industry 4.0: humancentricity, resilience and sustainability in the age of digital transformation | Source: OPENALEX",
CANON-00145,TITLE_ABSTRACT,DAO_TRUNG_THANH,ACADEMIC_STUDY,,,Title: Artificial Intelligence in In Vitro Diagnostics (IVD): A Comprehensive Review of the New Frontier | Source: OPENALEX,
CANON-00146,TITLE_ABSTRACT,DAO_TRUNG_THANH,ACADEMIC_STUDY,,,Title: Development of Effective Malnutrition Level Detection Models | Source: OPENALEX,
CANON-00147,TITLE_ABSTRACT,DAO_TRUNG_THANH,ACADEMIC_STUDY,,,Title: Application of IoT and AI in Monitoring structural Load-bearing capacity of Buildings | Source: OPENALEX,
CANON-00148,TITLE_ABSTRACT,DAO_TRUNG_THANH,ACADEMIC_STUDY,,,Title: Prediction of Non-Alcoholic Fatty Liver Disease Based on Anthropometric and Paraclinical Laboratory Data in the Vietnamese Population | Source: OPENALEX,
CANON-00149,TITLE_ABSTRACT,DAO_TRUNG_THANH,ACADEMIC_STUDY,,,Title: Developing an AI-Enhanced Individualized Prediction Tool for Psychopathological Symptoms in Vietnam: A Study Protocol | Source: OPENALEX,
CANON-00150,TITLE_ABSTRACT,DAO_TRUNG_THANH,ACADEMIC_STUDY,,,Title: Ovarian Malignance Risk Prediction from Medical Notes: a case study in Vietnam | Source: OPENALEX,
CANON-00151,TITLE_ABSTRACT,DAO_TRUNG_THANH,ACADEMIC_STUDY,,,Title: GPTViet: An Open-Source Vietnamese Foundation Model from Pretraining to Domain Specialization | Source: OPENALEX,
CANON-00152,TITLE_ABSTRACT,DAO_TRUNG_THANH,ACADEMIC_STUDY,,,Title: Agentic AI Framework for Adaptive Clinical Workflow Orchestration | Source: OPENALEX,
CANON-00153,TITLE_ABSTRACT,DAO_TRUNG_THANH,ACADEMIC_STUDY,,,Title: Artificial Intelligence (AI) Applications in Construction Industry: A Big Data-driven Bibliometric Analysis | Source: OPENALEX,
CANON-00154,TITLE_ABSTRACT,DAO_TRUNG_THANH,ACADEMIC_STUDY,,,Title: Adaptive Modeling for Air Quality: A Continual Learning Framework for PM₂.₅ Estimation in Vietnam | Source: OPENALEX,
CANON-00155,TITLE_ABSTRACT,DAO_TRUNG_THANH,ACADEMIC_STUDY,,,Title: The Chinese Metabolic Management Centers | Source: OPENALEX,
CANON-00156,TITLE_ABSTRACT,DAO_TRUNG_THANH,ACADEMIC_STUDY,,,Title: Reflections | Source: OPENALEX,
CANON-00157,TITLE_ABSTRACT,DAO_TRUNG_THANH,ACADEMIC_STUDY,,,Title: IAB 16th World Congress | Source: OPENALEX,
CANON-00158,TITLE_ABSTRACT,DAO_TRUNG_THANH,ACADEMIC_STUDY,,,"Title: Worker Well‐Being, Human Factors and the Gig Economy: Interdisciplinary Perspectives | Source: OPENALEX",
CANON-00159,TITLE_ABSTRACT,DAO_TRUNG_THANH,ACADEMIC_STUDY,,,Title: Tracking the Debate: Geo-Temporal Sentiment Analysis of Community Water Fluoridation on 'X' (Formerly Twitter) With Five-Year Forecast. | Source: PUBMED,
CANON-00160,TITLE_ABSTRACT,DAO_TRUNG_THANH,ACADEMIC_STUDY,,,Title: Children and Families: Everyday Digital Media Culture | Source: OPENALEX,
CANON-00161,TITLE_ABSTRACT,DAO_TRUNG_THANH,ACADEMIC_STUDY,,,Title: Pioneers in Dermatology and Venereology: An interview with Professor Dedee F. Murrell | Source: OPENALEX,
CANON-00162,TITLE_ABSTRACT,DAO_TRUNG_THANH,ACADEMIC_STUDY,,,Title: Characterizing global dermatologic engagement and needs: A cross‐sectional study from 83 countries | Source: OPENALEX,
CANON-00163,TITLE_ABSTRACT,DAO_TRUNG_THANH,ACADEMIC_STUDY,,,Title: A comprehensive appraisal of evolutionary diversity in venomous Asian coralsnakes of the genus<i>Sinomicrurus</i>(Serpentes: Elapidae) using Bayesian coalescent inference and supervised machine learning | Source: OPENALEX,
CANON-00164,TITLE_ABSTRACT,DAO_TRUNG_THANH,ACADEMIC_STUDY,,,Title: Towards regional progress: <scp>APSR</scp> 2022 Big Five Lung Diseases Workshop | Source: OPENALEX,
CANON-00165,TITLE_ABSTRACT,DAO_TRUNG_THANH,ACADEMIC_STUDY,,,Title: Flood risk mapping and analysis using an integrated framework of machine learning models and analytic hierarchy process. | Source: OPENALEX | PUBMED,
CANON-00166,TITLE_ABSTRACT,DAO_TRUNG_THANH,ACADEMIC_STUDY,,,Title: Vital sign monitoring using wearable devices in a Vietnamese intensive care unit | Source: OPENALEX,
CANON-00167,TITLE_ABSTRACT,DAO_TRUNG_THANH,ACADEMIC_STUDY,,,Title: 327 An ai-based retinal cardiovascular risk biomarker reflects coronary angiographic disease burden | Source: OPENALEX,
CANON-00168,TITLE_ABSTRACT,DAO_TRUNG_THANH,ACADEMIC_STUDY,,,Title: Evaluating Audio Feature Extraction Methods for Identifying Bee Queen Presence | Source: OPENALEX,
CANON-00169,TITLE_ABSTRACT,DAO_TRUNG_THANH,ACADEMIC_STUDY,,,Title: Towards Mental Health Analysis in Social Media for Low-resourced Languages | Source: OPENALEX,
CANON-00170,TITLE_ABSTRACT,DAO_TRUNG_THANH,ACADEMIC_STUDY,,,Title: Perception of violence against women among college students in China and Vietnam: A Logistic-Regression-Based Analysis | Source: OPENALEX,
CANON-00171,TITLE_ABSTRACT,DAO_TRUNG_THANH,ACADEMIC_STUDY,,,Title: Securing Collaborative Medical AI by Using Differential Privacy: Domain Transfer for Classification of Chest Radiographs | Source: OPENALEX,
CANON-00172,TITLE_ABSTRACT,DAO_TRUNG_THANH,ACADEMIC_STUDY,,,Title: Shape Prediction of Nasal Bones by Digital 2D-Photogrammetry of the Nose Based on Convolution and Back-Propagation Neural Network. | Source: PUBMED,
CANON-00173,TITLE_ABSTRACT,DAO_TRUNG_THANH,ACADEMIC_STUDY,,,Title: Editors’ Selections from Relevant Scientific Publications | Source: OPENALEX,
CANON-00174,TITLE_ABSTRACT,DAO_TRUNG_THANH,ACADEMIC_STUDY,,,Title: How Has War Shaped American Democracy? | Source: OPENALEX,
CANON-00175,TITLE_ABSTRACT,DAO_TRUNG_THANH,ACADEMIC_STUDY,,,Title: Opening Dialogue | Source: OPENALEX,
CANON-00176,TITLE_ABSTRACT,DAO_TRUNG_THANH,ACADEMIC_STUDY,,,Title: Artificial Intelligence-assisted Translation and Interpretation for Communication With Patients Who Have Language Barriers: A Systematic Review | Source: OPENALEX,
CANON-00177,TITLE_ABSTRACT,DAO_TRUNG_THANH,ACADEMIC_STUDY,,,"Title: With Changing Insights, Military Psychiatry Evolved Over Time | Source: OPENALEX",
CANON-00178,TITLE_ABSTRACT,DAO_TRUNG_THANH,ACADEMIC_STUDY,,,Title: Analysis of Periodontal Conditions in the Provinces of Vietnam: Results From the National Dental Survey. | Source: OPENALEX | PUBMED,
CANON-00179,TITLE_ABSTRACT,DAO_TRUNG_THANH,ACADEMIC_STUDY,,,Title: The i-CanManage program to improve exercise and symptom management for Vietnamese women after cancer: A pilot randomized controlled trial protocol | Source: OPENALEX,
CANON-00180,TITLE_ABSTRACT,DAO_TRUNG_THANH,ACADEMIC_STUDY,,,Title: Wearable vital-sign sensors for early detection of severe dengue and sepsis: Clinical applications and implementation in resource-limited settings. | Source: OPENALEX | PUBMED,
CANON-00181,TITLE_ABSTRACT,DAO_TRUNG_THANH,ACADEMIC_STUDY,,,Title: Application of artificial intelligence in gastrointestinal endoscopy in Vietnam: a narrative review. | Source: OPENALEX | PUBMED,
CANON-00182,TITLE_ABSTRACT,DAO_TRUNG_THANH,ACADEMIC_STUDY,,,Title: Validation of online clearance monitoring and machine learning-based prediction of dialysis adequacy in Vietnamese hemodialysis patients: a cross-sectional study. | Source: OPENALEX | PUBMED,
CANON-00183,TITLE_ABSTRACT,DAO_TRUNG_THANH,ACADEMIC_STUDY,,,Title: Artificial intelligence utilization in cancer screening program across ASEAN: a scoping review. | Source: OPENALEX | PUBMED,
CANON-00184,TITLE_ABSTRACT,DAO_TRUNG_THANH,ACADEMIC_STUDY,,,Title: Artificial intelligence-powered virtual standardized patients in teaching history-taking skills to medical students: a randomized controlled trial. | Source: PUBMED,
CANON-00185,TITLE_ABSTRACT,DAO_TRUNG_THANH,ACADEMIC_STUDY,,,Title: Future pharmacists in the age of Artificial Intelligence: a mixed-methods study of first-year students in Vietnam. | Source: PUBMED,
CANON-00186,TITLE_ABSTRACT,DAO_TRUNG_THANH,ACADEMIC_STUDY,,,Title: The compensatory reserve index predicts recurrent shock in patients with severe dengue. | Source: PUBMED,
CANON-00187,TITLE_ABSTRACT,DAO_TRUNG_THANH,ACADEMIC_STUDY,,,"Title: Ecological epidemiology insights into clonorchiosis endemicity in Guangxi, China and Vietnam: a comprehensive machine learning analysis. | Source: OPENALEX | PUBMED",
CANON-00188,TITLE_ABSTRACT,DAO_TRUNG_THANH,ACADEMIC_STUDY,,,Title: A data-driven governance framework for co-creation healthcare quality in public hospitals | Source: OPENALEX,
CANON-00189,TITLE_ABSTRACT,DAO_TRUNG_THANH,ACADEMIC_STUDY,,,Title: Protecting the gains of malaria elimination in China | Source: OPENALEX,
CANON-00190,TITLE_ABSTRACT,DAO_TRUNG_THANH,ACADEMIC_STUDY,,,Title: Application of AI Tools in Creating Datasets from a Real Data Component for Structural Health Monitoring | Source: OPENALEX,
CANON-00191,TITLE_ABSTRACT,DAO_TRUNG_THANH,ACADEMIC_STUDY,,,Title: Feasibility of Real-Time AI Models For Clinical Tasks Involving Tetanus: Study Protocol | Source: OPENALEX,
CANON-00192,TITLE_ABSTRACT,DAO_TRUNG_THANH,ACADEMIC_STUDY,,,"Title: Drought risk assessment in Quang Tri Province, Vietnam using Landsat multi-temporal remote sensing data and machine learning algorithm | Source: OPENALEX",
CANON-00193,TITLE_ABSTRACT,DAO_TRUNG_THANH,ACADEMIC_STUDY,,,"Title: Developing machine learning models for vegetation health index forecasting in the Srepok basin, Vietnam | Source: OPENALEX",
CANON-00194,TITLE_ABSTRACT,DAO_TRUNG_THANH,ACADEMIC_STUDY,,,"Title: Estimating forest above ground biomass in Dak Lak Province, Vietnam | Source: OPENALEX",
CANON-00195,TITLE_ABSTRACT,DAO_TRUNG_THANH,ACADEMIC_STUDY,,,Title: Continuity of Primary Care and Preventable Hospitalization for Acute Conditions: A Machine Learning-Based Record Linkage Study. | Source: PUBMED,
CANON-00196,TITLE_ABSTRACT,DAO_TRUNG_THANH,ACADEMIC_STUDY,,,Title: Applied machine learning for the risk-stratification and clinical decision support of hospitalised patients with dengue in Vietnam. | Source: OPENALEX | PUBMED,
CANON-00197,TITLE_ABSTRACT,DAO_TRUNG_THANH,ACADEMIC_STUDY,,,Title: Early individualized risk prediction using clinical data for children during the febrile phase of dengue in outpatient settings in Vietnam and Thailand. | Source: OPENALEX | PUBMED,
CANON-00198,TITLE_ABSTRACT,DAO_TRUNG_THANH,ACADEMIC_STUDY,,,"Title: Factors associated with 90-day mortality in Vietnamese stroke patients: Prospective findings compared with explainable machine learning, multicenter study. | Source: OPENALEX | PUBMED",
CANON-00199,TITLE_ABSTRACT,DAO_TRUNG_THANH,ACADEMIC_STUDY,,,Title: A machine learning-based risk score for prediction of mechanical ventilation in children with dengue shock syndrome: A retrospective cohort study. | Source: OPENALEX | PUBMED,
CANON-00200,TITLE_ABSTRACT,DAO_TRUNG_THANH,ACADEMIC_STUDY,,,Title: Convolutional neural network using magnetic resonance brain imaging to predict outcome from tuberculosis meningitis. | Source: PUBMED,
CANON-00201,TITLE_ABSTRACT,DAO_TRUNG_THANH,ACADEMIC_STUDY,,,Title: Comparison of serum lactate and lactate-derived ratios as prognostic biomarkers in pediatric dengue shock syndrome using supervised machine learning models. | Source: OPENALEX | PUBMED,
CANON-00202,TITLE_ABSTRACT,DAO_TRUNG_THANH,ACADEMIC_STUDY,,,Title: The study flowchart. | Source: OPENALEX,
CANON-00203,TITLE_ABSTRACT,DAO_TRUNG_THANH,ACADEMIC_STUDY,,,Title: Missing value chart of candidate variables. | Source: OPENALEX,
CANON-00204,TITLE_ABSTRACT,DAO_TRUNG_THANH,ACADEMIC_STUDY,,,Title: TRIPOD checklist. | Source: OPENALEX,
CANON-00205,TITLE_ABSTRACT,DAO_TRUNG_THANH,ACADEMIC_STUDY,,,Title: PAP_NER: A large-scale vietnamese administrative named entity recognition corpus and hybrid deep learning architecture. | Source: PUBMED,
CANON-00206,TITLE_ABSTRACT,DAO_TRUNG_THANH,ACADEMIC_STUDY,,,Title: The Social Dimension of Sustainable Development andInequalities: A Multi-Method Analysis of HumanDevelopment Dynamics in CIVETSCountries | Source: OPENALEX,
CANON-00207,TITLE_ABSTRACT,DAO_TRUNG_THANH,ACADEMIC_STUDY,,,"Title: IoTs, Machine Learning (ML), AI and Digital Transformation Affects Various Industries - Principles and Cybersecurity Risks Solutions | Source: OPENALEX",
CANON-00208,TITLE_ABSTRACT,DAO_TRUNG_THANH,ACADEMIC_STUDY,,,"Title: Genomics and big data: Research, development and applications | Source: OPENALEX",
CANON-00209,TITLE_ABSTRACT,DAO_TRUNG_THANH,ACADEMIC_STUDY,,,Title: Artificial Intelligence Integration in Medical Education: A Landscape with HOT Dimensions in Viet Nam | Source: OPENALEX,
CANON-00210,TITLE_ABSTRACT,DAO_TRUNG_THANH,ACADEMIC_STUDY,,,Title: VietCheckMed: Explainable Regulatory Compliance Checking for Medical Advertisements on Vietnamese Social Media | Source: OPENALEX,
CANON-00211,TITLE_ABSTRACT,DAO_TRUNG_THANH,ACADEMIC_STUDY,,,Title: Editorial: Bridging tradition and innovation: from maintaining masonry bridges to using AI for better understanding bridge behaviour | Source: OPENALEX,
CANON-00212,TITLE_ABSTRACT,DAO_TRUNG_THANH,ACADEMIC_STUDY,,,Title: Using machine learning algorithms for predicting bridge vertical deflection | Source: OPENALEX,
CANON-00213,TITLE_ABSTRACT,DAO_TRUNG_THANH,ACADEMIC_STUDY,,,Title: Recovering Health Disparities When Race and Ethnicity Information is Inadequate | Source: OPENALEX,
CANON-00214,TITLE_ABSTRACT,DAO_TRUNG_THANH,ACADEMIC_STUDY,,,Title: TH-Hien Model: protocol and statistical analysis plan (HBeAg-negative CHB) | Source: OPENALEX,
CANON-00215,TITLE_ABSTRACT,DAO_TRUNG_THANH,ACADEMIC_STUDY,,,Title: Déjà Vu – A New Coronavirus Challenge | Source: OPENALEX,
CANON-00216,TITLE_ABSTRACT,DAO_TRUNG_THANH,ACADEMIC_STUDY,,,Title: Multidimensional Machine Learning on 2173 COVID-19 Patients in Vietnam | Source: OPENALEX,
CANON-00217,TITLE_ABSTRACT,DAO_TRUNG_THANH,ACADEMIC_STUDY,,,Title: A Systematic Framework for Investigating Algorithmic Bias as a Social Determinant of Health in Low- and Middle-Income Countries: A Research Protocol | Source: OPENALEX,
CANON-00218,TITLE_ABSTRACT,DAO_TRUNG_THANH,ACADEMIC_STUDY,,,Title: Air Quality Index Prediction with Long Short‐Term Memory—Moving Average (LSTM‐MA)—Machine Learning Model | Source: OPENALEX,
CANON-00219,TITLE_ABSTRACT,DAO_TRUNG_THANH,ACADEMIC_STUDY,,,Title: A Comparative assessment of ChatGPT vs. Google Translate for the translation of patient instructions | Source: OPENALEX,
CANON-00220,TITLE_ABSTRACT,DAO_TRUNG_THANH,ACADEMIC_STUDY,,,Title: Downscaling daily fine Particulate Matter (PM2.5) concentration maps for Ho Chi Minh City | Source: OPENALEX,
CANON-00221,TITLE_ABSTRACT,DAO_TRUNG_THANH,ACADEMIC_STUDY,,,Title: Ecological Epidemiology Insights into Clonorchiosis Endemicity in Southern China and Northern Vietnam: A Comprehensive Machine Learning Analysis | Source: OPENALEX,
CANON-00222,TITLE_ABSTRACT,DAO_TRUNG_THANH,ACADEMIC_STUDY,,,Title: Clinical Features And Neuroimaging Findings In Acute Cerebral Infarction Patients Using RAPID Artificial Intelligent (RAPID AI) Software Analysis – A Series Of 54 Cases | Source: OPENALEX,
CANON-00223,TITLE_ABSTRACT,DAO_TRUNG_THANH,ACADEMIC_STUDY,,,Title: Predicting as Contamination Risk in Red River Delta Using Machine Learning Algorithms | Source: OPENALEX,
CANON-00224,TITLE_ABSTRACT,DAO_TRUNG_THANH,ACADEMIC_STUDY,,,"Title: Ai Based Air Quality Pm2.5 Forecasting Models for Developing Countries: A Case Study of Ho Chi Minh City, Vietnam | Source: OPENALEX",
CANON-00225,TITLE_ABSTRACT,DAO_TRUNG_THANH,ACADEMIC_STUDY,,,Title: Characteristics of Fatal Occupational Injuries in Migrant Workers in South Korea: A Machine Learning Study | Source: OPENALEX,
CANON-00226,TITLE_ABSTRACT,DAO_TRUNG_THANH,ACADEMIC_STUDY,,,Title: Prevalence-Based Gradation (PBG) Process To Tackle Misinformation And Disinformation On Social Media | Source: OPENALEX,
CANON-00227,TITLE_ABSTRACT,DAO_TRUNG_THANH,ACADEMIC_STUDY,,,Title: Harnessing Artificial Intelligence to Enhance Electroencephalogram Record Interpretation | Source: OPENALEX,
CANON-00228,TITLE_ABSTRACT,DAO_TRUNG_THANH,ACADEMIC_STUDY,,,"Title: Climate-Driven Dynamics of Infectious Diseases: Machine Learning-Based Predictive Modeling in Ba Ria-Vung Tau, Vietnam | Source: OPENALEX",
CANON-00229,TITLE_ABSTRACT,DAO_TRUNG_THANH,ACADEMIC_STUDY,,,Title: Estimating Pm2.5 Concentration in Ho Chi Minh City Using Sentinel-5p and Machine Learning on Google Earth Engine (Gee) | Source: OPENALEX,
CANON-00230,TITLE_ABSTRACT,DAO_TRUNG_THANH,ACADEMIC_STUDY,,,Title: Digital Health Policy and Programs for Hospital Care in Vietnam: Scoping Review. | Source: OPENALEX | PUBMED,
CANON-00231,TITLE_ABSTRACT,DAO_TRUNG_THANH,ACADEMIC_STUDY,,,Title: Multidimensional Machine Learning for Assessing Parameters Associated With COVID-19 in Vietnam: Validation Study. | Source: OPENALEX | PUBMED,
CANON-00232,TITLE_ABSTRACT,DAO_TRUNG_THANH,ACADEMIC_STUDY,,,Title: Adapting and Scaling a Digital Health Intervention to Improve Maternal and Child Health Among Ethnic Minority Women in Vietnam Amid the COVID-19 Context: Protocol for the dMOM Project. | Source: OPENALEX | PUBMED,
CANON-00233,TITLE_ABSTRACT,DAO_TRUNG_THANH,ACADEMIC_STUDY,,,Title: The Roles of NOTCH3 p.R544C and Thrombophilia Genes in Vietnamese Patients With Ischemic Stroke: Study Involving a Hierarchical Cluster Analysis. | Source: PUBMED,
CANON-00234,TITLE_ABSTRACT,DAO_TRUNG_THANH,ACADEMIC_STUDY,,,Title: Assessment of Digital Capabilities by 9 Countries in the Alliance for Healthy Cities Using AI: Cross-Sectional Analysis. | Source: PUBMED,
CANON-00235,TITLE_ABSTRACT,DAO_TRUNG_THANH,ACADEMIC_STUDY,,,Title: Insights Into the Current and Future State of AI Adoption Within Health Systems in Southeast Asia: Cross-Sectional Qualitative Study. | Source: OPENALEX | PUBMED,
CANON-00236,TITLE_ABSTRACT,DAO_TRUNG_THANH,ACADEMIC_STUDY,,,Title: What Are the Opportunities and Challenges of Using AI in Medical Education in Vietnam? | Source: OPENALEX | PUBMED,
CANON-00237,TITLE_ABSTRACT,DAO_TRUNG_THANH,ACADEMIC_STUDY,,,Title: Comparing Large Language Models and Traditional Machine Translation Tools for Translating Medical Consultation Summaries: Quantitative Pilot Feasibility Study. | Source: OPENALEX | PUBMED,
CANON-00238,TITLE_ABSTRACT,DAO_TRUNG_THANH,ACADEMIC_STUDY,,,"Title: Knowledge, Attitudes, and Practices Related to AI in Learning and Research Among Medical Students in Vietnam: Cross-Sectional Study. | Source: OPENALEX | PUBMED",
CANON-00239,TITLE_ABSTRACT,DAO_TRUNG_THANH,ACADEMIC_STUDY,,,Title: TLAS-YHCT VN: Development and Evaluation of a Socratic AI Teaching Assistant for Traditional Vietnamese Medicine Education — A Two-Phase Mixed-Methods Study (Preprint) | Source: OPENALEX,
CANON-00240,TITLE_ABSTRACT,DAO_TRUNG_THANH,ACADEMIC_STUDY,,,Title: Digital Health Policy and Programs for Hospital Care in Vietnam: Scoping Review (Preprint) | Source: OPENALEX,
CANON-00241,TITLE_ABSTRACT,DAO_TRUNG_THANH,ACADEMIC_STUDY,,,Title: Multidimensional Machine Learning for Assessing Parameters Associated With COVID-19 in Vietnam: Validation Study (Preprint) | Source: OPENALEX,
CANON-00242,TITLE_ABSTRACT,DAO_TRUNG_THANH,ACADEMIC_STUDY,,,Title: Adapting and Scaling a Digital Health Intervention to Improve Maternal and Child Health Among Ethnic Minority Women in Vietnam Amid the COVID-19 Context: Protocol for the dMOM Project (Preprint) | Source: OPENALEX,
CANON-00243,TITLE_ABSTRACT,DAO_TRUNG_THANH,ACADEMIC_STUDY,,,Title: Digital health technology adoption in five Vietnamese hospitals: a self-report assessment (Preprint) | Source: OPENALEX,
CANON-00244,TITLE_ABSTRACT,DAO_TRUNG_THANH,ACADEMIC_STUDY,,,Title: Insights on the current and future state of AI adoption within health systems in Southeast Asia: A qualitative study (Preprint) | Source: OPENALEX,
CANON-00245,TITLE_ABSTRACT,DAO_TRUNG_THANH,ACADEMIC_STUDY,,,Title: Comparing Large Language Models and Traditional Machine Translation Tools for Translating Medical Consultation Summaries – A Pilot Feasibility Study (Preprint) | Source: OPENALEX,
CANON-00246,TITLE_ABSTRACT,DAO_TRUNG_THANH,ACADEMIC_STUDY,,,Title: Prediction of corroded reinforced concrete beam deflection using a metaheuristic optimized least squares support vector regression | Source: OPENALEX,
CANON-00247,TITLE_ABSTRACT,DAO_TRUNG_THANH,ACADEMIC_STUDY,,,"Title: Applying artificial intelligence and digital health technologies, Viet Nam. | Source: OPENALEX | PUBMED",
CANON-00248,TITLE_ABSTRACT,DAO_TRUNG_THANH,ACADEMIC_STUDY,,,Title: PhoBERT: Application in Disease Classification based on Vietnamese Symptom Analysis | Source: OPENALEX,
CANON-00249,TITLE_ABSTRACT,DAO_TRUNG_THANH,ACADEMIC_STUDY,,,Title: Application of Artificial Intelligence in Healthcare in Vietnam: A Scoping Review of Current Status and Future Research Directions | Source: OPENALEX,
CANON-00250,TITLE_ABSTRACT,DAO_TRUNG_THANH,ACADEMIC_STUDY,,,Title: Overview of AI Agent Applications in Hospital Pharmacy Operations | Source: OPENALEX,
CANON-00251,TITLE_ABSTRACT,DAO_TRUNG_THANH,ACADEMIC_STUDY,,,Title: Parent’s Perception and Willingness for Using Internet Based Mental Health Application for Children | Source: OPENALEX,
CANON-00252,TITLE_ABSTRACT,DAO_TRUNG_THANH,ACADEMIC_STUDY,,,Title: Integrating Diverse Voices and Data Science: Advancing Equity in the Public Opinion Data Cycle for Health Emergencies | Source: OPENALEX,
CANON-00253,TITLE_ABSTRACT,DAO_TRUNG_THANH,ACADEMIC_STUDY,,,"Title: Remote sensing for yield estimation and climate risk management for coffee in Central Highlands, Vietnam | Source: OPENALEX",
CANON-00254,TITLE_ABSTRACT,DAO_TRUNG_THANH,ACADEMIC_STUDY,,,Title: Academic use of ChatGPT among postgraduate healthcare students: Findings from a cross-sectional study | Source: OPENALEX,
CANON-00255,TITLE_ABSTRACT,DAO_TRUNG_THANH,ACADEMIC_STUDY,,,Title: Development and validation of machine learning-based predictive clinical decision support system for olanzapine in patients with schizophrenia | Source: OPENALEX,
CANON-00256,TITLE_ABSTRACT,DAO_TRUNG_THANH,ACADEMIC_STUDY,,,Title: Toward Audio Beehive Monitoring Based on IoT-AI techniques: A Survey and Perspective | Source: OPENALEX,
CANON-00257,TITLE_ABSTRACT,DAO_TRUNG_THANH,ACADEMIC_STUDY,,,Title: Cory COVID-Bot: An Evidence-Based Behavior Change Chatbot for COVID-19. | Source: OPENALEX | PUBMED,
CANON-00258,TITLE_ABSTRACT,DAO_TRUNG_THANH,ACADEMIC_STUDY,,,Title: Transfer Learning Enhances Neurological Outcome Prediction for Out-of-Hospital Cardiac Arrest: Validation Across Diverse Geographic Contexts. | Source: OPENALEX | PUBMED,
CANON-00259,TITLE_ABSTRACT,DAO_TRUNG_THANH,ACADEMIC_STUDY,,,Title: Prediction of Early Functional Outcome After Acute Ischemic Stroke Using Real-World Clinical Data in Vietnam and Indonesia: Retrospective Cohort Study. | Source: OPENALEX | PUBMED,
CANON-00260,TITLE_ABSTRACT,DAO_TRUNG_THANH,ACADEMIC_STUDY,,,"Title: Kiến thức, thái độ và thực hành ứng dụng trí tuệ nhân tạo trong học tập của sinh viên Điều dưỡng tại Đại học Y Dược Thành phố Hồ Chí Minh | Source: OPENALEX",
CANON-00261,TITLE_ABSTRACT,DAO_TRUNG_THANH,ACADEMIC_STUDY,,,Title: Coronary CT Angiography-Derived Fractional Flow Reserve in Asia and the United States: 2025 Status Update. | Source: OPENALEX | PUBMED,
CANON-00262,TITLE_ABSTRACT,DAO_TRUNG_THANH,ACADEMIC_STUDY,,,"Title: ChatGPT Usage for Academic Purposes and Influencing Factors Among Students at Hanoi Medical University, Vietnam | Source: OPENALEX",
CANON-00263,TITLE_ABSTRACT,DAO_TRUNG_THANH,ACADEMIC_STUDY,,,Title: Ensemble learning of myocardial displacements for myocardial infarction detection in echocardiography. | Source: PUBMED,
CANON-00264,TITLE_ABSTRACT,DAO_TRUNG_THANH,ACADEMIC_STUDY,,,Title: Editorial: Multiparametric stress echocardiography in stable CAD patients. How technological advances may transform diagnosis and prognosis | Source: OPENALEX,
CANON-00265,TITLE_ABSTRACT,DAO_TRUNG_THANH,ACADEMIC_STUDY,,,Title: The Diagnosis of Dengue in Patients Presenting With Acute Febrile Illness Using Supervised Machine Learning and Impact of Seasonality. | Source: PUBMED,
CANON-00266,TITLE_ABSTRACT,DAO_TRUNG_THANH,ACADEMIC_STUDY,,,Title: Deployment and validation of an AI system for detecting abnormal chest radiographs in clinical settings. | Source: PUBMED,
CANON-00267,TITLE_ABSTRACT,DAO_TRUNG_THANH,ACADEMIC_STUDY,,,"Title: Measuring adherence, acceptability and likability of an artificial-intelligence-based, gamified phone application to improve the quality of dietary choices of adolescents in Ghana and Vietnam: Protocol of a randomized controlled pilot test. | Source: OPENALEX | PUBMED",
CANON-00268,TITLE_ABSTRACT,DAO_TRUNG_THANH,ACADEMIC_STUDY,,,Title: Editorial: ICYMARE – early career researchers in marine science | Source: OPENALEX,
CANON-00269,TITLE_ABSTRACT,DAO_TRUNG_THANH,ACADEMIC_STUDY,,,Title: Humanizing pulmonary care in the era of acoustic artificial intelligence: toward global health equity | Source: OPENALEX,
CANON-00270,TITLE_ABSTRACT,DAO_TRUNG_THANH,ACADEMIC_STUDY,,,Title: Editorial: Tick-borne Bunyaviruses: an emerging public health threat | Source: OPENALEX,
CANON-00271,TITLE_ABSTRACT,DAO_TRUNG_THANH,ACADEMIC_STUDY,,,Title: UET175: EEG dataset of motor imagery tasks in Vietnamese stroke patients | Source: OPENALEX,
CANON-00272,TITLE_ABSTRACT,DAO_TRUNG_THANH,ACADEMIC_STUDY,,,"Title: Editorial: Promoting innovative learning-oriented feedback practice: engagement, challenges, and solutions | Source: OPENALEX",
CANON-00273,TITLE_ABSTRACT,DAO_TRUNG_THANH,ACADEMIC_STUDY,,,"Title: Global, regional, and national burdens of rheumatoid arthritis among people aged 60 years and older from 1990 to 2021: a trend analysis for the Global Burden of Disease Study 2021. | Source: PUBMED",
CANON-00274,TITLE_ABSTRACT,DAO_TRUNG_THANH,ACADEMIC_STUDY,,,Title: Correction: Deep learning neural networks-based traffic predictors for V2X communication networks | Source: OPENALEX,
CANON-00275,TITLE_ABSTRACT,DAO_TRUNG_THANH,ACADEMIC_STUDY,,,Title: Editorial: Accelerating to 2030 - doubling down on HIV prevention to end HIV/AIDS as a public health threat | Source: OPENALEX,
CANON-00276,TITLE_ABSTRACT,DAO_TRUNG_THANH,ACADEMIC_STUDY,,,"Title: Development of Machine Learning and Deep Learning Prediction Models for PM2.5 in Ho Chi Minh City, Vietnam | Source: OPENALEX",
CANON-00277,TITLE_ABSTRACT,DAO_TRUNG_THANH,ACADEMIC_STUDY,,,Title: Cross-Cultural Identification of Acoustic Voice Features for Depression: A Cross-Sectional Study of Vietnamese and Japanese Datasets. | Source: PUBMED,
CANON-00278,TITLE_ABSTRACT,DAO_TRUNG_THANH,ACADEMIC_STUDY,,,Title: The Utilization of Machine Learning Algorithms for Assisting Physicians in the Diagnosis of Diabetes. | Source: OPENALEX | PUBMED,
CANON-00279,TITLE_ABSTRACT,DAO_TRUNG_THANH,ACADEMIC_STUDY,,,Title: Reliability of Automated Cephalometric Analysis: A Comparative Assessment of Stratification Strategies Based on Chronological Age Versus Dentition Stage | Source: OPENALEX,
CANON-00280,TITLE_ABSTRACT,DAO_TRUNG_THANH,ACADEMIC_STUDY,,,Title: An Integrated Fuzzy AHP and Fuzzy TOPSIS Approach to Assess Sustainable Urban Development in an Emerging Economy. | Source: PUBMED,
CANON-00281,TITLE_ABSTRACT,DAO_TRUNG_THANH,ACADEMIC_STUDY,,,Title: Curious but Unprepared: Healthcare Students’ Perspectives on AI and Robotics in Care and the Need for Curriculum Reform | Source: OPENALEX,
CANON-00282,TITLE_ABSTRACT,DAO_TRUNG_THANH,ACADEMIC_STUDY,,,Title: Applied Hedge Algebra Approach with Multilingual Large Language Models to Extract Hidden Rules in Datasets for Improvement of Generative AI Applications | Source: OPENALEX,
CANON-00283,TITLE_ABSTRACT,DAO_TRUNG_THANH,ACADEMIC_STUDY,,,Title: Artificial Intelligence vs. Natural Stupidity: Evaluating AI readiness for the Vietnamese Medical Information System. | Source: OPENALEX | PUBMED,
CANON-00284,TITLE_ABSTRACT,DAO_TRUNG_THANH,ACADEMIC_STUDY,,,Title: The Nexus Between Green Finance and Artificial Intelligence: A Systemic Bibliometric Analysis Based on Web of Science Database | Source: OPENALEX,
CANON-00285,TITLE_ABSTRACT,DAO_TRUNG_THANH,ACADEMIC_STUDY,,,Title: AI-Driven Methane Emission Prediction in Rice Paddies: A Machine Learning and Explainability Framework | Source: OPENALEX,
CANON-00286,TITLE_ABSTRACT,DAO_TRUNG_THANH,ACADEMIC_STUDY,,,Title: A Review of Earth Observation-Based Drought Studies in Southeast Asia | Source: OPENALEX,
CANON-00287,TITLE_ABSTRACT,DAO_TRUNG_THANH,ACADEMIC_STUDY,,,Title: Sepsis Mortality Prediction Using Wearable Monitoring in Low-Middle Income Countries. | Source: OPENALEX | PUBMED,
CANON-00288,TITLE_ABSTRACT,DAO_TRUNG_THANH,ACADEMIC_STUDY,,,Title: Classification of Tetanus Severity in Intensive-Care Settings for Low-Income Countries Using Wearable Sensing. | Source: OPENALEX | PUBMED,
CANON-00289,TITLE_ABSTRACT,DAO_TRUNG_THANH,ACADEMIC_STUDY,,,Title: Energy Poverty and Health Expenditure: Empirical Evidence from Vietnam | Source: OPENALEX,
CANON-00290,TITLE_ABSTRACT,DAO_TRUNG_THANH,ACADEMIC_STUDY,,,Title: Computer-Aided Detection for Chest Radiography to Improve the Quality of Tuberculosis Diagnosis in Vietnam's District Health Facilities: An Implementation Study. | Source: PUBMED,
CANON-00291,TITLE_ABSTRACT,DAO_TRUNG_THANH,ACADEMIC_STUDY,,,Title: Employment Opportunities Created By Artificial Intelligence (Ai) | Source: OPENALEX,
CANON-00292,TITLE_ABSTRACT,DAO_TRUNG_THANH,ACADEMIC_STUDY,,,Title: Regular Issue | Source: OPENALEX,
CANON-00293,TITLE_ABSTRACT,DAO_TRUNG_THANH,ACADEMIC_STUDY,,,Title: Karasteristik Sistem Pelayanan Angkutan Perkotaan Di Kota Makassar | Source: OPENALEX,
CANON-00294,TITLE_ABSTRACT,DAO_TRUNG_THANH,ACADEMIC_STUDY,,,Title: Automated 12-Lead Electrocardiograms (ECG) Digitization and WaveForm DataBase (WFDB) Standardization: Insights from Vietnamese Clinical Data. | Source: PUBMED,
CANON-00295,TITLE_ABSTRACT,DAO_TRUNG_THANH,ACADEMIC_STUDY,,,Title: Prediction of building subsidence in Vietnam using machine learning techniques based on leveling results | Source: OPENALEX,
CANON-00296,TITLE_ABSTRACT,DAO_TRUNG_THANH,ACADEMIC_STUDY,,,Title: Editorial | Source: OPENALEX,
CANON-00297,TITLE_ABSTRACT,DAO_TRUNG_THANH,ACADEMIC_STUDY,,,Title: An Android-Based mHealth App for Color Vision Screening and Career Guidance: Design and Validation | Source: OPENALEX,
CANON-00298,TITLE_ABSTRACT,DAO_TRUNG_THANH,ACADEMIC_STUDY,,,Title: The evidence for evidence-based medicine | Source: OPENALEX,
CANON-00299,TITLE_ABSTRACT,DAO_TRUNG_THANH,ACADEMIC_STUDY,,,Title: From COVID-19 to Nipah virus preparedness in low- and middle-income countries: Re-centering points of decision and responsible AI | Source: OPENALEX,
CANON-00300,TITLE_ABSTRACT,DAO_TRUNG_THANH,ACADEMIC_STUDY,,,Title: Fluid-sparing hyperoncotic albumin in severe dengue: A retrospective case series | Source: OPENALEX,
CANON-00301,TITLE_ABSTRACT,DAO_TRUNG_THANH,ACADEMIC_STUDY,,,"Title: Commemorating Roberto M Lang: The Man Who Knew How to Capture the Depth, Surface Texture, and Spirit of the Heart | Source: OPENALEX",
CANON-00302,TITLE_ABSTRACT,DAO_TRUNG_THANH,ACADEMIC_STUDY,,,Title: Percutaneous versus Surgical Coronary Revascularization: The Heart Wins Either Way | Source: OPENALEX,
CANON-00303,TITLE_ABSTRACT,DAO_TRUNG_THANH,ACADEMIC_STUDY,,,"Title: Effectiveness of artificial intelligence for diabetic retinopathy screening in community in Binh Dinh Province, Vietnam. | Source: OPENALEX | PUBMED",
CANON-00304,TITLE_ABSTRACT,DAO_TRUNG_THANH,ACADEMIC_STUDY,,,Title: VMHQA: A Vietnamese Multi-choice Dataset for Mental Health Domain Question Answering | Source: OPENALEX,
CANON-00305,TITLE_ABSTRACT,DAO_TRUNG_THANH,ACADEMIC_STUDY,,,Title: AI for Sustainable Development in Middle-Income Southeast Asia | Source: OPENALEX,
CANON-00306,TITLE_ABSTRACT,DAO_TRUNG_THANH,ACADEMIC_STUDY,,,Title: Optimizing machine learning models for enhanced forest fire susceptibility mapping in Gia Lai province | Source: OPENALEX,
CANON-00307,TITLE_ABSTRACT,DAO_TRUNG_THANH,ACADEMIC_STUDY,,,Title: AI-Powered Cardiovascular Risk Prediction: Integrating Wearable Biosensors and Machine Learning Algorithms | Source: OPENALEX,
CANON-00308,TITLE_ABSTRACT,DAO_TRUNG_THANH,ACADEMIC_STUDY,,,Title: Feasibility and accuracy of artificial intelligence for automatic qualification of two-dimensional and three-dimensional left ventricular ejection fraction and global longitudinal strain in echocardiography | Source: OPENALEX,
CANON-00309,TITLE_ABSTRACT,DAO_TRUNG_THANH,ACADEMIC_STUDY,,,Title: COPD-related mechanisms and risk signatures of cognitive impairment in the aging population | Source: OPENALEX,
CANON-00310,TITLE_ABSTRACT,DAO_TRUNG_THANH,ACADEMIC_STUDY,,,Title: Which Works Best for Vietnamese? A Practical Study of Information Retrieval Methods across Domains | Source: OPENALEX,
CANON-00311,TITLE_ABSTRACT,DAO_TRUNG_THANH,ACADEMIC_STUDY,,,Title: Real-Time Magnetic Tracking and Diagnosis of COVID-19 via Machine Learning | Source: OPENALEX,
CANON-00312,TITLE_ABSTRACT,DAO_TRUNG_THANH,ACADEMIC_STUDY,,,Title: Real-time Speech Summarization for Medical Conversations | Source: OPENALEX,
CANON-00313,TITLE_ABSTRACT,DAO_TRUNG_THANH,ACADEMIC_STUDY,,,Title: Sentiment Reasoning for Healthcare | Source: OPENALEX,
CANON-00314,TITLE_ABSTRACT,DAO_TRUNG_THANH,ACADEMIC_STUDY,,,"Title: Application of machine learning models to predict the relationship between air pollution, ecosystem degradation, and health disparities and lung cancer in Vietnam | Source: OPENALEX",
CANON-00315,TITLE_ABSTRACT,DAO_TRUNG_THANH,ACADEMIC_STUDY,,,Title: Comparing Large Language Models and Traditional Machine Translation Tools for Translating Medical Consultation Summaries: A Pilot Study | Source: OPENALEX,
CANON-00316,TITLE_ABSTRACT,DAO_TRUNG_THANH,ACADEMIC_STUDY,,,Title: A Hybrid Architecture for Multi-Stage Claim Document Understanding: Combining Vision-Language Models and Machine Learning for Real-Time Processing | Source: OPENALEX,
CANON-00317,TITLE_ABSTRACT,DAO_TRUNG_THANH,ACADEMIC_STUDY,,,Title: ViHERMES: A Graph-Grounded Multihop Question Answering Benchmark and System for Vietnamese Healthcare Regulations | Source: OPENALEX,
CANON-00318,TITLE_ABSTRACT,DAO_TRUNG_THANH,ACADEMIC_STUDY,,,Title: PSF-Med: Measuring and Explaining Paraphrase Sensitivity in Medical Vision Language Models | Source: OPENALEX,
CANON-00319,TITLE_ABSTRACT,DAO_TRUNG_THANH,ACADEMIC_STUDY,,,Title: Toward Pre-Deployment Assurance for Enterprise AI Agents: Ontology-Grounded Simulation and Trust Certification | Source: OPENALEX,
CANON-00320,TITLE_ABSTRACT,DAO_TRUNG_THANH,ACADEMIC_STUDY,,,Title: Neurai-VN Benchmark: Standardized Machine Learning Models for Multimodal Digital Phenotyping in Mental Health Classification | Source: OPENALEX,
CANON-00321,TITLE_ABSTRACT,DAO_TRUNG_THANH,ACADEMIC_STUDY,,,"Title: DEVELOPMENT OF AN INTEGRATED NURSING COMPETENCY FRAMEWORK: SYNTHESIZING VIETNAM’S NATIONAL STANDARDS, COMPETENCY MODELS, AND ASSESSMENT INSTRUMENTS | Source: OPENALEX",
CANON-00322,TITLE_ABSTRACT,DAO_TRUNG_THANH,ACADEMIC_STUDY,,,Title: Forecasting HIV Treatment loss of follow up rate Using Deep Learning and Survival Analysis in Ho Chi Minh City | Source: OPENALEX,
CANON-00323,TITLE_ABSTRACT,DAO_TRUNG_THANH,ACADEMIC_STUDY,,,"Title: &amp;#160;Air Emission Inventory and AI- based Air Quality Forecasting Models for Developing Countries: A Case Study of Ho Chi Minh City, Vietnam | Source: OPENALEX",
CANON-00324,TITLE_ABSTRACT,DAO_TRUNG_THANH,ACADEMIC_STUDY,,,Title: APPLICATION OF ARTIFICIAL INTELLIGENCE TO DEVELOP A MODEL FOR IDENTIFYING MANIA BASED ON VOICE: PRELIMINARY RESULTS | Source: OPENALEX,
CANON-00325,TITLE_ABSTRACT,DAO_TRUNG_THANH,ACADEMIC_STUDY,,,Title: An efficient human activity recognition model based on deep learning approaches | Source: OPENALEX,
CANON-00326,TITLE_ABSTRACT,DAO_TRUNG_THANH,ACADEMIC_STUDY,,,Title: Comprehensive Overview of Artificial Intelligence Applications in Biomedical Research and Precision Medicine (2024–2026) | Source: OPENALEX,
CANON-00327,TITLE_ABSTRACT,DAO_TRUNG_THANH,ACADEMIC_STUDY,,,Title: Comprehensive Overview of Artificial Intelligence Applications in Biomedical Research and Precision Medicine (2024–2026) | Source: OPENALEX,
CANON-00328,TITLE_ABSTRACT,DAO_TRUNG_THANH,ACADEMIC_STUDY,,,"Title: PREreview of ""Diagnostic Accuracy and Potential Resource Savings of Pooled Sputum Testing with Xpert MTB/RIF Ultra for Tuberculosis among adults in Vietnam: A Cross-Sectional Study"" | Source: OPENALEX",
CANON-00329,TITLE_ABSTRACT,DAO_TRUNG_THANH,ACADEMIC_STUDY,,,"Title: PREreview of ""Diagnostic Accuracy and Potential Resource Savings of Pooled Sputum Testing with Xpert MTB/RIF Ultra for Tuberculosis among adults in Vietnam: A Cross-Sectional Study"" | Source: OPENALEX",
CANON-00330,TITLE_ABSTRACT,DAO_TRUNG_THANH,ACADEMIC_STUDY,,,"Title: PREreview of ""Diagnostic Accuracy and Potential Resource Savings of Pooled Sputum Testing with Xpert MTB/RIF Ultra for Tuberculosis among adults in Vietnam: A Cross-Sectional Study"" | Source: OPENALEX",
CANON-00331,TITLE_ABSTRACT,DAO_TRUNG_THANH,ACADEMIC_STUDY,,,"Title: PREreview of ""Diagnostic Accuracy and Potential Resource Savings of Pooled Sputum Testing with Xpert MTB/RIF Ultra for Tuberculosis among adults in Vietnam: A Cross-Sectional Study"" | Source: OPENALEX",
CANON-00332,TITLE_ABSTRACT,DAO_TRUNG_THANH,ACADEMIC_STUDY,,,Title: Trustworthy RF/Microwave Biomedical AI: Information Fusion and Evaluation Design for Clinical Translation | Source: OPENALEX,
CANON-00333,TITLE_ABSTRACT,DAO_TRUNG_THANH,ACADEMIC_STUDY,,,Title: Trustworthy RF/Microwave Biomedical AI: Information Fusion and Evaluation Design for Clinical Translation | Source: OPENALEX,
CANON-00334,TITLE_ABSTRACT,DAO_TRUNG_THANH,ACADEMIC_STUDY,,,Title: Trustworthy RF/Microwave Biomedical AI: Information Fusion and Evaluation Design for Clinical Translation | Source: OPENALEX,
CANON-00335,TITLE_ABSTRACT,DAO_TRUNG_THANH,ACADEMIC_STUDY,,,Title: LEGAL CHALLENGES IN THE ERA OF ARTIFICIAL INTELLIGENCE REGARDING PATIENTS' RIGHTS: LESSON FOR VIETNAMESE MEDICAL STUDENTS | Source: OPENALEX,
CANON-00336,TITLE_ABSTRACT,DAO_TRUNG_THANH,ACADEMIC_STUDY,,,Title: LEGAL CHALLENGES IN THE ERA OF ARTIFICIAL INTELLIGENCE REGARDING PATIENTS' RIGHTS: LESSON FOR VIETNAMESE MEDICAL STUDENTS | Source: OPENALEX,
CANON-00337,TITLE_ABSTRACT,DAO_TRUNG_THANH,ACADEMIC_STUDY,,,"Title: PREreview of ""Long-read sequencing of Mycobacterial tuberculosis is comparable to short-read sequencing for antimicrobial resistance prediction and epidemiological studies"" | Source: OPENALEX",
CANON-00338,TITLE_ABSTRACT,DAO_TRUNG_THANH,ACADEMIC_STUDY,,,"Title: PREreview of ""Long-read sequencing of Mycobacterial tuberculosis is comparable to short-read sequencing for antimicrobial resistance prediction and epidemiological studies"" | Source: OPENALEX",
CANON-00339,TITLE_ABSTRACT,DAO_TRUNG_THANH,ACADEMIC_STUDY,,,Title: Trustworthy RF/Microwave Biomedical AI: Information Fusion and Evaluation Design for Clinical Translation | Source: OPENALEX,
CANON-00340,TITLE_ABSTRACT,DAO_TRUNG_THANH,ACADEMIC_STUDY,,,"Title: PREreview of ""SARS-CoV-2 Introductions into Lao PDR Revealed by Genomic Surveillance, 2021–2024"" | Source: OPENALEX",
CANON-00341,TITLE_ABSTRACT,DAO_TRUNG_THANH,ACADEMIC_STUDY,,,"Title: PREreview of ""SARS-CoV-2 Introductions into Lao PDR Revealed by Genomic Surveillance, 2021–2024"" | Source: OPENALEX",
CANON-00342,TITLE_ABSTRACT,DAO_TRUNG_THANH,ACADEMIC_STUDY,,,Title: From Data to Decisions: An AI/IT Intelligence Architecture for Asset-Light International Trading SMEs | Source: OPENALEX,
CANON-00343,TITLE_ABSTRACT,DAO_TRUNG_THANH,ACADEMIC_STUDY,,,Title: From Data to Decisions: An AI/IT Intelligence Architecture for Asset-Light International Trading SMEs | Source: OPENALEX,
CANON-00344,TITLE_ABSTRACT,DAO_TRUNG_THANH,ACADEMIC_STUDY,,,Title: Cost-Aware Distillation of a Commercial First-Trimester Preeclampsia Screening Engine in Northern Vietnam: Tiered Feature Sets and Explain Ability | Source: OPENALEX,
CANON-00345,TITLE_ABSTRACT,DAO_TRUNG_THANH,ACADEMIC_STUDY,,,"Title: Machine Learning Models for Fine Particulate Matter (PM2.5) Prediction: A Case Study in Bac Ninh Province, Vietnam | Source: OPENALEX",
CANON-00346,TITLE_ABSTRACT,DAO_TRUNG_THANH,ACADEMIC_STUDY,,,Title: SENTINEL-Dengue ASEAN-11: An AI-Powered Climate–Geospatial Intelligence System for Dengue Early Warning and Surveillance Prioritization Across Southeast Asia | Source: OPENALEX,
CANON-00347,TITLE_ABSTRACT,DAO_TRUNG_THANH,ACADEMIC_STUDY,,,Title: Editor’s Comment | Source: OPENALEX,
CANON-00348,TITLE_ABSTRACT,DAO_TRUNG_THANH,ACADEMIC_STUDY,,,"Title: Forest Landscape Restoration and Ecosystem Services in A Luoi District, Thua Thien Hue Province, Vietnam | Source: OPENALEX",
CANON-00349,TITLE_ABSTRACT,DAO_TRUNG_THANH,ACADEMIC_STUDY,,,Title: Enhancing English Language Acquisition through ChatGPT: Use of Technology Acceptance Model in Linguistics | Source: OPENALEX,
CANON-00350,TITLE_ABSTRACT,DAO_TRUNG_THANH,ACADEMIC_STUDY,,,Title: Application of machine learning models for green andsimultaneous determination of asiaticoside andmadecassoside in Centella asiatica | Source: OPENALEX,
CANON-00351,TITLE_ABSTRACT,DAO_TRUNG_THANH,ACADEMIC_STUDY,,,"Title: Molecular characterization of a distinct ginger chemotype from Thua Thien Hue, Vietnam, and the application of PCR-based markers for identifying unknown ginger populations in the region using machine learning | Source: OPENALEX",
CANON-00352,TITLE_ABSTRACT,DAO_TRUNG_THANH,ACADEMIC_STUDY,,,Title: The Impact of AI-induced Ethical Conflict and the Moderating Role of Psychological Safety on the Mental Health of Accountants in Financial Technology Enterprises in Vietnam | Source: OPENALEX,
CANON-00353,TITLE_ABSTRACT,DAO_TRUNG_THANH,ACADEMIC_STUDY,,,Title: Application of Social Media Data to Enhance the Performance of Humanitarian Logistics: A Case Study of Vietnam in the Aftermath of Typhoon Yagi | Source: OPENALEX,
CANON-00354,TITLE_ABSTRACT,DAO_TRUNG_THANH,ACADEMIC_STUDY,,,Title: Machine learning-based models for prediction of in-hospital mortality in patients with dengue shock syndrome. | Source: OPENALEX | PUBMED,
CANON-00355,TITLE_ABSTRACT,DAO_TRUNG_THANH,ACADEMIC_STUDY,,,Title: The Impact Of Digital Diplomacy On International Politics In The Early Decades Of The 21st Century And Its Implications For Vietnam | Source: OPENALEX,
CANON-00356,TITLE_ABSTRACT,DAO_TRUNG_THANH,ACADEMIC_STUDY,,,Title: Application of deep learning techniques in supportting the diagnosis of pneumonia through X-ray images | Source: OPENALEX,
CANON-00357,TITLE_ABSTRACT,DAO_TRUNG_THANH,ACADEMIC_STUDY,,,Title: Assessment of Artificial Intelligence-based Translation Tools for Emergency Department Discharge Instructions. | Source: OPENALEX | PUBMED,
CANON-00358,TITLE_ABSTRACT,DAO_TRUNG_THANH,ACADEMIC_STUDY,,,Title: Primary School Teachers’ Intention to Adopt AI in Sexual and Reproductive Health Education: An Extended Technology Scceptance Model | Source: OPENALEX,
CANON-00359,TITLE_ABSTRACT,DAO_TRUNG_THANH,ACADEMIC_STUDY,,,Title: APPLICATION OF ARTIFICIAL INTELLIGENCE IN SCREENING FOR AUTISM SPECTRUM DISORDER IN CHILDREN AT CAN THO CHILDREN'S HOSPITAL | Source: OPENALEX,
CANON-00360,TITLE_ABSTRACT,DAO_TRUNG_THANH,ACADEMIC_STUDY,,,Title: Bibliometric Analysis of Human‑Centered AI Research in Southeast Asia (2015–2025) | Source: OPENALEX,
CANON-00361,TITLE_ABSTRACT,DAO_TRUNG_THANH,ACADEMIC_STUDY,,,Title: Predicting Load-Deflection of Composite Concrete Bridges Using Machine Learning Models | Source: OPENALEX,
CANON-00362,TITLE_ABSTRACT,DAO_TRUNG_THANH,ACADEMIC_STUDY,,,"Title: Mapping Cadmium Contamination Potential in Surface Soil for Civil Engineering Applications: A Comparative Study of Machine Learning and Deep Learning Models in the Gianh River Basin, Vietnam | Source: OPENALEX",
CANON-00363,TITLE_ABSTRACT,DAO_TRUNG_THANH,ACADEMIC_STUDY,,,Title: Applying Machine Learning in assessing the health of the private economy in Vietnamese localities | Source: OPENALEX,
CANON-00364,TITLE_ABSTRACT,DAO_TRUNG_THANH,ACADEMIC_STUDY,,,Title: <b>Ensemble learning model identifies </b><b>adaptation classification and turning points</b><b> of river microbial communities in response to heatwaves</b> | Source: OPENALEX,
CANON-00365,TITLE_ABSTRACT,DAO_TRUNG_THANH,ACADEMIC_STUDY,,,Title: Machine learning models for predicting hospital readmission due to cardiovascular diseases among the elderly: a scoping review | Source: OPENALEX,
CANON-00366,TITLE_ABSTRACT,DAO_TRUNG_THANH,ACADEMIC_STUDY,,,Title: Machine learning models for predicting hospital readmission due to cardiovascular diseases among the elderly: a scoping review | Source: OPENALEX,
CANON-00367,TITLE_ABSTRACT,DAO_TRUNG_THANH,ACADEMIC_STUDY,,,Title: Machine learning models for predicting hospital readmission due to cardiovascular diseases among the elderly: a scoping review | Source: OPENALEX,
CANON-00368,TITLE_ABSTRACT,DAO_TRUNG_THANH,ACADEMIC_STUDY,,,"Title: Improving accuracy, stability, and practicability of poverty-targeting tools in the context of vietnamese ethnic minorities | Source: OPENALEX",
CANON-00369,TITLE_ABSTRACT,DAO_TRUNG_THANH,ACADEMIC_STUDY,,,Title: Sustainable Development of Physical Education in Vietnam: Digital Transformation from 2020 to 2025 and vision to 2030 | Source: OPENALEX,
CANON-00370,TITLE_ABSTRACT,DAO_TRUNG_THANH,ACADEMIC_STUDY,,,"Title: Knowledge, attitudes, and practices regarding artificial intelligence among health professions students: Implications for AI readiness | Source: OPENALEX",
CANON-00371,TITLE_ABSTRACT,DAO_TRUNG_THANH,ACADEMIC_STUDY,,,Title: ADVANCING SUSTAINABLE AGRICULTURE IN VIETNAM THROUGH BIOTECHNOLOGY AND ARTIFICIAL INTELLIGENCE | Source: OPENALEX,
CANON-00372,TITLE_ABSTRACT,DAO_TRUNG_THANH,ACADEMIC_STUDY,,,Title: BỆNH VIỆN THỐNG NHẤT – HÀNH TRÌNH PHÁT TRIỂN VÀ ĐỊNH HƯỚNG TRỞ THÀNH TRUNG TÂM LÃO KHOA KỸ THUẬT CAO HÀNG ĐẦU VIỆT NAM | Source: OPENALEX,
CANON-00373,TITLE_ABSTRACT,DAO_TRUNG_THANH,ACADEMIC_STUDY,,,Title: An overview of digital twin applications in the construction and management of bridge and road infrastructure | Source: OPENALEX,
CANON-00374,TITLE_ABSTRACT,DAO_TRUNG_THANH,ACADEMIC_STUDY,,,Title: Application of Artificial Intelligence in the Healthcare Sector and Legal Challenges: A Study in Vietnam | Source: OPENALEX,
CANON-00375,TITLE_ABSTRACT,DAO_TRUNG_THANH,ACADEMIC_STUDY,,,Title: Large language models for self-administered conversational vignette assessment of provider competencies: A pilot and validation study in Vietnam with automated LLM-powered transcript classification | Source: OPENALEX,
CANON-00376,TITLE_ABSTRACT,DAO_TRUNG_THANH,ACADEMIC_STUDY,,,Title: First-Trimester Non-Invasive Prediction of Preterm Birth Using Cell-Free DNA Fragmentomics | Source: OPENALEX,
CANON-00377,TITLE_ABSTRACT,DAO_TRUNG_THANH,ACADEMIC_STUDY,,,Title: Growing A Greener Future: Sustainable Practices in Agriculture | Source: OPENALEX,
CANON-00378,TITLE_ABSTRACT,DAO_TRUNG_THANH,ACADEMIC_STUDY,,,"Title: Contributions to Monitoring, Anomaly Detection and Classification Using Artificial Intelligence and Statistical Methods : Applications in Smart Manufacturing and Healthcare | Source: OPENALEX",
CANON-00379,TITLE_ABSTRACT,DAO_TRUNG_THANH,ACADEMIC_STUDY,,,"Title: Decision letter: Development, validation, and application of a machine learning model to estimate salt consumption in 54 countries | Source: OPENALEX",
CANON-00380,TITLE_ABSTRACT,DAO_TRUNG_THANH,ACADEMIC_STUDY,,,"Title: Author response: Development, validation, and application of a machine learning model to estimate salt consumption in 54 countries | Source: OPENALEX",
CANON-00381,TITLE_ABSTRACT,DAO_TRUNG_THANH,ACADEMIC_STUDY,,,Title: 2019 NCAS Abstracts | Source: OPENALEX,
CANON-00382,TITLE_ABSTRACT,DAO_TRUNG_THANH,ACADEMIC_STUDY,,,Title: Development and Validation of Machine Learning Models for Predicting Low Birth Weight in Singleton Pregnancies in Vietnam. | Source: OPENALEX | PUBMED,
CANON-00383,TITLE_ABSTRACT,DAO_TRUNG_THANH,ACADEMIC_STUDY,,,Title: Machine Learning Nomogram for Predicting Dengue Shock Syndrome in Pediatric Patients With Dengue Fever in Vietnam. | Source: OPENALEX | PUBMED,
CANON-00384,TITLE_ABSTRACT,DAO_TRUNG_THANH,ACADEMIC_STUDY,,,"Title: Data-driven approaches to linking hydrology, mineralogy, and biogeochemistry of groundwater arsenic contamination from grain to basin scale | Source: OPENALEX",
CANON-00385,TITLE_ABSTRACT,DAO_TRUNG_THANH,ACADEMIC_STUDY,,,Title: Predicting As Contamination Risk in Red River Delta using Machine Learning Algorithms | Source: OPENALEX,
