portal,query_id,locked_query_or_graph_target,page,requested_url,method,retrieval_utc,http_status,transport,api_error,reported_total,returned_count,raw_file,bytes,sha256,headers_file,headers_bytes,headers_sha256,run_status,stopping_rule_assessment
GOV-VB_UI_BACKEND,DQ-LAW-01,"""134/2025/QH15""",1,https://timkiem.chinhphu.vn/Home/search,POST,2026-07-31T22:51:26.648679+00:00,200,OK,Unable to connect to the remote server,0,0,raw/gov-q01-p01.json,161,525bd68ce6b1a9422441552e4bee123caf95514e5e12cd9420c31de64694c379,raw/gov-q01-p01.headers.json,368,983efb28ef867030c37db103bcfd1d960038e5d2e371df61099a50344e963762,FAIL_CLOSED,FAILED_API_RESPONSE
GOV-VB_UI_BACKEND,DQ-LAW-02,"""Luật Trí tuệ nhân tạo"" AND (y tế OR ""người bệnh"" OR bệnh viện)",1,https://timkiem.chinhphu.vn/Home/search,POST,2026-07-31T22:51:26.648679+00:00,200,OK,Unable to connect to the remote server,0,0,raw/gov-q02-p01.json,230,bc3d87036e2d1417e9e13645b1c6c856200a6472d87f9e10e2f22b9c7a3f721d,raw/gov-q02-p01.headers.json,368,c2aa77feca54be3cfd04519a0518f8698301c141f77e3253d8b1b40be5047548,FAIL_CLOSED,FAILED_API_RESPONSE
GOV-VB_UI_BACKEND,DQ-DEC-01,"""142/2026/NĐ-CP""",1,https://timkiem.chinhphu.vn/Home/search,POST,2026-07-31T22:51:26.648679+00:00,200,OK,Unable to connect to the remote server,0,0,raw/gov-q03-p01.json,163,777651956a35f2504a444a20093404cd1dde27b60b0b5cbfbbf161dc013ea892,raw/gov-q03-p01.headers.json,368,2e262bcc93feaa4a67b6d83ed32a196e50522956158b60721aabafa2cbd9b8e8,FAIL_CLOSED,FAILED_API_RESPONSE
GOV-VB_UI_BACKEND,DQ-FRAME-01,"""05/2026/TT-BKHCN""",1,https://timkiem.chinhphu.vn/Home/search,POST,2026-07-31T22:51:26.648679+00:00,200,OK,Unable to connect to the remote server,0,0,raw/gov-q04-p01.json,164,6811b21168738a49c06e421064693872babf8f9073502959992f8eb8f8c7d60b,raw/gov-q04-p01.headers.json,368,39069f556309de29dab52a0616e3c520347e7a4b8eb7bb10a1fdfcbfdf90ef20,FAIL_CLOSED,FAILED_API_RESPONSE
GOV-VB_UI_BACKEND,DQ-FRAME-02,"""Khung đạo đức trí tuệ nhân tạo quốc gia"" AND (y tế OR bệnh viện OR ""khám chữa bệnh"")",1,https://timkiem.chinhphu.vn/Home/search,POST,2026-07-31T22:51:26.648679+00:00,200,OK,Unable to connect to the remote server,0,0,raw/gov-q05-p01.json,258,4d5e3420d17475a65c1d906b892ce3f53a230a20ffefcec484332d28f8b6b83c,raw/gov-q05-p01.headers.json,368,2bc78f0755eaf6efe88160097c55934b588cefd4e08804b684255707312741fb,FAIL_CLOSED,FAILED_API_RESPONSE
GOV-VB_UI_BACKEND,DQ-REL-01,"(""134/2025/QH15"" OR ""142/2026/NĐ-CP"" OR ""05/2026/TT-BKHCN"") AND (sửa đổi OR thay thế OR hướng dẫn OR triển khai)",1,https://timkiem.chinhphu.vn/Home/search,POST,2026-07-31T22:51:26.648679+00:00,200,OK,Unable to connect to the remote server,0,0,raw/gov-q06-p01.json,277,fdb87a659415433d72ce42096afeccf40080fb430243369468e2b1d865a5a253,raw/gov-q06-p01.headers.json,368,273f649481e13f871a86d8e4e738e8649f37c605127c2446537d6ee3454b52c3,FAIL_CLOSED,FAILED_API_RESPONSE
GOV-VB_UI_BACKEND,DQ-COUNCIL-NAME-01,"""Hội đồng đạo đức AI quốc gia""",1,https://timkiem.chinhphu.vn/Home/search,POST,2026-07-31T22:51:26.648679+00:00,200,OK,Unable to connect to the remote server,0,0,raw/gov-q07-p01.json,189,f62b5222642c754a493e8bfc4948d36ab2fb35929e84f4dadc94f32efd299037,raw/gov-q07-p01.headers.json,368,f0f6ee987fb1e3c9faef12255f0ba0784a452b38c912d41d9e66bd2901975b51,FAIL_CLOSED,FAILED_API_RESPONSE
GOV-VB_UI_BACKEND,DQ-COUNCIL-NAME-02,"""Hội đồng đạo đức trí tuệ nhân tạo quốc gia""",1,https://timkiem.chinhphu.vn/Home/search,POST,2026-07-31T22:51:26.648679+00:00,200,OK,Unable to connect to the remote server,0,0,raw/gov-q08-p01.json,209,5a0d1f6c415c37ec3ac4754eb02f57333f88613bf891e6b392e82e35d41b8ea9,raw/gov-q08-p01.headers.json,368,97f369b8d0ec817f119d941d4dbf2dfd92d476f076d80396fa26a02a64a95045,FAIL_CLOSED,FAILED_API_RESPONSE
GOV-VB_UI_BACKEND,DQ-COUNCIL-NAME-03,"""Ủy ban đạo đức AI quốc gia""",1,https://timkiem.chinhphu.vn/Home/search,POST,2026-07-31T22:51:26.648679+00:00,200,OK,Unable to connect to the remote server,0,0,raw/gov-q09-p01.json,184,778ed8699358b0fb4e1a30e819c50d40316664e654e99c7242589c879e2fa9ac,raw/gov-q09-p01.headers.json,368,d8480a8acdd66edc8969db93fdd33633c7cc8467beb798c53dab2808baec37e6,FAIL_CLOSED,FAILED_API_RESPONSE
GOV-VB_UI_BACKEND,DQ-COUNCIL-NAME-04,"""National AI Ethics Council"" Vietnam",1,https://timkiem.chinhphu.vn/Home/search,POST,2026-07-31T22:51:26.648679+00:00,200,OK,Unable to connect to the remote server,0,0,raw/gov-q10-p01.json,182,dde72803b3212076ba5f9da4caf0fed642b74cbe85073fd3d66618f413e61e15,raw/gov-q10-p01.headers.json,368,8e1621619c008c5c7e8ba9cb3ae0b1e623a420186bc1f9d25a06e62b47779258,FAIL_CLOSED,FAILED_API_RESPONSE
GOV-VB_UI_BACKEND,DQ-COUNCIL-NAME-05,"""National Council on AI Ethics"" Vietnam",1,https://timkiem.chinhphu.vn/Home/search,POST,2026-07-31T22:51:26.648679+00:00,200,OK,Unable to connect to the remote server,0,0,raw/gov-q11-p01.json,185,76213384ff350903327227a3571fbebf57503ff3ebd829e8da1133ebb9892cd4,raw/gov-q11-p01.headers.json,368,efd113555e2288b62d1fbe157b33904ddf30adfecedd9b985ff872daa5c3e2a9,FAIL_CLOSED,FAILED_API_RESPONSE
GOV-VB_UI_BACKEND,DQ-COUNCIL-NAME-06,"""AI ethics committee"" Vietnam",1,https://timkiem.chinhphu.vn/Home/search,POST,2026-07-31T22:51:26.648679+00:00,200,OK,Unable to connect to the remote server,0,0,raw/gov-q12-p01.json,175,9e2336842818c272fb2c04a741820a30e193cdd2ad84969188aad8a6313adb4b,raw/gov-q12-p01.headers.json,368,e2beac8d4422638cff108582b72858a3cd503f0dd07a07195c0f0c1033ee1b1b,FAIL_CLOSED,FAILED_API_RESPONSE
GOV-VB_UI_BACKEND,DQ-COUNCIL-EST-01,"(""hội đồng đạo đức AI"" OR ""hội đồng đạo đức trí tuệ nhân tạo"") AND (""quyết định thành lập"" OR ""quy chế"" OR ""chức năng nhiệm vụ"" OR ""thành viên"")",1,https://timkiem.chinhphu.vn/Home/search,POST,2026-07-31T22:51:26.648679+00:00,200,OK,Unable to connect to the remote server,0,0,raw/gov-q13-p01.json,347,a5ca9849779472102baa3707bcfb90ea411f4cdb527bd760ae6d26ea6e9c5c61,raw/gov-q13-p01.headers.json,368,feb14162753502b4120c2653d884c74d00399a3c60418fbb55df6b27144d4824,FAIL_CLOSED,FAILED_API_RESPONSE
GOV-VB_UI_BACKEND,DQ-COUNCIL-ACT-01,"(""hội đồng đạo đức AI"" OR ""hội đồng đạo đức trí tuệ nhân tạo"") AND (""phiên họp"" OR ""biên bản"" OR ""báo cáo hoạt động"")",1,https://timkiem.chinhphu.vn/Home/search,POST,2026-07-31T22:51:26.648679+00:00,200,OK,Unable to connect to the remote server,0,0,raw/gov-q14-p01.json,312,87b8ce99f2c2d32ffb8e1eee0fede0eedd14a0359f241de1983041051852f9da,raw/gov-q14-p01.headers.json,368,b2462ce4bb196b64e8d220e93ec2d58c44f1842fd215227f49f5accb1d9b2266,FAIL_CLOSED,FAILED_API_RESPONSE
GOV-VB_UI_BACKEND,DQ-COUNCIL-ACT-02,"(""National AI Ethics Council"" OR ""National Council on AI Ethics"") AND (decision OR regulation OR mandate OR members OR meeting OR minutes OR ""activity report"")",1,https://timkiem.chinhphu.vn/Home/search,POST,2026-07-31T22:51:26.648679+00:00,200,OK,Unable to connect to the remote server,0,0,raw/gov-q15-p01.json,309,52112dd32c976b260e42861bba8b759d00de08fa143fa565192c7dabf998684b,raw/gov-q15-p01.headers.json,368,54f1064cc1112bf374935a26eaa025a0dc1c9d6c628e49123d0bde1aa3e08a5a,FAIL_CLOSED,FAILED_API_RESPONSE
GOV-VB_UI_BACKEND,LGRAPH-TARGET-55-2025-ND-CP,"""55/2025/NĐ-CP""",1,https://timkiem.chinhphu.vn/Home/search,POST,2026-07-31T22:51:26.648679+00:00,200,OK,Unable to connect to the remote server,0,0,raw/gov-q16-p01.json,162,c54306f2380636a70345691b6b563833c5791ebb4f53eb4859e581673e4e0e5a,raw/gov-q16-p01.headers.json,368,df25a33c997cae82a4931661e0f5a8b4051da89b8c0975669885a20e513e9b9e,FAIL_CLOSED,FAILED_API_RESPONSE
GAZ,DQ-LAW-01,"""134/2025/QH15""",1,https://congbao.chinhphu.vn/tim-kiem?keyword=%22134%2F2025%2FQH15%22,GET,2026-07-31T22:51:26.648679+00:00,200,OK,,,,raw/gaz-q01-p01.html,208187,2c055e3e1ecf28a061030bbbd3f20337843903a3f9b342ce44da649a5a76b5e8,raw/gaz-q01-p01.headers.json,2803,e6a7d74a409a4c14de7d20e26889af68092fa8d07d726c320033184ce24957bf,FAIL_CLOSED,PUBLIC_QUERY_ENDPOINT_NOT_VALIDATED_OR_CLIENT_ACCESS_FAILED; NOT_A_COMPLETED_10_PAGE_SEARCH
GAZ,DQ-LAW-02,"""Luật Trí tuệ nhân tạo"" AND (y tế OR ""người bệnh"" OR bệnh viện)",,,NOT_SENT,2026-07-31T22:51:26.648679+00:00,NOT_ATTEMPTED,NOT_ATTEMPTED_AFTER_PORTAL_FAILURE,,,,,0,,,0,,FAIL_CLOSED,PORTAL_ACCESS_OR_QUERY_SEMANTICS_FAILED_ON_PREVIOUS_REQUEST; NO FURTHER REQUESTS SENT
GAZ,DQ-DEC-01,"""142/2026/NĐ-CP""",,,NOT_SENT,2026-07-31T22:51:26.648679+00:00,NOT_ATTEMPTED,NOT_ATTEMPTED_AFTER_PORTAL_FAILURE,,,,,0,,,0,,FAIL_CLOSED,PORTAL_ACCESS_OR_QUERY_SEMANTICS_FAILED_ON_PREVIOUS_REQUEST; NO FURTHER REQUESTS SENT
GAZ,DQ-FRAME-01,"""05/2026/TT-BKHCN""",,,NOT_SENT,2026-07-31T22:51:26.648679+00:00,NOT_ATTEMPTED,NOT_ATTEMPTED_AFTER_PORTAL_FAILURE,,,,,0,,,0,,FAIL_CLOSED,PORTAL_ACCESS_OR_QUERY_SEMANTICS_FAILED_ON_PREVIOUS_REQUEST; NO FURTHER REQUESTS SENT
GAZ,DQ-FRAME-02,"""Khung đạo đức trí tuệ nhân tạo quốc gia"" AND (y tế OR bệnh viện OR ""khám chữa bệnh"")",,,NOT_SENT,2026-07-31T22:51:26.648679+00:00,NOT_ATTEMPTED,NOT_ATTEMPTED_AFTER_PORTAL_FAILURE,,,,,0,,,0,,FAIL_CLOSED,PORTAL_ACCESS_OR_QUERY_SEMANTICS_FAILED_ON_PREVIOUS_REQUEST; NO FURTHER REQUESTS SENT
GAZ,DQ-REL-01,"(""134/2025/QH15"" OR ""142/2026/NĐ-CP"" OR ""05/2026/TT-BKHCN"") AND (sửa đổi OR thay thế OR hướng dẫn OR triển khai)",,,NOT_SENT,2026-07-31T22:51:26.648679+00:00,NOT_ATTEMPTED,NOT_ATTEMPTED_AFTER_PORTAL_FAILURE,,,,,0,,,0,,FAIL_CLOSED,PORTAL_ACCESS_OR_QUERY_SEMANTICS_FAILED_ON_PREVIOUS_REQUEST; NO FURTHER REQUESTS SENT
GAZ,DQ-COUNCIL-NAME-01,"""Hội đồng đạo đức AI quốc gia""",,,NOT_SENT,2026-07-31T22:51:26.648679+00:00,NOT_ATTEMPTED,NOT_ATTEMPTED_AFTER_PORTAL_FAILURE,,,,,0,,,0,,FAIL_CLOSED,PORTAL_ACCESS_OR_QUERY_SEMANTICS_FAILED_ON_PREVIOUS_REQUEST; NO FURTHER REQUESTS SENT
GAZ,DQ-COUNCIL-NAME-02,"""Hội đồng đạo đức trí tuệ nhân tạo quốc gia""",,,NOT_SENT,2026-07-31T22:51:26.648679+00:00,NOT_ATTEMPTED,NOT_ATTEMPTED_AFTER_PORTAL_FAILURE,,,,,0,,,0,,FAIL_CLOSED,PORTAL_ACCESS_OR_QUERY_SEMANTICS_FAILED_ON_PREVIOUS_REQUEST; NO FURTHER REQUESTS SENT
GAZ,DQ-COUNCIL-NAME-03,"""Ủy ban đạo đức AI quốc gia""",,,NOT_SENT,2026-07-31T22:51:26.648679+00:00,NOT_ATTEMPTED,NOT_ATTEMPTED_AFTER_PORTAL_FAILURE,,,,,0,,,0,,FAIL_CLOSED,PORTAL_ACCESS_OR_QUERY_SEMANTICS_FAILED_ON_PREVIOUS_REQUEST; NO FURTHER REQUESTS SENT
GAZ,DQ-COUNCIL-NAME-04,"""National AI Ethics Council"" Vietnam",,,NOT_SENT,2026-07-31T22:51:26.648679+00:00,NOT_ATTEMPTED,NOT_ATTEMPTED_AFTER_PORTAL_FAILURE,,,,,0,,,0,,FAIL_CLOSED,PORTAL_ACCESS_OR_QUERY_SEMANTICS_FAILED_ON_PREVIOUS_REQUEST; NO FURTHER REQUESTS SENT
GAZ,DQ-COUNCIL-NAME-05,"""National Council on AI Ethics"" Vietnam",,,NOT_SENT,2026-07-31T22:51:26.648679+00:00,NOT_ATTEMPTED,NOT_ATTEMPTED_AFTER_PORTAL_FAILURE,,,,,0,,,0,,FAIL_CLOSED,PORTAL_ACCESS_OR_QUERY_SEMANTICS_FAILED_ON_PREVIOUS_REQUEST; NO FURTHER REQUESTS SENT
GAZ,DQ-COUNCIL-NAME-06,"""AI ethics committee"" Vietnam",,,NOT_SENT,2026-07-31T22:51:26.648679+00:00,NOT_ATTEMPTED,NOT_ATTEMPTED_AFTER_PORTAL_FAILURE,,,,,0,,,0,,FAIL_CLOSED,PORTAL_ACCESS_OR_QUERY_SEMANTICS_FAILED_ON_PREVIOUS_REQUEST; NO FURTHER REQUESTS SENT
GAZ,DQ-COUNCIL-EST-01,"(""hội đồng đạo đức AI"" OR ""hội đồng đạo đức trí tuệ nhân tạo"") AND (""quyết định thành lập"" OR ""quy chế"" OR ""chức năng nhiệm vụ"" OR ""thành viên"")",,,NOT_SENT,2026-07-31T22:51:26.648679+00:00,NOT_ATTEMPTED,NOT_ATTEMPTED_AFTER_PORTAL_FAILURE,,,,,0,,,0,,FAIL_CLOSED,PORTAL_ACCESS_OR_QUERY_SEMANTICS_FAILED_ON_PREVIOUS_REQUEST; NO FURTHER REQUESTS SENT
GAZ,DQ-COUNCIL-ACT-01,"(""hội đồng đạo đức AI"" OR ""hội đồng đạo đức trí tuệ nhân tạo"") AND (""phiên họp"" OR ""biên bản"" OR ""báo cáo hoạt động"")",,,NOT_SENT,2026-07-31T22:51:26.648679+00:00,NOT_ATTEMPTED,NOT_ATTEMPTED_AFTER_PORTAL_FAILURE,,,,,0,,,0,,FAIL_CLOSED,PORTAL_ACCESS_OR_QUERY_SEMANTICS_FAILED_ON_PREVIOUS_REQUEST; NO FURTHER REQUESTS SENT
GAZ,DQ-COUNCIL-ACT-02,"(""National AI Ethics Council"" OR ""National Council on AI Ethics"") AND (decision OR regulation OR mandate OR members OR meeting OR minutes OR ""activity report"")",,,NOT_SENT,2026-07-31T22:51:26.648679+00:00,NOT_ATTEMPTED,NOT_ATTEMPTED_AFTER_PORTAL_FAILURE,,,,,0,,,0,,FAIL_CLOSED,PORTAL_ACCESS_OR_QUERY_SEMANTICS_FAILED_ON_PREVIOUS_REQUEST; NO FURTHER REQUESTS SENT
GAZ,LGRAPH-TARGET-55-2025-ND-CP,"""55/2025/NĐ-CP""",,,NOT_SENT,2026-07-31T22:51:26.648679+00:00,NOT_ATTEMPTED,NOT_ATTEMPTED_AFTER_PORTAL_FAILURE,,,,,0,,,0,,FAIL_CLOSED,PORTAL_ACCESS_OR_QUERY_SEMANTICS_FAILED_ON_PREVIOUS_REQUEST; NO FURTHER REQUESTS SENT
VBPL,DQ-LAW-01,"""134/2025/QH15""",1,https://vbpl.vn/TW/Pages/vbpq-timkiem.aspx?Keyword=%22134%2F2025%2FQH15%22,GET,2026-07-31T22:51:26.648679+00:00,CLIENT_ERROR,CLIENT_ERROR,,,,raw/vbpl-q01-p01.error.txt,61,2b9e9811123e917386d3705122d73c8d62a504b6d7243617a21222d54ac80173,raw/vbpl-q01-p01.headers.json,2,44136fa355b3678a1146ad16f7e8649e94fb4fc21fe77e8310c060f61caaff8a,FAIL_CLOSED,PUBLIC_QUERY_ENDPOINT_NOT_VALIDATED_OR_CLIENT_ACCESS_FAILED; NOT_A_COMPLETED_10_PAGE_SEARCH
VBPL,DQ-LAW-02,"""Luật Trí tuệ nhân tạo"" AND (y tế OR ""người bệnh"" OR bệnh viện)",,,NOT_SENT,2026-07-31T22:51:26.648679+00:00,NOT_ATTEMPTED,NOT_ATTEMPTED_AFTER_PORTAL_FAILURE,,,,,0,,,0,,FAIL_CLOSED,PORTAL_ACCESS_OR_QUERY_SEMANTICS_FAILED_ON_PREVIOUS_REQUEST; NO FURTHER REQUESTS SENT
VBPL,DQ-DEC-01,"""142/2026/NĐ-CP""",,,NOT_SENT,2026-07-31T22:51:26.648679+00:00,NOT_ATTEMPTED,NOT_ATTEMPTED_AFTER_PORTAL_FAILURE,,,,,0,,,0,,FAIL_CLOSED,PORTAL_ACCESS_OR_QUERY_SEMANTICS_FAILED_ON_PREVIOUS_REQUEST; NO FURTHER REQUESTS SENT
VBPL,DQ-FRAME-01,"""05/2026/TT-BKHCN""",,,NOT_SENT,2026-07-31T22:51:26.648679+00:00,NOT_ATTEMPTED,NOT_ATTEMPTED_AFTER_PORTAL_FAILURE,,,,,0,,,0,,FAIL_CLOSED,PORTAL_ACCESS_OR_QUERY_SEMANTICS_FAILED_ON_PREVIOUS_REQUEST; NO FURTHER REQUESTS SENT
VBPL,DQ-FRAME-02,"""Khung đạo đức trí tuệ nhân tạo quốc gia"" AND (y tế OR bệnh viện OR ""khám chữa bệnh"")",,,NOT_SENT,2026-07-31T22:51:26.648679+00:00,NOT_ATTEMPTED,NOT_ATTEMPTED_AFTER_PORTAL_FAILURE,,,,,0,,,0,,FAIL_CLOSED,PORTAL_ACCESS_OR_QUERY_SEMANTICS_FAILED_ON_PREVIOUS_REQUEST; NO FURTHER REQUESTS SENT
VBPL,DQ-REL-01,"(""134/2025/QH15"" OR ""142/2026/NĐ-CP"" OR ""05/2026/TT-BKHCN"") AND (sửa đổi OR thay thế OR hướng dẫn OR triển khai)",,,NOT_SENT,2026-07-31T22:51:26.648679+00:00,NOT_ATTEMPTED,NOT_ATTEMPTED_AFTER_PORTAL_FAILURE,,,,,0,,,0,,FAIL_CLOSED,PORTAL_ACCESS_OR_QUERY_SEMANTICS_FAILED_ON_PREVIOUS_REQUEST; NO FURTHER REQUESTS SENT
VBPL,DQ-COUNCIL-NAME-01,"""Hội đồng đạo đức AI quốc gia""",,,NOT_SENT,2026-07-31T22:51:26.648679+00:00,NOT_ATTEMPTED,NOT_ATTEMPTED_AFTER_PORTAL_FAILURE,,,,,0,,,0,,FAIL_CLOSED,PORTAL_ACCESS_OR_QUERY_SEMANTICS_FAILED_ON_PREVIOUS_REQUEST; NO FURTHER REQUESTS SENT
VBPL,DQ-COUNCIL-NAME-02,"""Hội đồng đạo đức trí tuệ nhân tạo quốc gia""",,,NOT_SENT,2026-07-31T22:51:26.648679+00:00,NOT_ATTEMPTED,NOT_ATTEMPTED_AFTER_PORTAL_FAILURE,,,,,0,,,0,,FAIL_CLOSED,PORTAL_ACCESS_OR_QUERY_SEMANTICS_FAILED_ON_PREVIOUS_REQUEST; NO FURTHER REQUESTS SENT
VBPL,DQ-COUNCIL-NAME-03,"""Ủy ban đạo đức AI quốc gia""",,,NOT_SENT,2026-07-31T22:51:26.648679+00:00,NOT_ATTEMPTED,NOT_ATTEMPTED_AFTER_PORTAL_FAILURE,,,,,0,,,0,,FAIL_CLOSED,PORTAL_ACCESS_OR_QUERY_SEMANTICS_FAILED_ON_PREVIOUS_REQUEST; NO FURTHER REQUESTS SENT
VBPL,DQ-COUNCIL-NAME-04,"""National AI Ethics Council"" Vietnam",,,NOT_SENT,2026-07-31T22:51:26.648679+00:00,NOT_ATTEMPTED,NOT_ATTEMPTED_AFTER_PORTAL_FAILURE,,,,,0,,,0,,FAIL_CLOSED,PORTAL_ACCESS_OR_QUERY_SEMANTICS_FAILED_ON_PREVIOUS_REQUEST; NO FURTHER REQUESTS SENT
VBPL,DQ-COUNCIL-NAME-05,"""National Council on AI Ethics"" Vietnam",,,NOT_SENT,2026-07-31T22:51:26.648679+00:00,NOT_ATTEMPTED,NOT_ATTEMPTED_AFTER_PORTAL_FAILURE,,,,,0,,,0,,FAIL_CLOSED,PORTAL_ACCESS_OR_QUERY_SEMANTICS_FAILED_ON_PREVIOUS_REQUEST; NO FURTHER REQUESTS SENT
VBPL,DQ-COUNCIL-NAME-06,"""AI ethics committee"" Vietnam",,,NOT_SENT,2026-07-31T22:51:26.648679+00:00,NOT_ATTEMPTED,NOT_ATTEMPTED_AFTER_PORTAL_FAILURE,,,,,0,,,0,,FAIL_CLOSED,PORTAL_ACCESS_OR_QUERY_SEMANTICS_FAILED_ON_PREVIOUS_REQUEST; NO FURTHER REQUESTS SENT
VBPL,DQ-COUNCIL-EST-01,"(""hội đồng đạo đức AI"" OR ""hội đồng đạo đức trí tuệ nhân tạo"") AND (""quyết định thành lập"" OR ""quy chế"" OR ""chức năng nhiệm vụ"" OR ""thành viên"")",,,NOT_SENT,2026-07-31T22:51:26.648679+00:00,NOT_ATTEMPTED,NOT_ATTEMPTED_AFTER_PORTAL_FAILURE,,,,,0,,,0,,FAIL_CLOSED,PORTAL_ACCESS_OR_QUERY_SEMANTICS_FAILED_ON_PREVIOUS_REQUEST; NO FURTHER REQUESTS SENT
VBPL,DQ-COUNCIL-ACT-01,"(""hội đồng đạo đức AI"" OR ""hội đồng đạo đức trí tuệ nhân tạo"") AND (""phiên họp"" OR ""biên bản"" OR ""báo cáo hoạt động"")",,,NOT_SENT,2026-07-31T22:51:26.648679+00:00,NOT_ATTEMPTED,NOT_ATTEMPTED_AFTER_PORTAL_FAILURE,,,,,0,,,0,,FAIL_CLOSED,PORTAL_ACCESS_OR_QUERY_SEMANTICS_FAILED_ON_PREVIOUS_REQUEST; NO FURTHER REQUESTS SENT
VBPL,DQ-COUNCIL-ACT-02,"(""National AI Ethics Council"" OR ""National Council on AI Ethics"") AND (decision OR regulation OR mandate OR members OR meeting OR minutes OR ""activity report"")",,,NOT_SENT,2026-07-31T22:51:26.648679+00:00,NOT_ATTEMPTED,NOT_ATTEMPTED_AFTER_PORTAL_FAILURE,,,,,0,,,0,,FAIL_CLOSED,PORTAL_ACCESS_OR_QUERY_SEMANTICS_FAILED_ON_PREVIOUS_REQUEST; NO FURTHER REQUESTS SENT
VBPL,LGRAPH-TARGET-55-2025-ND-CP,"""55/2025/NĐ-CP""",,,NOT_SENT,2026-07-31T22:51:26.648679+00:00,NOT_ATTEMPTED,NOT_ATTEMPTED_AFTER_PORTAL_FAILURE,,,,,0,,,0,,FAIL_CLOSED,PORTAL_ACCESS_OR_QUERY_SEMANTICS_FAILED_ON_PREVIOUS_REQUEST; NO FURTHER REQUESTS SENT
