file,sha256,bytes
locator-evidence-ledger.csv,106D694E74335A25CBD1B3A6BD0EFC0B33D45FE847AB64B9F3559E519BAEFD7B,25234
manifestations-inventory.csv,FE8F1B4EDED9C42F8020B9113544FDA9324C3F21E78B57F0600E691C5C616667,3037
raw-artifacts/doc-INTL-01-www.who.int-vietnam-DQ-EVID-04-pos1.body,5380FB255EDE0C079B856CEB937E6D342635ED32E2EC114EB05FF2567B908947,69283
raw-artifacts/doc-INTL-01-www.who.int-vietnam-DQ-EVID-04-pos1.error.txt,B5C11451B9C48104CDAC7429597CA067D21D6CE8885DD1A45E7CCF8F885BF3A8,8
raw-artifacts/doc-INTL-02-www.unesco.org-DQ-IMPL-03-pos1.body,E3B0C44298FC1C149AFBF4C8996FB92427AE41E4649B934CA495991B7852B855,0
raw-artifacts/doc-INTL-02-www.unesco.org-DQ-IMPL-03-pos1.error.txt,E34E569775072811CB4C470A0C4D22F1142A959156959124B8FDBEB3BB3FDFBD,8
raw-artifacts/doc-INTL-02-www.unesco.org-DQ-IMPL-03-pos1.headers.json,44136FA355B3678A1146AD16F7E8649E94FB4FC21FE77E8310C060F61CAAFF8A,2
raw-artifacts/doc-INTL-02-www.unesco.org-DQ-IMPL-03-pos2.body,E3B0C44298FC1C149AFBF4C8996FB92427AE41E4649B934CA495991B7852B855,0
raw-artifacts/doc-INTL-02-www.unesco.org-DQ-IMPL-03-pos2.error.txt,E34E569775072811CB4C470A0C4D22F1142A959156959124B8FDBEB3BB3FDFBD,8
raw-artifacts/doc-INTL-02-www.unesco.org-DQ-IMPL-03-pos2.headers.json,44136FA355B3678A1146AD16F7E8649E94FB4FC21FE77E8310C060F61CAAFF8A,2
raw-artifacts/doc-INTL-02-www.unesco.org-DQ-IMPL-03-pos3.body,E3B0C44298FC1C149AFBF4C8996FB92427AE41E4649B934CA495991B7852B855,0
raw-artifacts/doc-INTL-02-www.unesco.org-DQ-IMPL-03-pos3.error.txt,E34E569775072811CB4C470A0C4D22F1142A959156959124B8FDBEB3BB3FDFBD,8
raw-artifacts/doc-INTL-02-www.unesco.org-DQ-IMPL-03-pos3.headers.json,44136FA355B3678A1146AD16F7E8649E94FB4FC21FE77E8310C060F61CAAFF8A,2
raw-artifacts/doc-INTL-02-www.unesco.org-DQ-TOOL-01-pos1.body,E3B0C44298FC1C149AFBF4C8996FB92427AE41E4649B934CA495991B7852B855,0
raw-artifacts/doc-INTL-02-www.unesco.org-DQ-TOOL-01-pos1.error.txt,E34E569775072811CB4C470A0C4D22F1142A959156959124B8FDBEB3BB3FDFBD,8
raw-artifacts/doc-INTL-02-www.unesco.org-DQ-TOOL-01-pos1.headers.json,44136FA355B3678A1146AD16F7E8649E94FB4FC21FE77E8310C060F61CAAFF8A,2
raw-artifacts/doc-INTL-02-www.unesco.org-DQ-TOOL-01-pos2.body,E3B0C44298FC1C149AFBF4C8996FB92427AE41E4649B934CA495991B7852B855,0
raw-artifacts/doc-INTL-02-www.unesco.org-DQ-TOOL-01-pos2.error.txt,E34E569775072811CB4C470A0C4D22F1142A959156959124B8FDBEB3BB3FDFBD,8
raw-artifacts/doc-INTL-02-www.unesco.org-DQ-TOOL-01-pos2.headers.json,44136FA355B3678A1146AD16F7E8649E94FB4FC21FE77E8310C060F61CAAFF8A,2
raw-artifacts/doc-INTL-02-www.unesco.org-DQ-TOOL-01-pos3.body,E3B0C44298FC1C149AFBF4C8996FB92427AE41E4649B934CA495991B7852B855,0
raw-artifacts/doc-INTL-02-www.unesco.org-DQ-TOOL-01-pos3.error.txt,E34E569775072811CB4C470A0C4D22F1142A959156959124B8FDBEB3BB3FDFBD,8
raw-artifacts/doc-INTL-02-www.unesco.org-DQ-TOOL-01-pos3.headers.json,44136FA355B3678A1146AD16F7E8649E94FB4FC21FE77E8310C060F61CAAFF8A,2
raw-artifacts/doc-INTL-03-www.unesco.org-DQ-EVID-04-pos1.body,E3B0C44298FC1C149AFBF4C8996FB92427AE41E4649B934CA495991B7852B855,0
raw-artifacts/doc-INTL-03-www.unesco.org-DQ-EVID-04-pos1.error.txt,E34E569775072811CB4C470A0C4D22F1142A959156959124B8FDBEB3BB3FDFBD,8
raw-artifacts/doc-INTL-03-www.unesco.org-DQ-EVID-04-pos1.headers.json,44136FA355B3678A1146AD16F7E8649E94FB4FC21FE77E8310C060F61CAAFF8A,2
raw-artifacts/doc-INTL-03-www.unesco.org-DQ-EVID-05-pos1.body,E3B0C44298FC1C149AFBF4C8996FB92427AE41E4649B934CA495991B7852B855,0
raw-artifacts/doc-INTL-03-www.unesco.org-DQ-EVID-05-pos1.error.txt,E34E569775072811CB4C470A0C4D22F1142A959156959124B8FDBEB3BB3FDFBD,8
raw-artifacts/doc-INTL-03-www.unesco.org-DQ-EVID-05-pos1.headers.json,44136FA355B3678A1146AD16F7E8649E94FB4FC21FE77E8310C060F61CAAFF8A,2
raw-artifacts/doc-INTL-03-www.who.int-vietnam-DQ-EVID-04-pos1.body,5380FB255EDE0C079B856CEB937E6D342635ED32E2EC114EB05FF2567B908947,69283
raw-artifacts/doc-INTL-03-www.who.int-vietnam-DQ-EVID-04-pos1.error.txt,B5C11451B9C48104CDAC7429597CA067D21D6CE8885DD1A45E7CCF8F885BF3A8,8
raw-artifacts/doc-INTL-03-www.who.int-vietnam-DQ-EVID-05-pos1.body,ED635D9D3A45070CC40E008C8CCD420B5FF5DA09C61572B731D682FF7EBD93C9,93155
raw-artifacts/doc-INTL-03-www.who.int-vietnam-DQ-EVID-05-pos1.error.txt,B5C11451B9C48104CDAC7429597CA067D21D6CE8885DD1A45E7CCF8F885BF3A8,8
raw-artifacts/doc-INTL-03-www.who.int-vietnam-DQ-EVID-05-pos2.body,A6B80A61CA1369BCFAFC867B96F819E9DDC08EC506A999CDE260E00D661E0E09,84220
raw-artifacts/doc-INTL-03-www.who.int-vietnam-DQ-EVID-05-pos2.error.txt,B5C11451B9C48104CDAC7429597CA067D21D6CE8885DD1A45E7CCF8F885BF3A8,8
raw-artifacts/doc-INTL-03-www.who.int-vietnam-DQ-EVID-05-pos3.body,79FE8A04308C141B640B5BB40C41D7A6C9B57C26F17B7685C8D57FBA63AF2F57,102929
raw-artifacts/doc-INTL-03-www.who.int-vietnam-DQ-EVID-05-pos3.error.txt,B5C11451B9C48104CDAC7429597CA067D21D6CE8885DD1A45E7CCF8F885BF3A8,8
raw-artifacts/doc-INTL-03-www.who.int-vietnam-DQ-EVID-05-pos4.body,6A2001A6E8DFAD0E4DD0E4D8A7EA8DA70915B9BDE5B1BFB416CDEA1F28E9D387,106864
raw-artifacts/doc-INTL-03-www.who.int-vietnam-DQ-EVID-05-pos4.error.txt,B5C11451B9C48104CDAC7429597CA067D21D6CE8885DD1A45E7CCF8F885BF3A8,8
raw-artifacts/doc-INTL-03-www.who.int-vietnam-DQ-EVID-05-pos5.body,CCA9C00975BD765CD70FBB0C6D76BD6FD885051310508BD5072E3E64E630663C,92098
raw-artifacts/doc-INTL-03-www.who.int-vietnam-DQ-EVID-05-pos5.error.txt,B5C11451B9C48104CDAC7429597CA067D21D6CE8885DD1A45E7CCF8F885BF3A8,8
raw-artifacts/doc-MINISTRY-01-moh.gov.vn-DQ-IMPL-01-pos1.body,E3B0C44298FC1C149AFBF4C8996FB92427AE41E4649B934CA495991B7852B855,0
raw-artifacts/doc-MINISTRY-01-moh.gov.vn-DQ-IMPL-01-pos1.error.txt,E34E569775072811CB4C470A0C4D22F1142A959156959124B8FDBEB3BB3FDFBD,8
raw-artifacts/doc-MINISTRY-01-moh.gov.vn-DQ-IMPL-01-pos1.headers.json,44136FA355B3678A1146AD16F7E8649E94FB4FC21FE77E8310C060F61CAAFF8A,2
raw-artifacts/doc-MINISTRY-01-moh.gov.vn-DQ-IMPL-01-pos2.body,E3B0C44298FC1C149AFBF4C8996FB92427AE41E4649B934CA495991B7852B855,0
raw-artifacts/doc-MINISTRY-01-moh.gov.vn-DQ-IMPL-01-pos2.error.txt,E34E569775072811CB4C470A0C4D22F1142A959156959124B8FDBEB3BB3FDFBD,8
raw-artifacts/doc-MINISTRY-01-moh.gov.vn-DQ-IMPL-01-pos2.headers.json,44136FA355B3678A1146AD16F7E8649E94FB4FC21FE77E8310C060F61CAAFF8A,2
raw-artifacts/doc-MINISTRY-01-moh.gov.vn-DQ-IMPL-01-pos3.body,E6C6F866AF50BFF7DC98F2E0FB782FFC9FFCE451712544DD33F203CDFA7F05A5,282682
raw-artifacts/doc-MINISTRY-01-moh.gov.vn-DQ-IMPL-01-pos3.error.txt,B5C11451B9C48104CDAC7429597CA067D21D6CE8885DD1A45E7CCF8F885BF3A8,8
raw-artifacts/doc-MINISTRY-01-moh.gov.vn-DQ-IMPL-01-pos3.headers.json,675A3CB798366FDFF8752BF872A6E097205E77249B8EBB22AB63336B8AC1B619,302
raw-artifacts/doc-MINISTRY-01-moh.gov.vn-DQ-IMPL-02-pos1.body,E3B0C44298FC1C149AFBF4C8996FB92427AE41E4649B934CA495991B7852B855,0
raw-artifacts/doc-MINISTRY-01-moh.gov.vn-DQ-IMPL-02-pos1.error.txt,E34E569775072811CB4C470A0C4D22F1142A959156959124B8FDBEB3BB3FDFBD,8
raw-artifacts/doc-MINISTRY-01-moh.gov.vn-DQ-IMPL-02-pos1.headers.json,44136FA355B3678A1146AD16F7E8649E94FB4FC21FE77E8310C060F61CAAFF8A,2
raw-artifacts/doc-MINISTRY-01-moh.gov.vn-DQ-IMPL-02-pos2.body,E3B0C44298FC1C149AFBF4C8996FB92427AE41E4649B934CA495991B7852B855,0
raw-artifacts/doc-MINISTRY-01-moh.gov.vn-DQ-IMPL-02-pos2.error.txt,E34E569775072811CB4C470A0C4D22F1142A959156959124B8FDBEB3BB3FDFBD,8
raw-artifacts/doc-MINISTRY-01-moh.gov.vn-DQ-IMPL-02-pos2.headers.json,44136FA355B3678A1146AD16F7E8649E94FB4FC21FE77E8310C060F61CAAFF8A,2
raw-artifacts/doc-MINISTRY-01-moh.gov.vn-DQ-IMPL-02-pos3.body,E3B0C44298FC1C149AFBF4C8996FB92427AE41E4649B934CA495991B7852B855,0
raw-artifacts/doc-MINISTRY-01-moh.gov.vn-DQ-IMPL-02-pos3.error.txt,E34E569775072811CB4C470A0C4D22F1142A959156959124B8FDBEB3BB3FDFBD,8
raw-artifacts/doc-MINISTRY-01-moh.gov.vn-DQ-IMPL-02-pos3.headers.json,44136FA355B3678A1146AD16F7E8649E94FB4FC21FE77E8310C060F61CAAFF8A,2
raw-artifacts/doc-MINISTRY-01-moh.gov.vn-DQ-IMPL-02-pos4.body,E3B0C44298FC1C149AFBF4C8996FB92427AE41E4649B934CA495991B7852B855,0
raw-artifacts/doc-MINISTRY-01-moh.gov.vn-DQ-IMPL-02-pos4.error.txt,E34E569775072811CB4C470A0C4D22F1142A959156959124B8FDBEB3BB3FDFBD,8
raw-artifacts/doc-MINISTRY-01-moh.gov.vn-DQ-IMPL-02-pos4.headers.json,44136FA355B3678A1146AD16F7E8649E94FB4FC21FE77E8310C060F61CAAFF8A,2
raw-artifacts/doc-MINISTRY-01-moh.gov.vn-DQ-IMPL-02-pos5.body,E3B0C44298FC1C149AFBF4C8996FB92427AE41E4649B934CA495991B7852B855,0
raw-artifacts/doc-MINISTRY-01-moh.gov.vn-DQ-IMPL-02-pos5.error.txt,E34E569775072811CB4C470A0C4D22F1142A959156959124B8FDBEB3BB3FDFBD,8
raw-artifacts/doc-MINISTRY-01-moh.gov.vn-DQ-IMPL-02-pos5.headers.json,44136FA355B3678A1146AD16F7E8649E94FB4FC21FE77E8310C060F61CAAFF8A,2
raw-artifacts/doc-MINISTRY-02-moh.gov.vn-DQ-IMPL-04-pos1.body,E3B0C44298FC1C149AFBF4C8996FB92427AE41E4649B934CA495991B7852B855,0
raw-artifacts/doc-MINISTRY-02-moh.gov.vn-DQ-IMPL-04-pos1.error.txt,E34E569775072811CB4C470A0C4D22F1142A959156959124B8FDBEB3BB3FDFBD,8
raw-artifacts/doc-MINISTRY-02-moh.gov.vn-DQ-IMPL-04-pos1.headers.json,44136FA355B3678A1146AD16F7E8649E94FB4FC21FE77E8310C060F61CAAFF8A,2
raw-artifacts/doc-MINISTRY-02-moh.gov.vn-DQ-IMPL-04-pos2.body,E3B0C44298FC1C149AFBF4C8996FB92427AE41E4649B934CA495991B7852B855,0
raw-artifacts/doc-MINISTRY-02-moh.gov.vn-DQ-IMPL-04-pos2.error.txt,E34E569775072811CB4C470A0C4D22F1142A959156959124B8FDBEB3BB3FDFBD,8
raw-artifacts/doc-MINISTRY-02-moh.gov.vn-DQ-IMPL-04-pos2.headers.json,44136FA355B3678A1146AD16F7E8649E94FB4FC21FE77E8310C060F61CAAFF8A,2
raw-artifacts/doc-MINISTRY-02-moh.gov.vn-DQ-IMPL-04-pos3.body,E3B0C44298FC1C149AFBF4C8996FB92427AE41E4649B934CA495991B7852B855,0
raw-artifacts/doc-MINISTRY-02-moh.gov.vn-DQ-IMPL-04-pos3.error.txt,E34E569775072811CB4C470A0C4D22F1142A959156959124B8FDBEB3BB3FDFBD,8
raw-artifacts/doc-MINISTRY-02-moh.gov.vn-DQ-IMPL-04-pos3.headers.json,44136FA355B3678A1146AD16F7E8649E94FB4FC21FE77E8310C060F61CAAFF8A,2
raw-artifacts/doc-MINISTRY-02-moh.gov.vn-DQ-IMPL-04-pos4.body,E3B0C44298FC1C149AFBF4C8996FB92427AE41E4649B934CA495991B7852B855,0
raw-artifacts/doc-MINISTRY-02-moh.gov.vn-DQ-IMPL-04-pos4.error.txt,E34E569775072811CB4C470A0C4D22F1142A959156959124B8FDBEB3BB3FDFBD,8
raw-artifacts/doc-MINISTRY-02-moh.gov.vn-DQ-IMPL-04-pos4.headers.json,44136FA355B3678A1146AD16F7E8649E94FB4FC21FE77E8310C060F61CAAFF8A,2
raw-artifacts/doc-MINISTRY-02-moh.gov.vn-DQ-IMPL-04-pos5.body,E3B0C44298FC1C149AFBF4C8996FB92427AE41E4649B934CA495991B7852B855,0
raw-artifacts/doc-MINISTRY-02-moh.gov.vn-DQ-IMPL-04-pos5.error.txt,E34E569775072811CB4C470A0C4D22F1142A959156959124B8FDBEB3BB3FDFBD,8
raw-artifacts/doc-MINISTRY-02-moh.gov.vn-DQ-IMPL-04-pos5.headers.json,44136FA355B3678A1146AD16F7E8649E94FB4FC21FE77E8310C060F61CAAFF8A,2
raw-artifacts/doc-MINISTRY-02-moh.gov.vn-DQ-IMPL-05-pos1.body,E3B0C44298FC1C149AFBF4C8996FB92427AE41E4649B934CA495991B7852B855,0
raw-artifacts/doc-MINISTRY-02-moh.gov.vn-DQ-IMPL-05-pos1.error.txt,E34E569775072811CB4C470A0C4D22F1142A959156959124B8FDBEB3BB3FDFBD,8
raw-artifacts/doc-MINISTRY-02-moh.gov.vn-DQ-IMPL-05-pos1.headers.json,44136FA355B3678A1146AD16F7E8649E94FB4FC21FE77E8310C060F61CAAFF8A,2
raw-artifacts/doc-MINISTRY-02-moh.gov.vn-DQ-IMPL-05-pos2.body,E3B0C44298FC1C149AFBF4C8996FB92427AE41E4649B934CA495991B7852B855,0
raw-artifacts/doc-MINISTRY-02-moh.gov.vn-DQ-IMPL-05-pos2.error.txt,E34E569775072811CB4C470A0C4D22F1142A959156959124B8FDBEB3BB3FDFBD,8
raw-artifacts/doc-MINISTRY-02-moh.gov.vn-DQ-IMPL-05-pos2.headers.json,44136FA355B3678A1146AD16F7E8649E94FB4FC21FE77E8310C060F61CAAFF8A,2
raw-artifacts/doc-MINISTRY-02-moh.gov.vn-DQ-IMPL-05-pos3.body,56D829DB79FC76B67F27DA888D986E612CA66E757BBD5FAB002964DF973C8625,286070
raw-artifacts/doc-MINISTRY-02-moh.gov.vn-DQ-IMPL-05-pos3.error.txt,B5C11451B9C48104CDAC7429597CA067D21D6CE8885DD1A45E7CCF8F885BF3A8,8
raw-artifacts/doc-MINISTRY-02-moh.gov.vn-DQ-IMPL-05-pos3.headers.json,BB1008C4FCFB38B69DF3E38AD2B7FE29ADD038FD943AD32E344C047B00313726,302
raw-artifacts/doc-MINISTRY-03-most.gov.vn-DQ-IMPL-03-pos1.body,748973837B2F4AA5D747248405C2172A7B5518E07527DD89C4561D6F8061DAAC,90279
raw-artifacts/doc-MINISTRY-03-most.gov.vn-DQ-IMPL-03-pos1.error.txt,B5C11451B9C48104CDAC7429597CA067D21D6CE8885DD1A45E7CCF8F885BF3A8,8
raw-artifacts/doc-MINISTRY-03-most.gov.vn-DQ-IMPL-03-pos1.headers.json,1ED3509A85C82CB0EFC14F292258008A9F4E81C286BDF823975A33C208C0BD26,1087
raw-artifacts/doc-MINISTRY-04-moh.gov.vn-DQ-EVID-01-pos1.body,E3B0C44298FC1C149AFBF4C8996FB92427AE41E4649B934CA495991B7852B855,0
raw-artifacts/doc-MINISTRY-04-moh.gov.vn-DQ-EVID-01-pos1.error.txt,E34E569775072811CB4C470A0C4D22F1142A959156959124B8FDBEB3BB3FDFBD,8
raw-artifacts/doc-MINISTRY-04-moh.gov.vn-DQ-EVID-01-pos1.headers.json,44136FA355B3678A1146AD16F7E8649E94FB4FC21FE77E8310C060F61CAAFF8A,2
raw-artifacts/doc-MINISTRY-04-moh.gov.vn-DQ-EVID-01-pos2.body,E3B0C44298FC1C149AFBF4C8996FB92427AE41E4649B934CA495991B7852B855,0
raw-artifacts/doc-MINISTRY-04-moh.gov.vn-DQ-EVID-01-pos2.error.txt,E34E569775072811CB4C470A0C4D22F1142A959156959124B8FDBEB3BB3FDFBD,8
raw-artifacts/doc-MINISTRY-04-moh.gov.vn-DQ-EVID-01-pos2.headers.json,44136FA355B3678A1146AD16F7E8649E94FB4FC21FE77E8310C060F61CAAFF8A,2
raw-artifacts/doc-MINISTRY-04-moh.gov.vn-DQ-EVID-01-pos3.body,E3B0C44298FC1C149AFBF4C8996FB92427AE41E4649B934CA495991B7852B855,0
raw-artifacts/doc-MINISTRY-04-moh.gov.vn-DQ-EVID-01-pos3.error.txt,E34E569775072811CB4C470A0C4D22F1142A959156959124B8FDBEB3BB3FDFBD,8
raw-artifacts/doc-MINISTRY-04-moh.gov.vn-DQ-EVID-01-pos3.headers.json,44136FA355B3678A1146AD16F7E8649E94FB4FC21FE77E8310C060F61CAAFF8A,2
raw-artifacts/doc-MINISTRY-04-moh.gov.vn-DQ-EVID-01-pos4.body,FDD6EEC5B12CE4A1B45016DB702A70F04CF618620D44A17AF66C7CD7C14D85C4,282675
raw-artifacts/doc-MINISTRY-04-moh.gov.vn-DQ-EVID-01-pos4.error.txt,B5C11451B9C48104CDAC7429597CA067D21D6CE8885DD1A45E7CCF8F885BF3A8,8
raw-artifacts/doc-MINISTRY-04-moh.gov.vn-DQ-EVID-01-pos4.headers.json,6E3875F31D43B9EA318CDCEF9E692A07F6FBCF4A3130ED750395872773D1448F,302
raw-artifacts/doc-MINISTRY-04-moh.gov.vn-DQ-TOOL-01-pos1.body,E3B0C44298FC1C149AFBF4C8996FB92427AE41E4649B934CA495991B7852B855,0
raw-artifacts/doc-MINISTRY-04-moh.gov.vn-DQ-TOOL-01-pos1.error.txt,E34E569775072811CB4C470A0C4D22F1142A959156959124B8FDBEB3BB3FDFBD,8
raw-artifacts/doc-MINISTRY-04-moh.gov.vn-DQ-TOOL-01-pos1.headers.json,44136FA355B3678A1146AD16F7E8649E94FB4FC21FE77E8310C060F61CAAFF8A,2
raw-artifacts/doc-MINISTRY-04-moh.gov.vn-DQ-TOOL-01-pos2.body,E3B0C44298FC1C149AFBF4C8996FB92427AE41E4649B934CA495991B7852B855,0
raw-artifacts/doc-MINISTRY-04-moh.gov.vn-DQ-TOOL-01-pos2.error.txt,E34E569775072811CB4C470A0C4D22F1142A959156959124B8FDBEB3BB3FDFBD,8
raw-artifacts/doc-MINISTRY-04-moh.gov.vn-DQ-TOOL-01-pos2.headers.json,44136FA355B3678A1146AD16F7E8649E94FB4FC21FE77E8310C060F61CAAFF8A,2
raw-artifacts/doc-MINISTRY-04-moh.gov.vn-DQ-TOOL-01-pos3.body,E3B0C44298FC1C149AFBF4C8996FB92427AE41E4649B934CA495991B7852B855,0
raw-artifacts/doc-MINISTRY-04-moh.gov.vn-DQ-TOOL-01-pos3.error.txt,E34E569775072811CB4C470A0C4D22F1142A959156959124B8FDBEB3BB3FDFBD,8
raw-artifacts/doc-MINISTRY-04-moh.gov.vn-DQ-TOOL-01-pos3.headers.json,44136FA355B3678A1146AD16F7E8649E94FB4FC21FE77E8310C060F61CAAFF8A,2
raw-artifacts/doc-MINISTRY-04-moh.gov.vn-DQ-TOOL-01-pos4.body,6927939D778C43CD278D02EE7FD405070B7E0FEA3571754C6BA3DA8E0CD6172C,47550
raw-artifacts/doc-MINISTRY-04-moh.gov.vn-DQ-TOOL-01-pos4.error.txt,B5C11451B9C48104CDAC7429597CA067D21D6CE8885DD1A45E7CCF8F885BF3A8,8
raw-artifacts/doc-MINISTRY-04-moh.gov.vn-DQ-TOOL-01-pos4.headers.json,CD5F32D78B2C0789438C5ABCFEC9F6F0192264611D8B9F6E40680476A2AE06AF,587
raw-artifacts/doc-MINISTRY-04-moh.gov.vn-DQ-TOOL-01-pos5.body,E3B0C44298FC1C149AFBF4C8996FB92427AE41E4649B934CA495991B7852B855,0
raw-artifacts/doc-MINISTRY-04-moh.gov.vn-DQ-TOOL-01-pos5.error.txt,E34E569775072811CB4C470A0C4D22F1142A959156959124B8FDBEB3BB3FDFBD,8
raw-artifacts/doc-MINISTRY-04-moh.gov.vn-DQ-TOOL-01-pos5.headers.json,44136FA355B3678A1146AD16F7E8649E94FB4FC21FE77E8310C060F61CAAFF8A,2
raw-artifacts/doc-MINISTRY-04-moh.gov.vn-DQ-TOOL-02-pos1.body,E3B0C44298FC1C149AFBF4C8996FB92427AE41E4649B934CA495991B7852B855,0
raw-artifacts/doc-MINISTRY-04-moh.gov.vn-DQ-TOOL-02-pos1.error.txt,E34E569775072811CB4C470A0C4D22F1142A959156959124B8FDBEB3BB3FDFBD,8
raw-artifacts/doc-MINISTRY-04-moh.gov.vn-DQ-TOOL-02-pos1.headers.json,44136FA355B3678A1146AD16F7E8649E94FB4FC21FE77E8310C060F61CAAFF8A,2
raw-artifacts/doc-MINISTRY-04-moh.gov.vn-DQ-TOOL-02-pos2.body,E3B0C44298FC1C149AFBF4C8996FB92427AE41E4649B934CA495991B7852B855,0
raw-artifacts/doc-MINISTRY-04-moh.gov.vn-DQ-TOOL-02-pos2.error.txt,E34E569775072811CB4C470A0C4D22F1142A959156959124B8FDBEB3BB3FDFBD,8
raw-artifacts/doc-MINISTRY-04-moh.gov.vn-DQ-TOOL-02-pos2.headers.json,44136FA355B3678A1146AD16F7E8649E94FB4FC21FE77E8310C060F61CAAFF8A,2
raw-artifacts/doc-MINISTRY-04-moh.gov.vn-DQ-TOOL-02-pos3.body,E3B0C44298FC1C149AFBF4C8996FB92427AE41E4649B934CA495991B7852B855,0
raw-artifacts/doc-MINISTRY-04-moh.gov.vn-DQ-TOOL-02-pos3.error.txt,E34E569775072811CB4C470A0C4D22F1142A959156959124B8FDBEB3BB3FDFBD,8
raw-artifacts/doc-MINISTRY-04-moh.gov.vn-DQ-TOOL-02-pos3.headers.json,44136FA355B3678A1146AD16F7E8649E94FB4FC21FE77E8310C060F61CAAFF8A,2
raw-artifacts/doc-MINISTRY-04-moh.gov.vn-DQ-TOOL-02-pos4.body,E3B0C44298FC1C149AFBF4C8996FB92427AE41E4649B934CA495991B7852B855,0
raw-artifacts/doc-MINISTRY-04-moh.gov.vn-DQ-TOOL-02-pos4.error.txt,E34E569775072811CB4C470A0C4D22F1142A959156959124B8FDBEB3BB3FDFBD,8
raw-artifacts/doc-MINISTRY-04-moh.gov.vn-DQ-TOOL-02-pos4.headers.json,44136FA355B3678A1146AD16F7E8649E94FB4FC21FE77E8310C060F61CAAFF8A,2
raw-artifacts/doc-MINISTRY-04-moh.gov.vn-DQ-TOOL-02-pos5.body,E3B0C44298FC1C149AFBF4C8996FB92427AE41E4649B934CA495991B7852B855,0
raw-artifacts/doc-MINISTRY-04-moh.gov.vn-DQ-TOOL-02-pos5.error.txt,E34E569775072811CB4C470A0C4D22F1142A959156959124B8FDBEB3BB3FDFBD,8
raw-artifacts/doc-MINISTRY-04-moh.gov.vn-DQ-TOOL-02-pos5.headers.json,44136FA355B3678A1146AD16F7E8649E94FB4FC21FE77E8310C060F61CAAFF8A,2
raw-artifacts/doc-SENTINEL-01-soyte.hanoi.gov.vn-DQ-IMPL-01-pos1.body,E3B0C44298FC1C149AFBF4C8996FB92427AE41E4649B934CA495991B7852B855,0
raw-artifacts/doc-SENTINEL-01-soyte.hanoi.gov.vn-DQ-IMPL-01-pos2.body,E3B0C44298FC1C149AFBF4C8996FB92427AE41E4649B934CA495991B7852B855,0
raw-artifacts/doc-SENTINEL-01-soyte.hanoi.gov.vn-DQ-IMPL-01-pos3.body,E3B0C44298FC1C149AFBF4C8996FB92427AE41E4649B934CA495991B7852B855,0
raw-artifacts/doc-SENTINEL-01-soyte.hanoi.gov.vn-DQ-IMPL-01-pos4.body,E3B0C44298FC1C149AFBF4C8996FB92427AE41E4649B934CA495991B7852B855,0
raw-artifacts/doc-SENTINEL-01-soyte.hanoi.gov.vn-DQ-IMPL-02-pos1.body,E3B0C44298FC1C149AFBF4C8996FB92427AE41E4649B934CA495991B7852B855,0
raw-artifacts/doc-SENTINEL-01-soyte.hanoi.gov.vn-DQ-IMPL-02-pos2.body,E3B0C44298FC1C149AFBF4C8996FB92427AE41E4649B934CA495991B7852B855,0
raw-artifacts/doc-SENTINEL-01-soyte.hanoi.gov.vn-DQ-IMPL-02-pos3.body,E3B0C44298FC1C149AFBF4C8996FB92427AE41E4649B934CA495991B7852B855,0
raw-artifacts/doc-SENTINEL-01-soyte.hanoi.gov.vn-DQ-IMPL-02-pos4.body,E3B0C44298FC1C149AFBF4C8996FB92427AE41E4649B934CA495991B7852B855,0
raw-artifacts/doc-SENTINEL-01-soyte.hanoi.gov.vn-DQ-IMPL-02-pos5.body,E3B0C44298FC1C149AFBF4C8996FB92427AE41E4649B934CA495991B7852B855,0
raw-artifacts/doc-SENTINEL-02-soyte.danang.gov.vn-DQ-IMPL-01-pos1.body,545642D917E1B736C46D2D6E87A075B82EDDD2C9F4CF8A9C862B3DE9F6B12DA9,306424
raw-artifacts/doc-SENTINEL-03-medinet.gov.vn-DQ-IMPL-01-pos1.body,5E61504F5EF473035730D71FAE442119A8150507CFA14F947D74E514EAC2487F,44768
raw-artifacts/doc-SENTINEL-03-medinet.gov.vn-DQ-IMPL-01-pos1.error.txt,B5C11451B9C48104CDAC7429597CA067D21D6CE8885DD1A45E7CCF8F885BF3A8,8
raw-artifacts/doc-SENTINEL-04-bachmai.gov.vn-DQ-IMPL-01-pos1.body,049319B3067E371132B559C99E8943B402184877C91E9AE9E40AFE1F9918F38F,135279
raw-artifacts/doc-SENTINEL-04-bachmai.gov.vn-DQ-IMPL-01-pos1.error.txt,B5C11451B9C48104CDAC7429597CA067D21D6CE8885DD1A45E7CCF8F885BF3A8,8
raw-artifacts/doc-SENTINEL-05-vinmec.com-DQ-IMPL-01-pos1.body,8A894CCE471460539BB43996DD2C4AD0897FD09565C4358BDC4D6E65F4F98335,233685
raw-artifacts/doc-SENTINEL-05-vinmec.com-DQ-IMPL-01-pos1.error.txt,B5C11451B9C48104CDAC7429597CA067D21D6CE8885DD1A45E7CCF8F885BF3A8,8
raw-artifacts/doc-SENTINEL-05-vinmec.com-DQ-IMPL-01-pos1.headers.json,254D88D4B36B231EFCE3715F30568315D28C543D7B5EBF680F46061832313AFF,1029
raw-artifacts/search-INTL-01-www.who.int-vietnam-DQ-EVID-04.body,B59EEC59DB825F774280DD05DFB27EA45D62EF0171F2ED64965A37EDD9A6A63A,368
raw-artifacts/search-INTL-01-www.who.int-vietnam-DQ-EVID-04.error.txt,B5C11451B9C48104CDAC7429597CA067D21D6CE8885DD1A45E7CCF8F885BF3A8,8
raw-artifacts/search-INTL-01-www.who.int-vietnam-DQ-IMPL-03.body,A358B1C07D44108E6BA676A4DC2B4AB9F9A9B6BF5D063751C70E5B33F1CFA1A2,18
raw-artifacts/search-INTL-01-www.who.int-vietnam-DQ-IMPL-03.error.txt,AF31AA6CC282E2F0F4A5F06909A34684940E0F1282BE36A45E4A833DE87E9B8B,57
raw-artifacts/search-INTL-02-www.unesco.org-DQ-IMPL-03.body,1B9F6D6EB91167B9E7A0EB764C9D1606F4D66C290951929DE2B52533F9FD9CFB,1386
raw-artifacts/search-INTL-02-www.unesco.org-DQ-IMPL-03.error.txt,B5C11451B9C48104CDAC7429597CA067D21D6CE8885DD1A45E7CCF8F885BF3A8,8
raw-artifacts/search-INTL-02-www.unesco.org-DQ-IMPL-03.headers.json,29DD3B0AEDAA28DC3CA9113726ECD69B04E9ED2856466F8E3B1D0FE1C1AF9289,42
raw-artifacts/search-INTL-02-www.unesco.org-DQ-TOOL-01.body,F973B8370E0B27AD4BD71AD9DEE871D7770C29CD3FD602E0017B497AD192C3AB,1302
raw-artifacts/search-INTL-02-www.unesco.org-DQ-TOOL-01.error.txt,B5C11451B9C48104CDAC7429597CA067D21D6CE8885DD1A45E7CCF8F885BF3A8,8
raw-artifacts/search-INTL-02-www.unesco.org-DQ-TOOL-01.headers.json,29DD3B0AEDAA28DC3CA9113726ECD69B04E9ED2856466F8E3B1D0FE1C1AF9289,42
raw-artifacts/search-INTL-03-www.unesco.org-DQ-EVID-04.body,D8904A9A9725881C6D6E369E0A4B6035B30672B9CA61BC19CC86417C1F692932,493
raw-artifacts/search-INTL-03-www.unesco.org-DQ-EVID-04.error.txt,B5C11451B9C48104CDAC7429597CA067D21D6CE8885DD1A45E7CCF8F885BF3A8,8
raw-artifacts/search-INTL-03-www.unesco.org-DQ-EVID-04.headers.json,29DD3B0AEDAA28DC3CA9113726ECD69B04E9ED2856466F8E3B1D0FE1C1AF9289,42
raw-artifacts/search-INTL-03-www.unesco.org-DQ-EVID-05.body,268786EA4354CAD905F2659CA8979A7DCF31CF9C5CB4DA0B2BE99B4D86A57ADE,483
raw-artifacts/search-INTL-03-www.unesco.org-DQ-EVID-05.error.txt,B5C11451B9C48104CDAC7429597CA067D21D6CE8885DD1A45E7CCF8F885BF3A8,8
raw-artifacts/search-INTL-03-www.unesco.org-DQ-EVID-05.headers.json,29DD3B0AEDAA28DC3CA9113726ECD69B04E9ED2856466F8E3B1D0FE1C1AF9289,42
raw-artifacts/search-INTL-03-www.who.int-vietnam-DQ-EVID-04.body,B59EEC59DB825F774280DD05DFB27EA45D62EF0171F2ED64965A37EDD9A6A63A,368
raw-artifacts/search-INTL-03-www.who.int-vietnam-DQ-EVID-04.error.txt,B5C11451B9C48104CDAC7429597CA067D21D6CE8885DD1A45E7CCF8F885BF3A8,8
raw-artifacts/search-INTL-03-www.who.int-vietnam-DQ-EVID-05.body,F76A9C1DFB7462A6512F9284FD1064C98CC0BDDDC85B1FC3FFC7377A82C21170,2281
raw-artifacts/search-INTL-03-www.who.int-vietnam-DQ-EVID-05.error.txt,B5C11451B9C48104CDAC7429597CA067D21D6CE8885DD1A45E7CCF8F885BF3A8,8
raw-artifacts/search-MINISTRY-01-moh.gov.vn-DQ-IMPL-01.body,FB41116469292B154B2D71F0194E7C50979C79987A089C3927EEEBE6585E4810,2336
raw-artifacts/search-MINISTRY-01-moh.gov.vn-DQ-IMPL-01.error.txt,B5C11451B9C48104CDAC7429597CA067D21D6CE8885DD1A45E7CCF8F885BF3A8,8
raw-artifacts/search-MINISTRY-01-moh.gov.vn-DQ-IMPL-01.headers.json,29DD3B0AEDAA28DC3CA9113726ECD69B04E9ED2856466F8E3B1D0FE1C1AF9289,42
raw-artifacts/search-MINISTRY-01-moh.gov.vn-DQ-IMPL-02.body,7C40883BA6B63B975CD158F62E4F4D4D1ED793CDB6611F4865C3695FB603B6A2,2502
raw-artifacts/search-MINISTRY-01-moh.gov.vn-DQ-IMPL-02.error.txt,B5C11451B9C48104CDAC7429597CA067D21D6CE8885DD1A45E7CCF8F885BF3A8,8
raw-artifacts/search-MINISTRY-01-moh.gov.vn-DQ-IMPL-02.headers.json,29DD3B0AEDAA28DC3CA9113726ECD69B04E9ED2856466F8E3B1D0FE1C1AF9289,42
raw-artifacts/search-MINISTRY-02-moh.gov.vn-DQ-IMPL-04.body,929E2C7B3C0AF937F51B142ABDF7E92610835FBA11C438BC1CE0803719ED68FB,2139
raw-artifacts/search-MINISTRY-02-moh.gov.vn-DQ-IMPL-04.error.txt,B5C11451B9C48104CDAC7429597CA067D21D6CE8885DD1A45E7CCF8F885BF3A8,8
raw-artifacts/search-MINISTRY-02-moh.gov.vn-DQ-IMPL-04.headers.json,29DD3B0AEDAA28DC3CA9113726ECD69B04E9ED2856466F8E3B1D0FE1C1AF9289,42
raw-artifacts/search-MINISTRY-02-moh.gov.vn-DQ-IMPL-05.body,DFAC41E03BCE7DEDEF58DCBCE9A13EDE51B298BBFE7FC8083F20239CD7030FA8,2273
raw-artifacts/search-MINISTRY-02-moh.gov.vn-DQ-IMPL-05.error.txt,B5C11451B9C48104CDAC7429597CA067D21D6CE8885DD1A45E7CCF8F885BF3A8,8
raw-artifacts/search-MINISTRY-02-moh.gov.vn-DQ-IMPL-05.headers.json,29DD3B0AEDAA28DC3CA9113726ECD69B04E9ED2856466F8E3B1D0FE1C1AF9289,42
raw-artifacts/search-MINISTRY-03-most.gov.vn-DQ-IMPL-03.body,2B143F2B75B783C10086CD7EA0C976B8060BCCB600BAE39A24D30186FABC94DE,2011
raw-artifacts/search-MINISTRY-03-most.gov.vn-DQ-IMPL-03.error.txt,B5C11451B9C48104CDAC7429597CA067D21D6CE8885DD1A45E7CCF8F885BF3A8,8
raw-artifacts/search-MINISTRY-03-most.gov.vn-DQ-IMPL-03.headers.json,29DD3B0AEDAA28DC3CA9113726ECD69B04E9ED2856466F8E3B1D0FE1C1AF9289,42
raw-artifacts/search-MINISTRY-04-moh.gov.vn-DQ-EVID-01.body,519E1AA427BB05D52A2CA635167D2C9569B261125B48E89F9EDD9D1D9E0FF1E7,2517
raw-artifacts/search-MINISTRY-04-moh.gov.vn-DQ-EVID-01.error.txt,B5C11451B9C48104CDAC7429597CA067D21D6CE8885DD1A45E7CCF8F885BF3A8,8
raw-artifacts/search-MINISTRY-04-moh.gov.vn-DQ-EVID-01.headers.json,29DD3B0AEDAA28DC3CA9113726ECD69B04E9ED2856466F8E3B1D0FE1C1AF9289,42
raw-artifacts/search-MINISTRY-04-moh.gov.vn-DQ-TOOL-01.body,63C7B05FC0BDCDDC78A69639073BDD0E215177B2CD0981694E016D50E78A565E,2911
raw-artifacts/search-MINISTRY-04-moh.gov.vn-DQ-TOOL-01.error.txt,B5C11451B9C48104CDAC7429597CA067D21D6CE8885DD1A45E7CCF8F885BF3A8,8
raw-artifacts/search-MINISTRY-04-moh.gov.vn-DQ-TOOL-01.headers.json,29DD3B0AEDAA28DC3CA9113726ECD69B04E9ED2856466F8E3B1D0FE1C1AF9289,42
raw-artifacts/search-MINISTRY-04-moh.gov.vn-DQ-TOOL-02.body,900A4C2582F695A9CB29E29F9757ACE35BCE9130816BA040BF01689B60080E7B,1958
raw-artifacts/search-MINISTRY-04-moh.gov.vn-DQ-TOOL-02.error.txt,B5C11451B9C48104CDAC7429597CA067D21D6CE8885DD1A45E7CCF8F885BF3A8,8
raw-artifacts/search-MINISTRY-04-moh.gov.vn-DQ-TOOL-02.headers.json,29DD3B0AEDAA28DC3CA9113726ECD69B04E9ED2856466F8E3B1D0FE1C1AF9289,42
raw-artifacts/search-SENTINEL-01-soyte.hanoi.gov.vn-DQ-IMPL-01.body,CE2F76F8835B33678E54963D6E8EA9CE1B2CC589B8A47E3CFC4248CD7526A14C,2799
raw-artifacts/search-SENTINEL-01-soyte.hanoi.gov.vn-DQ-IMPL-02.body,D3E4B1F3B6C63933AFF8C4D892960C5889652E19FBA2DFA85B5CFE8041E1F518,2332
raw-artifacts/search-SENTINEL-02-soyte.danang.gov.vn-DQ-IMPL-01.body,C0569F8FB9D587848B72E8568AA97CF8EC3EFB1C0F72F2793DA3167FC5B72B33,2203
raw-artifacts/search-SENTINEL-03-medinet.gov.vn-DQ-IMPL-01.body,9E09F9F2A2ED9A4233CB3D5F7CF0F3988361D82CC40D32671BACA93594BAD57F,4428
raw-artifacts/search-SENTINEL-03-medinet.gov.vn-DQ-IMPL-01.error.txt,B5C11451B9C48104CDAC7429597CA067D21D6CE8885DD1A45E7CCF8F885BF3A8,8
raw-artifacts/search-SENTINEL-03-medinet.gov.vn-DQ-IMPL-01.headers.json,29DD3B0AEDAA28DC3CA9113726ECD69B04E9ED2856466F8E3B1D0FE1C1AF9289,42
raw-artifacts/search-SENTINEL-04-bachmai.gov.vn-DQ-IMPL-01.body,56EADEF8D6441EF6DEE5A7BAEDE278938E08E5C88481D02E1870D19FCEF85CF4,2337
raw-artifacts/search-SENTINEL-04-bachmai.gov.vn-DQ-IMPL-01.error.txt,B5C11451B9C48104CDAC7429597CA067D21D6CE8885DD1A45E7CCF8F885BF3A8,8
raw-artifacts/search-SENTINEL-04-bachmai.gov.vn-DQ-IMPL-01.headers.json,29DD3B0AEDAA28DC3CA9113726ECD69B04E9ED2856466F8E3B1D0FE1C1AF9289,42
raw-artifacts/search-SENTINEL-05-vinmec.com-DQ-IMPL-01.body,EFE87DAF1277EE63CB21BC299C1B2356C856D3A72B330A72039327F2302DCE9F,3960
raw-artifacts/search-SENTINEL-05-vinmec.com-DQ-IMPL-01.error.txt,B5C11451B9C48104CDAC7429597CA067D21D6CE8885DD1A45E7CCF8F885BF3A8,8
raw-artifacts/search-SENTINEL-05-vinmec.com-DQ-IMPL-01.headers.json,29DD3B0AEDAA28DC3CA9113726ECD69B04E9ED2856466F8E3B1D0FE1C1AF9289,42
run-manifest.json,FB85A80FB2EFA5B1BB02A6D3234F9807B7ED73191A02D49836617B6F15DCB04D,817
slot-ledger.csv,2C2C17AEA6C7E22DD9B813B9DB4E1E17901EE287E5303A43A9236EDD0BCF225F,4931
