channel_id,domain,query_id,query_family,query_verbatim,fallback_query,requested_limit,executed_at,cli_exit,raw_file,raw_sha256,raw_bytes,stderr_file,stderr_sha256,stderr_bytes,official_result_count,status,stop_assessment
MOH,moh.gov.vn,DQ-IMPL-01,implementation,"(""đạo đức AI"" OR ""AI có trách nhiệm"" OR ""quản trị AI"") AND (kế hoạch OR triển khai OR áp dụng OR thí điểm)","site:moh.gov.vn (""đạo đức AI"" OR ""AI có trách nhiệm"" OR ""quản trị AI"") AND (kế hoạch OR triển khai OR áp dụng OR thí điểm)",50,2026-08-01T08:03:38.963430+00:00,0,raw/search-MOH-DQ-IMPL-01.json,FC8929E5D4DCD1CF6F2410BBCC323E3F0ADC2905DF07716EB91EEB9E97570F9B,3251,raw/search-MOH-DQ-IMPL-01.stderr.txt,E3B0C44298FC1C149AFBF4C8996FB92427AE41E4649B934CA495991B7852B855,0,8,SEARCH_CAPTURED,FIRECRAWL_SITE_FALLBACK_REQUESTED_LIMIT_50
MOH,moh.gov.vn,DQ-IMPL-02,implementation,"(""đạo đức AI"" OR ""AI có trách nhiệm"" OR ""quản trị AI"") AND (""Bộ Y tế"" OR bệnh viện OR ""cơ sở khám bệnh, chữa bệnh"")","site:moh.gov.vn (""đạo đức AI"" OR ""AI có trách nhiệm"" OR ""quản trị AI"") AND (""Bộ Y tế"" OR bệnh viện OR ""cơ sở khám bệnh, chữa bệnh"")",50,2026-08-01T08:03:40.817531+00:00,0,raw/search-MOH-DQ-IMPL-02.json,A91B98C0572DE86E78BDE60C7DF19A30B4FE7D8C2F2FA80D5EF6913DCD7CC991,5191,raw/search-MOH-DQ-IMPL-02.stderr.txt,E3B0C44298FC1C149AFBF4C8996FB92427AE41E4649B934CA495991B7852B855,0,11,SEARCH_CAPTURED,FIRECRAWL_SITE_FALLBACK_REQUESTED_LIMIT_50
MOH,moh.gov.vn,DQ-IMPL-03,implementation,"(""responsible AI"" OR ""AI governance"" OR ""AI ethics"") AND (implementation OR adoption OR uptake OR plan OR pilot) AND (Vietnam OR ""Viet Nam"") AND (health OR hospital OR clinical)","site:moh.gov.vn (""responsible AI"" OR ""AI governance"" OR ""AI ethics"") AND (implementation OR adoption OR uptake OR plan OR pilot) AND (Vietnam OR ""Viet Nam"") AND (health OR hospital OR clinical)",50,2026-08-01T08:03:42.451719+00:00,0,raw/search-MOH-DQ-IMPL-03.json,A358B1C07D44108E6BA676A4DC2B4AB9F9A9B6BF5D063751C70E5B33F1CFA1A2,18,raw/search-MOH-DQ-IMPL-03.stderr.txt,E3B0C44298FC1C149AFBF4C8996FB92427AE41E4649B934CA495991B7852B855,0,0,SEARCH_CAPTURED,FIRECRAWL_SITE_FALLBACK_REQUESTED_LIMIT_50
MOH,moh.gov.vn,DQ-TOOL-01,implementation_tool,"(""đánh giá tuân thủ"" OR ""tự đánh giá"") AND (""đạo đức AI"" OR ""AI có trách nhiệm"")","site:moh.gov.vn (""đánh giá tuân thủ"" OR ""tự đánh giá"") AND (""đạo đức AI"" OR ""AI có trách nhiệm"")",50,2026-08-01T08:03:44.175962+00:00,0,raw/search-MOH-DQ-TOOL-01.json,A358B1C07D44108E6BA676A4DC2B4AB9F9A9B6BF5D063751C70E5B33F1CFA1A2,18,raw/search-MOH-DQ-TOOL-01.stderr.txt,E3B0C44298FC1C149AFBF4C8996FB92427AE41E4649B934CA495991B7852B855,0,0,SEARCH_CAPTURED,FIRECRAWL_SITE_FALLBACK_REQUESTED_LIMIT_50
MOH,moh.gov.vn,DQ-TOOL-02,implementation_tool,"(nền tảng OR công cụ) AND (""đánh giá tuân thủ"" OR ""đánh giá tác động"") AND (""AI"" OR ""trí tuệ nhân tạo"")","site:moh.gov.vn (nền tảng OR công cụ) AND (""đánh giá tuân thủ"" OR ""đánh giá tác động"") AND (""AI"" OR ""trí tuệ nhân tạo"")",50,2026-08-01T08:03:46.078504+00:00,0,raw/search-MOH-DQ-TOOL-02.json,F2054614FDFCD411001D82A62CD67940EB36B4CC040B5FA360BE05EDD8BDA730,17278,raw/search-MOH-DQ-TOOL-02.stderr.txt,E3B0C44298FC1C149AFBF4C8996FB92427AE41E4649B934CA495991B7852B855,0,36,SEARCH_CAPTURED,FIRECRAWL_SITE_FALLBACK_REQUESTED_LIMIT_50
MOH,moh.gov.vn,DQ-IMPL-04,implementation,"(""trí tuệ nhân tạo"" OR AI) AND (""theo dõi sau triển khai"" OR hậu kiểm OR ""giám sát sau triển khai"" OR ""đánh giá hiệu quả"") AND (y tế OR bệnh viện OR ""Sở Y tế"")","site:moh.gov.vn (""trí tuệ nhân tạo"" OR AI) AND (""theo dõi sau triển khai"" OR hậu kiểm OR ""giám sát sau triển khai"" OR ""đánh giá hiệu quả"") AND (y tế OR bệnh viện OR ""Sở Y tế"")",50,2026-08-01T08:03:49.319479+00:00,0,raw/search-MOH-DQ-IMPL-04.json,3064480D08FEE6F1C1D3562AE9029BAFFDD5F321F1BEC3846F575FC6F24B3BF3,89099,raw/search-MOH-DQ-IMPL-04.stderr.txt,E3B0C44298FC1C149AFBF4C8996FB92427AE41E4649B934CA495991B7852B855,0,44,SEARCH_CAPTURED,FIRECRAWL_SITE_FALLBACK_REQUESTED_LIMIT_50
MOH,moh.gov.vn,DQ-IMPL-05,implementation,"(""trí tuệ nhân tạo"" OR AI) AND (""báo cáo sự cố"" OR ""quản lý chất lượng"" OR kiểm toán OR thanh tra) AND (y tế OR bệnh viện OR ""Sở Y tế"")","site:moh.gov.vn (""trí tuệ nhân tạo"" OR AI) AND (""báo cáo sự cố"" OR ""quản lý chất lượng"" OR kiểm toán OR thanh tra) AND (y tế OR bệnh viện OR ""Sở Y tế"")",50,2026-08-01T08:03:53.115236+00:00,0,raw/search-MOH-DQ-IMPL-05.json,3EDD472B49519F1A44D4CDE62A0CC50B080BFA2B5D64398D3C0F88AABEDBC545,140106,raw/search-MOH-DQ-IMPL-05.stderr.txt,E3B0C44298FC1C149AFBF4C8996FB92427AE41E4649B934CA495991B7852B855,0,42,SEARCH_CAPTURED,FIRECRAWL_SITE_FALLBACK_REQUESTED_LIMIT_50
MOH,moh.gov.vn,DQ-EVID-01,evidence,"(""đạo đức AI"" OR ""quản trị AI"") AND (kiểm toán OR thanh tra OR giám sát)","site:moh.gov.vn (""đạo đức AI"" OR ""quản trị AI"") AND (kiểm toán OR thanh tra OR giám sát)",50,2026-08-01T08:03:58.632242+00:00,0,raw/search-MOH-DQ-EVID-01.json,54F94608A1ED6B617A65F3951AD122AC226AB4FFCC8E39C30D0C23B3DAD232CA,1896,raw/search-MOH-DQ-EVID-01.stderr.txt,E3B0C44298FC1C149AFBF4C8996FB92427AE41E4649B934CA495991B7852B855,0,5,SEARCH_CAPTURED,FIRECRAWL_SITE_FALLBACK_REQUESTED_LIMIT_50
MOH,moh.gov.vn,DQ-EVID-02,evidence,"(""AI"" OR ""trí tuệ nhân tạo"") AND (sự cố OR khiếu nại OR khắc phục) AND (y tế OR bệnh viện)","site:moh.gov.vn (""AI"" OR ""trí tuệ nhân tạo"") AND (sự cố OR khiếu nại OR khắc phục) AND (y tế OR bệnh viện)",50,2026-08-01T08:04:22.912584+00:00,0,raw/search-MOH-DQ-EVID-02.json,933F372AF154239538E61CCD60208479155DC27A07721BBD316C5C7F8D006FAE,19155,raw/search-MOH-DQ-EVID-02.stderr.txt,E3B0C44298FC1C149AFBF4C8996FB92427AE41E4649B934CA495991B7852B855,0,49,SEARCH_CAPTURED,FIRECRAWL_SITE_FALLBACK_REQUESTED_LIMIT_50
MOH,moh.gov.vn,DQ-EVID-03,evidence,"(""AI"" OR ""trí tuệ nhân tạo"") AND (""đánh giá tác động"" OR kết quả) AND (y tế OR bệnh viện)","site:moh.gov.vn (""AI"" OR ""trí tuệ nhân tạo"") AND (""đánh giá tác động"" OR kết quả) AND (y tế OR bệnh viện)",50,2026-08-01T08:04:24.783089+00:00,0,raw/search-MOH-DQ-EVID-03.json,F987D6083A3B6924F2003D4A6367AC0C6AE4E8AE2C7AE149E053F50F6DD163A2,24493,raw/search-MOH-DQ-EVID-03.stderr.txt,E3B0C44298FC1C149AFBF4C8996FB92427AE41E4649B934CA495991B7852B855,0,47,SEARCH_CAPTURED,FIRECRAWL_SITE_FALLBACK_REQUESTED_LIMIT_50
MOH,moh.gov.vn,DQ-EVID-04,evidence,"(""AI ethics"" OR ""AI governance"") AND (audit OR inspection OR monitoring OR incident OR complaint OR redress OR ""impact assessment"" OR outcome OR result) AND (Vietnam OR ""Viet Nam"") AND (health OR hospital)","site:moh.gov.vn (""AI ethics"" OR ""AI governance"") AND (audit OR inspection OR monitoring OR incident OR complaint OR redress OR ""impact assessment"" OR outcome OR result) AND (Vietnam OR ""Viet Nam"") AND (health OR hospital)",50,2026-08-01T08:04:26.213743+00:00,1,raw/search-MOH-DQ-EVID-04.json,E3B0C44298FC1C149AFBF4C8996FB92427AE41E4649B934CA495991B7852B855,0,raw/search-MOH-DQ-EVID-04.stderr.txt,2C3D7F4CEF47EF128CA85103BCF51DF077337D5535E083B24703DB41E99CCECD,253,0,SEARCH_FAILED,FIRECRAWL_SITE_FALLBACK_REQUESTED_LIMIT_50
MOH,moh.gov.vn,DQ-EVID-05,evidence,"(""artificial intelligence"" OR AI) AND (""post-implementation monitoring"" OR ""post-market surveillance"" OR ""incident reporting"" OR ""quality management"" OR ""effectiveness evaluation"" OR audit) AND (Vietnam OR ""Viet Nam"") AND (health OR hospital OR ""provincial health department"")","site:moh.gov.vn (""artificial intelligence"" OR AI) AND (""post-implementation monitoring"" OR ""post-market surveillance"" OR ""incident reporting"" OR ""quality management"" OR ""effectiveness evaluation"" OR audit) AND (Vietnam OR ""Viet Nam"") AND (health OR hospital OR ""provincial health department"")",50,2026-08-01T08:04:27.618487+00:00,1,raw/search-MOH-DQ-EVID-05.json,E3B0C44298FC1C149AFBF4C8996FB92427AE41E4649B934CA495991B7852B855,0,raw/search-MOH-DQ-EVID-05.stderr.txt,E431C8E89C60F6C7C7CCC60367EC569D8D9C285275E86CAE87275F54ACF5B4D6,253,0,SEARCH_FAILED,FIRECRAWL_SITE_FALLBACK_REQUESTED_LIMIT_50
MOH-ASTT,asttmoh.vn,DQ-IMPL-01,implementation,"(""đạo đức AI"" OR ""AI có trách nhiệm"" OR ""quản trị AI"") AND (kế hoạch OR triển khai OR áp dụng OR thí điểm)","site:asttmoh.vn (""đạo đức AI"" OR ""AI có trách nhiệm"" OR ""quản trị AI"") AND (kế hoạch OR triển khai OR áp dụng OR thí điểm)",50,2026-08-01T08:04:28.817835+00:00,1,raw/search-MOH-ASTT-DQ-IMPL-01.json,E3B0C44298FC1C149AFBF4C8996FB92427AE41E4649B934CA495991B7852B855,0,raw/search-MOH-ASTT-DQ-IMPL-01.stderr.txt,438973EA7EE41F84367E2296EF64888D1EAE231A5535DD8E452DE122B7BF65A3,253,0,SEARCH_FAILED,FIRECRAWL_SITE_FALLBACK_REQUESTED_LIMIT_50
MOH-ASTT,asttmoh.vn,DQ-IMPL-02,implementation,"(""đạo đức AI"" OR ""AI có trách nhiệm"" OR ""quản trị AI"") AND (""Bộ Y tế"" OR bệnh viện OR ""cơ sở khám bệnh, chữa bệnh"")","site:asttmoh.vn (""đạo đức AI"" OR ""AI có trách nhiệm"" OR ""quản trị AI"") AND (""Bộ Y tế"" OR bệnh viện OR ""cơ sở khám bệnh, chữa bệnh"")",50,2026-08-01T08:04:30.247813+00:00,1,raw/search-MOH-ASTT-DQ-IMPL-02.json,E3B0C44298FC1C149AFBF4C8996FB92427AE41E4649B934CA495991B7852B855,0,raw/search-MOH-ASTT-DQ-IMPL-02.stderr.txt,C6FF89E8EAD8EEAFA48E6CE9C50F8A79A2B28E7504DFCE39D44A6063E16224C6,252,0,SEARCH_FAILED,FIRECRAWL_SITE_FALLBACK_REQUESTED_LIMIT_50
MOH-ASTT,asttmoh.vn,DQ-IMPL-03,implementation,"(""responsible AI"" OR ""AI governance"" OR ""AI ethics"") AND (implementation OR adoption OR uptake OR plan OR pilot) AND (Vietnam OR ""Viet Nam"") AND (health OR hospital OR clinical)","site:asttmoh.vn (""responsible AI"" OR ""AI governance"" OR ""AI ethics"") AND (implementation OR adoption OR uptake OR plan OR pilot) AND (Vietnam OR ""Viet Nam"") AND (health OR hospital OR clinical)",50,2026-08-01T08:04:31.680316+00:00,1,raw/search-MOH-ASTT-DQ-IMPL-03.json,E3B0C44298FC1C149AFBF4C8996FB92427AE41E4649B934CA495991B7852B855,0,raw/search-MOH-ASTT-DQ-IMPL-03.stderr.txt,4D95FF54E631589713D1DF6F63BD12E2D817E2114A26405FC77261B680A4E50E,252,0,SEARCH_FAILED,FIRECRAWL_SITE_FALLBACK_REQUESTED_LIMIT_50
MOH-ASTT,asttmoh.vn,DQ-TOOL-01,implementation_tool,"(""đánh giá tuân thủ"" OR ""tự đánh giá"") AND (""đạo đức AI"" OR ""AI có trách nhiệm"")","site:asttmoh.vn (""đánh giá tuân thủ"" OR ""tự đánh giá"") AND (""đạo đức AI"" OR ""AI có trách nhiệm"")",50,2026-08-01T08:04:33.213769+00:00,1,raw/search-MOH-ASTT-DQ-TOOL-01.json,E3B0C44298FC1C149AFBF4C8996FB92427AE41E4649B934CA495991B7852B855,0,raw/search-MOH-ASTT-DQ-TOOL-01.stderr.txt,6D92F7067DF476D95FFC36000960D9844F5DA2D8AA07D6D04AFEDEBFAAAD5619,252,0,SEARCH_FAILED,FIRECRAWL_SITE_FALLBACK_REQUESTED_LIMIT_50
MOH-ASTT,asttmoh.vn,DQ-TOOL-02,implementation_tool,"(nền tảng OR công cụ) AND (""đánh giá tuân thủ"" OR ""đánh giá tác động"") AND (""AI"" OR ""trí tuệ nhân tạo"")","site:asttmoh.vn (nền tảng OR công cụ) AND (""đánh giá tuân thủ"" OR ""đánh giá tác động"") AND (""AI"" OR ""trí tuệ nhân tạo"")",50,2026-08-01T08:04:34.630580+00:00,1,raw/search-MOH-ASTT-DQ-TOOL-02.json,E3B0C44298FC1C149AFBF4C8996FB92427AE41E4649B934CA495991B7852B855,0,raw/search-MOH-ASTT-DQ-TOOL-02.stderr.txt,F7E189CB7C2AF781F838E4350890DA423148DE773D41924431DD0417E93DE4AA,252,0,SEARCH_FAILED,FIRECRAWL_SITE_FALLBACK_REQUESTED_LIMIT_50
MOH-ASTT,asttmoh.vn,DQ-IMPL-04,implementation,"(""trí tuệ nhân tạo"" OR AI) AND (""theo dõi sau triển khai"" OR hậu kiểm OR ""giám sát sau triển khai"" OR ""đánh giá hiệu quả"") AND (y tế OR bệnh viện OR ""Sở Y tế"")","site:asttmoh.vn (""trí tuệ nhân tạo"" OR AI) AND (""theo dõi sau triển khai"" OR hậu kiểm OR ""giám sát sau triển khai"" OR ""đánh giá hiệu quả"") AND (y tế OR bệnh viện OR ""Sở Y tế"")",50,2026-08-01T08:04:36.085173+00:00,1,raw/search-MOH-ASTT-DQ-IMPL-04.json,E3B0C44298FC1C149AFBF4C8996FB92427AE41E4649B934CA495991B7852B855,0,raw/search-MOH-ASTT-DQ-IMPL-04.stderr.txt,2F0846532D748B7F0807A3E7CC106B114CB8CA97C61A4965882EB05A37420642,252,0,SEARCH_FAILED,FIRECRAWL_SITE_FALLBACK_REQUESTED_LIMIT_50
MOH-ASTT,asttmoh.vn,DQ-IMPL-05,implementation,"(""trí tuệ nhân tạo"" OR AI) AND (""báo cáo sự cố"" OR ""quản lý chất lượng"" OR kiểm toán OR thanh tra) AND (y tế OR bệnh viện OR ""Sở Y tế"")","site:asttmoh.vn (""trí tuệ nhân tạo"" OR AI) AND (""báo cáo sự cố"" OR ""quản lý chất lượng"" OR kiểm toán OR thanh tra) AND (y tế OR bệnh viện OR ""Sở Y tế"")",50,2026-08-01T08:04:37.528371+00:00,1,raw/search-MOH-ASTT-DQ-IMPL-05.json,E3B0C44298FC1C149AFBF4C8996FB92427AE41E4649B934CA495991B7852B855,0,raw/search-MOH-ASTT-DQ-IMPL-05.stderr.txt,A1108B93C11A795165E1E7CFB2F75DE016AD09E91E55BB7BE2D2F387B7AAD6A4,252,0,SEARCH_FAILED,FIRECRAWL_SITE_FALLBACK_REQUESTED_LIMIT_50
MOH-ASTT,asttmoh.vn,DQ-EVID-01,evidence,"(""đạo đức AI"" OR ""quản trị AI"") AND (kiểm toán OR thanh tra OR giám sát)","site:asttmoh.vn (""đạo đức AI"" OR ""quản trị AI"") AND (kiểm toán OR thanh tra OR giám sát)",50,2026-08-01T08:04:38.975317+00:00,0,raw/search-MOH-ASTT-DQ-EVID-01.json,A358B1C07D44108E6BA676A4DC2B4AB9F9A9B6BF5D063751C70E5B33F1CFA1A2,18,raw/search-MOH-ASTT-DQ-EVID-01.stderr.txt,E3B0C44298FC1C149AFBF4C8996FB92427AE41E4649B934CA495991B7852B855,0,0,SEARCH_CAPTURED,FIRECRAWL_SITE_FALLBACK_REQUESTED_LIMIT_50
MOH-ASTT,asttmoh.vn,DQ-EVID-02,evidence,"(""AI"" OR ""trí tuệ nhân tạo"") AND (sự cố OR khiếu nại OR khắc phục) AND (y tế OR bệnh viện)","site:asttmoh.vn (""AI"" OR ""trí tuệ nhân tạo"") AND (sự cố OR khiếu nại OR khắc phục) AND (y tế OR bệnh viện)",50,2026-08-01T08:04:40.880360+00:00,0,raw/search-MOH-ASTT-DQ-EVID-02.json,AB3DB05C9DFFE3ED66AA8A340096A45DF3116D795246656A6C8709F2B1AABC48,7066,raw/search-MOH-ASTT-DQ-EVID-02.stderr.txt,E3B0C44298FC1C149AFBF4C8996FB92427AE41E4649B934CA495991B7852B855,0,17,SEARCH_CAPTURED,FIRECRAWL_SITE_FALLBACK_REQUESTED_LIMIT_50
MOH-ASTT,asttmoh.vn,DQ-EVID-03,evidence,"(""AI"" OR ""trí tuệ nhân tạo"") AND (""đánh giá tác động"" OR kết quả) AND (y tế OR bệnh viện)","site:asttmoh.vn (""AI"" OR ""trí tuệ nhân tạo"") AND (""đánh giá tác động"" OR kết quả) AND (y tế OR bệnh viện)",50,2026-08-01T08:04:42.436622+00:00,0,raw/search-MOH-ASTT-DQ-EVID-03.json,82F3CA61F3851A9EF8838B9766F5FDC55655846E726DB1B37B261BB7B3A9ACFC,20235,raw/search-MOH-ASTT-DQ-EVID-03.stderr.txt,E3B0C44298FC1C149AFBF4C8996FB92427AE41E4649B934CA495991B7852B855,0,48,SEARCH_CAPTURED,FIRECRAWL_SITE_FALLBACK_REQUESTED_LIMIT_50
MOH-ASTT,asttmoh.vn,DQ-EVID-04,evidence,"(""AI ethics"" OR ""AI governance"") AND (audit OR inspection OR monitoring OR incident OR complaint OR redress OR ""impact assessment"" OR outcome OR result) AND (Vietnam OR ""Viet Nam"") AND (health OR hospital)","site:asttmoh.vn (""AI ethics"" OR ""AI governance"") AND (audit OR inspection OR monitoring OR incident OR complaint OR redress OR ""impact assessment"" OR outcome OR result) AND (Vietnam OR ""Viet Nam"") AND (health OR hospital)",50,2026-08-01T08:04:43.885304+00:00,0,raw/search-MOH-ASTT-DQ-EVID-04.json,A358B1C07D44108E6BA676A4DC2B4AB9F9A9B6BF5D063751C70E5B33F1CFA1A2,18,raw/search-MOH-ASTT-DQ-EVID-04.stderr.txt,E3B0C44298FC1C149AFBF4C8996FB92427AE41E4649B934CA495991B7852B855,0,0,SEARCH_CAPTURED,FIRECRAWL_SITE_FALLBACK_REQUESTED_LIMIT_50
MOH-ASTT,asttmoh.vn,DQ-EVID-05,evidence,"(""artificial intelligence"" OR AI) AND (""post-implementation monitoring"" OR ""post-market surveillance"" OR ""incident reporting"" OR ""quality management"" OR ""effectiveness evaluation"" OR audit) AND (Vietnam OR ""Viet Nam"") AND (health OR hospital OR ""provincial health department"")","site:asttmoh.vn (""artificial intelligence"" OR AI) AND (""post-implementation monitoring"" OR ""post-market surveillance"" OR ""incident reporting"" OR ""quality management"" OR ""effectiveness evaluation"" OR audit) AND (Vietnam OR ""Viet Nam"") AND (health OR hospital OR ""provincial health department"")",50,2026-08-01T08:04:45.295355+00:00,0,raw/search-MOH-ASTT-DQ-EVID-05.json,A358B1C07D44108E6BA676A4DC2B4AB9F9A9B6BF5D063751C70E5B33F1CFA1A2,18,raw/search-MOH-ASTT-DQ-EVID-05.stderr.txt,E3B0C44298FC1C149AFBF4C8996FB92427AE41E4649B934CA495991B7852B855,0,0,SEARCH_CAPTURED,FIRECRAWL_SITE_FALLBACK_REQUESTED_LIMIT_50
MOH-KCB,kcb.vn,DQ-IMPL-01,implementation,"(""đạo đức AI"" OR ""AI có trách nhiệm"" OR ""quản trị AI"") AND (kế hoạch OR triển khai OR áp dụng OR thí điểm)","site:kcb.vn (""đạo đức AI"" OR ""AI có trách nhiệm"" OR ""quản trị AI"") AND (kế hoạch OR triển khai OR áp dụng OR thí điểm)",50,2026-08-01T08:04:46.923870+00:00,0,raw/search-MOH-KCB-DQ-IMPL-01.json,A358B1C07D44108E6BA676A4DC2B4AB9F9A9B6BF5D063751C70E5B33F1CFA1A2,18,raw/search-MOH-KCB-DQ-IMPL-01.stderr.txt,E3B0C44298FC1C149AFBF4C8996FB92427AE41E4649B934CA495991B7852B855,0,0,SEARCH_CAPTURED,FIRECRAWL_SITE_FALLBACK_REQUESTED_LIMIT_50
MOH-KCB,kcb.vn,DQ-IMPL-02,implementation,"(""đạo đức AI"" OR ""AI có trách nhiệm"" OR ""quản trị AI"") AND (""Bộ Y tế"" OR bệnh viện OR ""cơ sở khám bệnh, chữa bệnh"")","site:kcb.vn (""đạo đức AI"" OR ""AI có trách nhiệm"" OR ""quản trị AI"") AND (""Bộ Y tế"" OR bệnh viện OR ""cơ sở khám bệnh, chữa bệnh"")",50,2026-08-01T08:04:48.997984+00:00,0,raw/search-MOH-KCB-DQ-IMPL-02.json,A358B1C07D44108E6BA676A4DC2B4AB9F9A9B6BF5D063751C70E5B33F1CFA1A2,18,raw/search-MOH-KCB-DQ-IMPL-02.stderr.txt,E3B0C44298FC1C149AFBF4C8996FB92427AE41E4649B934CA495991B7852B855,0,0,SEARCH_CAPTURED,FIRECRAWL_SITE_FALLBACK_REQUESTED_LIMIT_50
MOH-KCB,kcb.vn,DQ-IMPL-03,implementation,"(""responsible AI"" OR ""AI governance"" OR ""AI ethics"") AND (implementation OR adoption OR uptake OR plan OR pilot) AND (Vietnam OR ""Viet Nam"") AND (health OR hospital OR clinical)","site:kcb.vn (""responsible AI"" OR ""AI governance"" OR ""AI ethics"") AND (implementation OR adoption OR uptake OR plan OR pilot) AND (Vietnam OR ""Viet Nam"") AND (health OR hospital OR clinical)",50,2026-08-01T08:04:51.422832+00:00,0,raw/search-MOH-KCB-DQ-IMPL-03.json,A358B1C07D44108E6BA676A4DC2B4AB9F9A9B6BF5D063751C70E5B33F1CFA1A2,18,raw/search-MOH-KCB-DQ-IMPL-03.stderr.txt,E3B0C44298FC1C149AFBF4C8996FB92427AE41E4649B934CA495991B7852B855,0,0,SEARCH_CAPTURED,FIRECRAWL_SITE_FALLBACK_REQUESTED_LIMIT_50
MOH-KCB,kcb.vn,DQ-TOOL-01,implementation_tool,"(""đánh giá tuân thủ"" OR ""tự đánh giá"") AND (""đạo đức AI"" OR ""AI có trách nhiệm"")","site:kcb.vn (""đánh giá tuân thủ"" OR ""tự đánh giá"") AND (""đạo đức AI"" OR ""AI có trách nhiệm"")",50,2026-08-01T08:04:53.786146+00:00,0,raw/search-MOH-KCB-DQ-TOOL-01.json,A358B1C07D44108E6BA676A4DC2B4AB9F9A9B6BF5D063751C70E5B33F1CFA1A2,18,raw/search-MOH-KCB-DQ-TOOL-01.stderr.txt,E3B0C44298FC1C149AFBF4C8996FB92427AE41E4649B934CA495991B7852B855,0,0,SEARCH_CAPTURED,FIRECRAWL_SITE_FALLBACK_REQUESTED_LIMIT_50
MOH-KCB,kcb.vn,DQ-TOOL-02,implementation_tool,"(nền tảng OR công cụ) AND (""đánh giá tuân thủ"" OR ""đánh giá tác động"") AND (""AI"" OR ""trí tuệ nhân tạo"")","site:kcb.vn (nền tảng OR công cụ) AND (""đánh giá tuân thủ"" OR ""đánh giá tác động"") AND (""AI"" OR ""trí tuệ nhân tạo"")",50,2026-08-01T08:04:59.264186+00:00,0,raw/search-MOH-KCB-DQ-TOOL-02.json,A00D041D628C6B518E5C55008E46A67F8A4572B8FFC138F08F663E401E8691C1,5996,raw/search-MOH-KCB-DQ-TOOL-02.stderr.txt,E3B0C44298FC1C149AFBF4C8996FB92427AE41E4649B934CA495991B7852B855,0,9,SEARCH_CAPTURED,FIRECRAWL_SITE_FALLBACK_REQUESTED_LIMIT_50
MOH-KCB,kcb.vn,DQ-IMPL-04,implementation,"(""trí tuệ nhân tạo"" OR AI) AND (""theo dõi sau triển khai"" OR hậu kiểm OR ""giám sát sau triển khai"" OR ""đánh giá hiệu quả"") AND (y tế OR bệnh viện OR ""Sở Y tế"")","site:kcb.vn (""trí tuệ nhân tạo"" OR AI) AND (""theo dõi sau triển khai"" OR hậu kiểm OR ""giám sát sau triển khai"" OR ""đánh giá hiệu quả"") AND (y tế OR bệnh viện OR ""Sở Y tế"")",50,2026-08-01T08:05:00.673740+00:00,1,raw/search-MOH-KCB-DQ-IMPL-04.json,E3B0C44298FC1C149AFBF4C8996FB92427AE41E4649B934CA495991B7852B855,0,raw/search-MOH-KCB-DQ-IMPL-04.stderr.txt,FDD04C5F53A6CE52515B179A4DF4960D2E23758598C864D343CA5249FFC7ECF5,253,0,SEARCH_FAILED,FIRECRAWL_SITE_FALLBACK_REQUESTED_LIMIT_50
MOH-KCB,kcb.vn,DQ-IMPL-05,implementation,"(""trí tuệ nhân tạo"" OR AI) AND (""báo cáo sự cố"" OR ""quản lý chất lượng"" OR kiểm toán OR thanh tra) AND (y tế OR bệnh viện OR ""Sở Y tế"")","site:kcb.vn (""trí tuệ nhân tạo"" OR AI) AND (""báo cáo sự cố"" OR ""quản lý chất lượng"" OR kiểm toán OR thanh tra) AND (y tế OR bệnh viện OR ""Sở Y tế"")",50,2026-08-01T08:05:01.901279+00:00,1,raw/search-MOH-KCB-DQ-IMPL-05.json,E3B0C44298FC1C149AFBF4C8996FB92427AE41E4649B934CA495991B7852B855,0,raw/search-MOH-KCB-DQ-IMPL-05.stderr.txt,CED66EDFC6F911013D5A64938CABD6D707D646F39593BAFC0E3A7C94ECEB6A78,253,0,SEARCH_FAILED,FIRECRAWL_SITE_FALLBACK_REQUESTED_LIMIT_50
MOH-KCB,kcb.vn,DQ-EVID-01,evidence,"(""đạo đức AI"" OR ""quản trị AI"") AND (kiểm toán OR thanh tra OR giám sát)","site:kcb.vn (""đạo đức AI"" OR ""quản trị AI"") AND (kiểm toán OR thanh tra OR giám sát)",50,2026-08-01T08:05:03.347871+00:00,1,raw/search-MOH-KCB-DQ-EVID-01.json,E3B0C44298FC1C149AFBF4C8996FB92427AE41E4649B934CA495991B7852B855,0,raw/search-MOH-KCB-DQ-EVID-01.stderr.txt,5060E0CAB74F5068F78FFF44CEBB6CF058221C6B31B8DD7E506DDE9793B7EC92,253,0,SEARCH_FAILED,FIRECRAWL_SITE_FALLBACK_REQUESTED_LIMIT_50
MOH-KCB,kcb.vn,DQ-EVID-02,evidence,"(""AI"" OR ""trí tuệ nhân tạo"") AND (sự cố OR khiếu nại OR khắc phục) AND (y tế OR bệnh viện)","site:kcb.vn (""AI"" OR ""trí tuệ nhân tạo"") AND (sự cố OR khiếu nại OR khắc phục) AND (y tế OR bệnh viện)",50,2026-08-01T08:05:04.760516+00:00,1,raw/search-MOH-KCB-DQ-EVID-02.json,E3B0C44298FC1C149AFBF4C8996FB92427AE41E4649B934CA495991B7852B855,0,raw/search-MOH-KCB-DQ-EVID-02.stderr.txt,F45D8B3126DD704E3E2FB3A67B8888E3883835592252DE7B0CFF633A256EEE69,253,0,SEARCH_FAILED,FIRECRAWL_SITE_FALLBACK_REQUESTED_LIMIT_50
MOH-KCB,kcb.vn,DQ-EVID-03,evidence,"(""AI"" OR ""trí tuệ nhân tạo"") AND (""đánh giá tác động"" OR kết quả) AND (y tế OR bệnh viện)","site:kcb.vn (""AI"" OR ""trí tuệ nhân tạo"") AND (""đánh giá tác động"" OR kết quả) AND (y tế OR bệnh viện)",50,2026-08-01T08:05:06.208823+00:00,1,raw/search-MOH-KCB-DQ-EVID-03.json,E3B0C44298FC1C149AFBF4C8996FB92427AE41E4649B934CA495991B7852B855,0,raw/search-MOH-KCB-DQ-EVID-03.stderr.txt,62054E7DF4665CC66590E1B32557B6745780EF90EF3E3ED1AF5D763ED9E6E524,253,0,SEARCH_FAILED,FIRECRAWL_SITE_FALLBACK_REQUESTED_LIMIT_50
MOH-KCB,kcb.vn,DQ-EVID-04,evidence,"(""AI ethics"" OR ""AI governance"") AND (audit OR inspection OR monitoring OR incident OR complaint OR redress OR ""impact assessment"" OR outcome OR result) AND (Vietnam OR ""Viet Nam"") AND (health OR hospital)","site:kcb.vn (""AI ethics"" OR ""AI governance"") AND (audit OR inspection OR monitoring OR incident OR complaint OR redress OR ""impact assessment"" OR outcome OR result) AND (Vietnam OR ""Viet Nam"") AND (health OR hospital)",50,2026-08-01T08:05:07.616498+00:00,1,raw/search-MOH-KCB-DQ-EVID-04.json,E3B0C44298FC1C149AFBF4C8996FB92427AE41E4649B934CA495991B7852B855,0,raw/search-MOH-KCB-DQ-EVID-04.stderr.txt,AAAC3CE7E6FC19EFEC031730CFC1C8D8B0399A4F26E3DD1D8A842AA2066C014F,253,0,SEARCH_FAILED,FIRECRAWL_SITE_FALLBACK_REQUESTED_LIMIT_50
MOH-KCB,kcb.vn,DQ-EVID-05,evidence,"(""artificial intelligence"" OR AI) AND (""post-implementation monitoring"" OR ""post-market surveillance"" OR ""incident reporting"" OR ""quality management"" OR ""effectiveness evaluation"" OR audit) AND (Vietnam OR ""Viet Nam"") AND (health OR hospital OR ""provincial health department"")","site:kcb.vn (""artificial intelligence"" OR AI) AND (""post-implementation monitoring"" OR ""post-market surveillance"" OR ""incident reporting"" OR ""quality management"" OR ""effectiveness evaluation"" OR audit) AND (Vietnam OR ""Viet Nam"") AND (health OR hospital OR ""provincial health department"")",50,2026-08-01T08:05:09.071686+00:00,1,raw/search-MOH-KCB-DQ-EVID-05.json,E3B0C44298FC1C149AFBF4C8996FB92427AE41E4649B934CA495991B7852B855,0,raw/search-MOH-KCB-DQ-EVID-05.stderr.txt,7E68779FF4BAEF97DE70FBADAD3A27BFC511C137863772CB17E1515A8E839E0D,253,0,SEARCH_FAILED,FIRECRAWL_SITE_FALLBACK_REQUESTED_LIMIT_50
MOH-HTTB,imda.moh.gov.vn,DQ-IMPL-01,implementation,"(""đạo đức AI"" OR ""AI có trách nhiệm"" OR ""quản trị AI"") AND (kế hoạch OR triển khai OR áp dụng OR thí điểm)","site:imda.moh.gov.vn (""đạo đức AI"" OR ""AI có trách nhiệm"" OR ""quản trị AI"") AND (kế hoạch OR triển khai OR áp dụng OR thí điểm)",50,2026-08-01T08:05:10.450079+00:00,1,raw/search-MOH-HTTB-DQ-IMPL-01.json,E3B0C44298FC1C149AFBF4C8996FB92427AE41E4649B934CA495991B7852B855,0,raw/search-MOH-HTTB-DQ-IMPL-01.stderr.txt,95EF9CEAF4A1A00543E2E10500095965EC83B458770BA8507D37A10296D69A90,253,0,SEARCH_FAILED,FIRECRAWL_SITE_FALLBACK_REQUESTED_LIMIT_50
MOH-HTTB,imda.moh.gov.vn,DQ-IMPL-02,implementation,"(""đạo đức AI"" OR ""AI có trách nhiệm"" OR ""quản trị AI"") AND (""Bộ Y tế"" OR bệnh viện OR ""cơ sở khám bệnh, chữa bệnh"")","site:imda.moh.gov.vn (""đạo đức AI"" OR ""AI có trách nhiệm"" OR ""quản trị AI"") AND (""Bộ Y tế"" OR bệnh viện OR ""cơ sở khám bệnh, chữa bệnh"")",50,2026-08-01T08:05:11.905236+00:00,1,raw/search-MOH-HTTB-DQ-IMPL-02.json,E3B0C44298FC1C149AFBF4C8996FB92427AE41E4649B934CA495991B7852B855,0,raw/search-MOH-HTTB-DQ-IMPL-02.stderr.txt,0F93EF65805A7577DED62DB593148876145EF4A54EC96B2786A5A56C171C278D,253,0,SEARCH_FAILED,FIRECRAWL_SITE_FALLBACK_REQUESTED_LIMIT_50
MOH-HTTB,imda.moh.gov.vn,DQ-IMPL-03,implementation,"(""responsible AI"" OR ""AI governance"" OR ""AI ethics"") AND (implementation OR adoption OR uptake OR plan OR pilot) AND (Vietnam OR ""Viet Nam"") AND (health OR hospital OR clinical)","site:imda.moh.gov.vn (""responsible AI"" OR ""AI governance"" OR ""AI ethics"") AND (implementation OR adoption OR uptake OR plan OR pilot) AND (Vietnam OR ""Viet Nam"") AND (health OR hospital OR clinical)",50,2026-08-01T08:05:13.429813+00:00,1,raw/search-MOH-HTTB-DQ-IMPL-03.json,E3B0C44298FC1C149AFBF4C8996FB92427AE41E4649B934CA495991B7852B855,0,raw/search-MOH-HTTB-DQ-IMPL-03.stderr.txt,590DA03BA8782761FB489FB4F2BC97E389DBCACB2665C4E685368FC355D79D90,253,0,SEARCH_FAILED,FIRECRAWL_SITE_FALLBACK_REQUESTED_LIMIT_50
MOH-HTTB,imda.moh.gov.vn,DQ-TOOL-01,implementation_tool,"(""đánh giá tuân thủ"" OR ""tự đánh giá"") AND (""đạo đức AI"" OR ""AI có trách nhiệm"")","site:imda.moh.gov.vn (""đánh giá tuân thủ"" OR ""tự đánh giá"") AND (""đạo đức AI"" OR ""AI có trách nhiệm"")",50,2026-08-01T08:05:14.896871+00:00,1,raw/search-MOH-HTTB-DQ-TOOL-01.json,E3B0C44298FC1C149AFBF4C8996FB92427AE41E4649B934CA495991B7852B855,0,raw/search-MOH-HTTB-DQ-TOOL-01.stderr.txt,3DEC8277C5398EAEF06B7E4F221531899ACD2238A2ED841EF11504127AEC9CFF,253,0,SEARCH_FAILED,FIRECRAWL_SITE_FALLBACK_REQUESTED_LIMIT_50
MOH-HTTB,imda.moh.gov.vn,DQ-TOOL-02,implementation_tool,"(nền tảng OR công cụ) AND (""đánh giá tuân thủ"" OR ""đánh giá tác động"") AND (""AI"" OR ""trí tuệ nhân tạo"")","site:imda.moh.gov.vn (nền tảng OR công cụ) AND (""đánh giá tuân thủ"" OR ""đánh giá tác động"") AND (""AI"" OR ""trí tuệ nhân tạo"")",50,2026-08-01T08:05:16.310699+00:00,1,raw/search-MOH-HTTB-DQ-TOOL-02.json,E3B0C44298FC1C149AFBF4C8996FB92427AE41E4649B934CA495991B7852B855,0,raw/search-MOH-HTTB-DQ-TOOL-02.stderr.txt,0370BD3D7113BCBFA0EF8316AA20B102791478A9DE583C5475B632019B964469,253,0,SEARCH_FAILED,FIRECRAWL_SITE_FALLBACK_REQUESTED_LIMIT_50
MOH-HTTB,imda.moh.gov.vn,DQ-IMPL-04,implementation,"(""trí tuệ nhân tạo"" OR AI) AND (""theo dõi sau triển khai"" OR hậu kiểm OR ""giám sát sau triển khai"" OR ""đánh giá hiệu quả"") AND (y tế OR bệnh viện OR ""Sở Y tế"")","site:imda.moh.gov.vn (""trí tuệ nhân tạo"" OR AI) AND (""theo dõi sau triển khai"" OR hậu kiểm OR ""giám sát sau triển khai"" OR ""đánh giá hiệu quả"") AND (y tế OR bệnh viện OR ""Sở Y tế"")",50,2026-08-01T08:05:17.777221+00:00,1,raw/search-MOH-HTTB-DQ-IMPL-04.json,E3B0C44298FC1C149AFBF4C8996FB92427AE41E4649B934CA495991B7852B855,0,raw/search-MOH-HTTB-DQ-IMPL-04.stderr.txt,96BD36BEE49717A52EE400F87254B30488CADF493725B63415BF84513DD73C36,253,0,SEARCH_FAILED,FIRECRAWL_SITE_FALLBACK_REQUESTED_LIMIT_50
MOH-HTTB,imda.moh.gov.vn,DQ-IMPL-05,implementation,"(""trí tuệ nhân tạo"" OR AI) AND (""báo cáo sự cố"" OR ""quản lý chất lượng"" OR kiểm toán OR thanh tra) AND (y tế OR bệnh viện OR ""Sở Y tế"")","site:imda.moh.gov.vn (""trí tuệ nhân tạo"" OR AI) AND (""báo cáo sự cố"" OR ""quản lý chất lượng"" OR kiểm toán OR thanh tra) AND (y tế OR bệnh viện OR ""Sở Y tế"")",50,2026-08-01T08:05:19.281506+00:00,1,raw/search-MOH-HTTB-DQ-IMPL-05.json,E3B0C44298FC1C149AFBF4C8996FB92427AE41E4649B934CA495991B7852B855,0,raw/search-MOH-HTTB-DQ-IMPL-05.stderr.txt,2607C55E3B737E2B92DAC20D67D466F3418B48FC0B75A05093980F8C9D921375,253,0,SEARCH_FAILED,FIRECRAWL_SITE_FALLBACK_REQUESTED_LIMIT_50
MOH-HTTB,imda.moh.gov.vn,DQ-EVID-01,evidence,"(""đạo đức AI"" OR ""quản trị AI"") AND (kiểm toán OR thanh tra OR giám sát)","site:imda.moh.gov.vn (""đạo đức AI"" OR ""quản trị AI"") AND (kiểm toán OR thanh tra OR giám sát)",50,2026-08-01T08:05:20.725143+00:00,1,raw/search-MOH-HTTB-DQ-EVID-01.json,E3B0C44298FC1C149AFBF4C8996FB92427AE41E4649B934CA495991B7852B855,0,raw/search-MOH-HTTB-DQ-EVID-01.stderr.txt,2F115581C049DCB41C922197049BD1FF90096CD92D0253A60FA0E34EE9379E7E,253,0,SEARCH_FAILED,FIRECRAWL_SITE_FALLBACK_REQUESTED_LIMIT_50
MOH-HTTB,imda.moh.gov.vn,DQ-EVID-02,evidence,"(""AI"" OR ""trí tuệ nhân tạo"") AND (sự cố OR khiếu nại OR khắc phục) AND (y tế OR bệnh viện)","site:imda.moh.gov.vn (""AI"" OR ""trí tuệ nhân tạo"") AND (sự cố OR khiếu nại OR khắc phục) AND (y tế OR bệnh viện)",50,2026-08-01T08:05:22.167586+00:00,1,raw/search-MOH-HTTB-DQ-EVID-02.json,E3B0C44298FC1C149AFBF4C8996FB92427AE41E4649B934CA495991B7852B855,0,raw/search-MOH-HTTB-DQ-EVID-02.stderr.txt,5CC76D5906400BF7ABE544972EA9B8B0FB14D0C58F05D137C89A9DAD16561192,253,0,SEARCH_FAILED,FIRECRAWL_SITE_FALLBACK_REQUESTED_LIMIT_50
MOH-HTTB,imda.moh.gov.vn,DQ-EVID-03,evidence,"(""AI"" OR ""trí tuệ nhân tạo"") AND (""đánh giá tác động"" OR kết quả) AND (y tế OR bệnh viện)","site:imda.moh.gov.vn (""AI"" OR ""trí tuệ nhân tạo"") AND (""đánh giá tác động"" OR kết quả) AND (y tế OR bệnh viện)",50,2026-08-01T08:05:23.920946+00:00,1,raw/search-MOH-HTTB-DQ-EVID-03.json,E3B0C44298FC1C149AFBF4C8996FB92427AE41E4649B934CA495991B7852B855,0,raw/search-MOH-HTTB-DQ-EVID-03.stderr.txt,80072A2E47ECE0A2D0EE6FF3FDE20FBFDAAC6E942282F8EDD47EE0A7505EF1F6,253,0,SEARCH_FAILED,FIRECRAWL_SITE_FALLBACK_REQUESTED_LIMIT_50
MOH-HTTB,imda.moh.gov.vn,DQ-EVID-04,evidence,"(""AI ethics"" OR ""AI governance"") AND (audit OR inspection OR monitoring OR incident OR complaint OR redress OR ""impact assessment"" OR outcome OR result) AND (Vietnam OR ""Viet Nam"") AND (health OR hospital)","site:imda.moh.gov.vn (""AI ethics"" OR ""AI governance"") AND (audit OR inspection OR monitoring OR incident OR complaint OR redress OR ""impact assessment"" OR outcome OR result) AND (Vietnam OR ""Viet Nam"") AND (health OR hospital)",50,2026-08-01T08:05:25.424427+00:00,1,raw/search-MOH-HTTB-DQ-EVID-04.json,E3B0C44298FC1C149AFBF4C8996FB92427AE41E4649B934CA495991B7852B855,0,raw/search-MOH-HTTB-DQ-EVID-04.stderr.txt,3A9E73CD34C4F2615FCE6C9E730EA5613F074C92338A4AF44F63215C64E16682,253,0,SEARCH_FAILED,FIRECRAWL_SITE_FALLBACK_REQUESTED_LIMIT_50
MOH-HTTB,imda.moh.gov.vn,DQ-EVID-05,evidence,"(""artificial intelligence"" OR AI) AND (""post-implementation monitoring"" OR ""post-market surveillance"" OR ""incident reporting"" OR ""quality management"" OR ""effectiveness evaluation"" OR audit) AND (Vietnam OR ""Viet Nam"") AND (health OR hospital OR ""provincial health department"")","site:imda.moh.gov.vn (""artificial intelligence"" OR AI) AND (""post-implementation monitoring"" OR ""post-market surveillance"" OR ""incident reporting"" OR ""quality management"" OR ""effectiveness evaluation"" OR audit) AND (Vietnam OR ""Viet Nam"") AND (health OR hospital OR ""provincial health department"")",50,2026-08-01T08:05:26.914577+00:00,1,raw/search-MOH-HTTB-DQ-EVID-05.json,E3B0C44298FC1C149AFBF4C8996FB92427AE41E4649B934CA495991B7852B855,0,raw/search-MOH-HTTB-DQ-EVID-05.stderr.txt,05663A70D1F2C5080885D900A9F00D2416039025735157ACE5E1060DCF32CAF4,253,0,SEARCH_FAILED,FIRECRAWL_SITE_FALLBACK_REQUESTED_LIMIT_50
MOH-NHIC,ttyqg.vn,DQ-IMPL-01,implementation,"(""đạo đức AI"" OR ""AI có trách nhiệm"" OR ""quản trị AI"") AND (kế hoạch OR triển khai OR áp dụng OR thí điểm)","site:ttyqg.vn (""đạo đức AI"" OR ""AI có trách nhiệm"" OR ""quản trị AI"") AND (kế hoạch OR triển khai OR áp dụng OR thí điểm)",50,2026-08-01T08:05:28.374150+00:00,1,raw/search-MOH-NHIC-DQ-IMPL-01.json,E3B0C44298FC1C149AFBF4C8996FB92427AE41E4649B934CA495991B7852B855,0,raw/search-MOH-NHIC-DQ-IMPL-01.stderr.txt,8BC6540780A438DF675848FB4A0A3D392AB3FECCFFFD7BF747B5CC2430954D1B,253,0,SEARCH_FAILED,FIRECRAWL_SITE_FALLBACK_REQUESTED_LIMIT_50
MOH-NHIC,ttyqg.vn,DQ-IMPL-02,implementation,"(""đạo đức AI"" OR ""AI có trách nhiệm"" OR ""quản trị AI"") AND (""Bộ Y tế"" OR bệnh viện OR ""cơ sở khám bệnh, chữa bệnh"")","site:ttyqg.vn (""đạo đức AI"" OR ""AI có trách nhiệm"" OR ""quản trị AI"") AND (""Bộ Y tế"" OR bệnh viện OR ""cơ sở khám bệnh, chữa bệnh"")",50,2026-08-01T08:05:30.169258+00:00,1,raw/search-MOH-NHIC-DQ-IMPL-02.json,E3B0C44298FC1C149AFBF4C8996FB92427AE41E4649B934CA495991B7852B855,0,raw/search-MOH-NHIC-DQ-IMPL-02.stderr.txt,D86372C25C5C9BD7832E3DFD4342ED25D3129E73CD99D1E0CAD90B4E3A421D41,252,0,SEARCH_FAILED,FIRECRAWL_SITE_FALLBACK_REQUESTED_LIMIT_50
MOH-NHIC,ttyqg.vn,DQ-IMPL-03,implementation,"(""responsible AI"" OR ""AI governance"" OR ""AI ethics"") AND (implementation OR adoption OR uptake OR plan OR pilot) AND (Vietnam OR ""Viet Nam"") AND (health OR hospital OR clinical)","site:ttyqg.vn (""responsible AI"" OR ""AI governance"" OR ""AI ethics"") AND (implementation OR adoption OR uptake OR plan OR pilot) AND (Vietnam OR ""Viet Nam"") AND (health OR hospital OR clinical)",50,2026-08-01T08:05:31.801417+00:00,1,raw/search-MOH-NHIC-DQ-IMPL-03.json,E3B0C44298FC1C149AFBF4C8996FB92427AE41E4649B934CA495991B7852B855,0,raw/search-MOH-NHIC-DQ-IMPL-03.stderr.txt,4B6A98255D003BEF4B4145A98A276B6B57B45321905C7EB46487DC0B35E9033B,252,0,SEARCH_FAILED,FIRECRAWL_SITE_FALLBACK_REQUESTED_LIMIT_50
MOH-NHIC,ttyqg.vn,DQ-TOOL-01,implementation_tool,"(""đánh giá tuân thủ"" OR ""tự đánh giá"") AND (""đạo đức AI"" OR ""AI có trách nhiệm"")","site:ttyqg.vn (""đánh giá tuân thủ"" OR ""tự đánh giá"") AND (""đạo đức AI"" OR ""AI có trách nhiệm"")",50,2026-08-01T08:05:33.962747+00:00,1,raw/search-MOH-NHIC-DQ-TOOL-01.json,E3B0C44298FC1C149AFBF4C8996FB92427AE41E4649B934CA495991B7852B855,0,raw/search-MOH-NHIC-DQ-TOOL-01.stderr.txt,707228BC83176C6C844FFF86E9D445C2FDBDF3CFDA3F6522CA52F0557976663A,252,0,SEARCH_FAILED,FIRECRAWL_SITE_FALLBACK_REQUESTED_LIMIT_50
MOH-NHIC,ttyqg.vn,DQ-TOOL-02,implementation_tool,"(nền tảng OR công cụ) AND (""đánh giá tuân thủ"" OR ""đánh giá tác động"") AND (""AI"" OR ""trí tuệ nhân tạo"")","site:ttyqg.vn (nền tảng OR công cụ) AND (""đánh giá tuân thủ"" OR ""đánh giá tác động"") AND (""AI"" OR ""trí tuệ nhân tạo"")",50,2026-08-01T08:05:36.073447+00:00,1,raw/search-MOH-NHIC-DQ-TOOL-02.json,E3B0C44298FC1C149AFBF4C8996FB92427AE41E4649B934CA495991B7852B855,0,raw/search-MOH-NHIC-DQ-TOOL-02.stderr.txt,6017DDD1D631890DF2B262499AA1C4C2FE2AD85C7807E01D06C5A54196BF0488,252,0,SEARCH_FAILED,FIRECRAWL_SITE_FALLBACK_REQUESTED_LIMIT_50
MOH-NHIC,ttyqg.vn,DQ-IMPL-04,implementation,"(""trí tuệ nhân tạo"" OR AI) AND (""theo dõi sau triển khai"" OR hậu kiểm OR ""giám sát sau triển khai"" OR ""đánh giá hiệu quả"") AND (y tế OR bệnh viện OR ""Sở Y tế"")","site:ttyqg.vn (""trí tuệ nhân tạo"" OR AI) AND (""theo dõi sau triển khai"" OR hậu kiểm OR ""giám sát sau triển khai"" OR ""đánh giá hiệu quả"") AND (y tế OR bệnh viện OR ""Sở Y tế"")",50,2026-08-01T08:05:37.835833+00:00,1,raw/search-MOH-NHIC-DQ-IMPL-04.json,E3B0C44298FC1C149AFBF4C8996FB92427AE41E4649B934CA495991B7852B855,0,raw/search-MOH-NHIC-DQ-IMPL-04.stderr.txt,D74FE885AC1F038B2C9791C8D20175653F8715C9B23D72771C2F6903B7B21D9A,252,0,SEARCH_FAILED,FIRECRAWL_SITE_FALLBACK_REQUESTED_LIMIT_50
MOH-NHIC,ttyqg.vn,DQ-IMPL-05,implementation,"(""trí tuệ nhân tạo"" OR AI) AND (""báo cáo sự cố"" OR ""quản lý chất lượng"" OR kiểm toán OR thanh tra) AND (y tế OR bệnh viện OR ""Sở Y tế"")","site:ttyqg.vn (""trí tuệ nhân tạo"" OR AI) AND (""báo cáo sự cố"" OR ""quản lý chất lượng"" OR kiểm toán OR thanh tra) AND (y tế OR bệnh viện OR ""Sở Y tế"")",50,2026-08-01T08:05:42.559933+00:00,0,raw/search-MOH-NHIC-DQ-IMPL-05.json,E2D4A271EDF41A448E07597BC3208BE2A9A5E149E5A39DAFE56F5D0A9540FA3A,3919,raw/search-MOH-NHIC-DQ-IMPL-05.stderr.txt,E3B0C44298FC1C149AFBF4C8996FB92427AE41E4649B934CA495991B7852B855,0,10,SEARCH_CAPTURED,FIRECRAWL_SITE_FALLBACK_REQUESTED_LIMIT_50
MOH-NHIC,ttyqg.vn,DQ-EVID-01,evidence,"(""đạo đức AI"" OR ""quản trị AI"") AND (kiểm toán OR thanh tra OR giám sát)","site:ttyqg.vn (""đạo đức AI"" OR ""quản trị AI"") AND (kiểm toán OR thanh tra OR giám sát)",50,2026-08-01T08:05:45.332468+00:00,0,raw/search-MOH-NHIC-DQ-EVID-01.json,A358B1C07D44108E6BA676A4DC2B4AB9F9A9B6BF5D063751C70E5B33F1CFA1A2,18,raw/search-MOH-NHIC-DQ-EVID-01.stderr.txt,E3B0C44298FC1C149AFBF4C8996FB92427AE41E4649B934CA495991B7852B855,0,0,SEARCH_CAPTURED,FIRECRAWL_SITE_FALLBACK_REQUESTED_LIMIT_50
MOH-NHIC,ttyqg.vn,DQ-EVID-02,evidence,"(""AI"" OR ""trí tuệ nhân tạo"") AND (sự cố OR khiếu nại OR khắc phục) AND (y tế OR bệnh viện)","site:ttyqg.vn (""AI"" OR ""trí tuệ nhân tạo"") AND (sự cố OR khiếu nại OR khắc phục) AND (y tế OR bệnh viện)",50,2026-08-01T08:05:49.305734+00:00,0,raw/search-MOH-NHIC-DQ-EVID-02.json,630C3999B0C0E5BF91D7FE9AE64719327F88C4657750F6B851E32DC761514CA4,710,raw/search-MOH-NHIC-DQ-EVID-02.stderr.txt,E3B0C44298FC1C149AFBF4C8996FB92427AE41E4649B934CA495991B7852B855,0,2,SEARCH_CAPTURED,FIRECRAWL_SITE_FALLBACK_REQUESTED_LIMIT_50
MOH-NHIC,ttyqg.vn,DQ-EVID-03,evidence,"(""AI"" OR ""trí tuệ nhân tạo"") AND (""đánh giá tác động"" OR kết quả) AND (y tế OR bệnh viện)","site:ttyqg.vn (""AI"" OR ""trí tuệ nhân tạo"") AND (""đánh giá tác động"" OR kết quả) AND (y tế OR bệnh viện)",50,2026-08-01T08:05:53.374845+00:00,0,raw/search-MOH-NHIC-DQ-EVID-03.json,BD6AE31340ADAFDCAAF1A1A6BBBED2B2F2A42375318BE1E3DD6802238AB574EA,16465,raw/search-MOH-NHIC-DQ-EVID-03.stderr.txt,E3B0C44298FC1C149AFBF4C8996FB92427AE41E4649B934CA495991B7852B855,0,45,SEARCH_CAPTURED,FIRECRAWL_SITE_FALLBACK_REQUESTED_LIMIT_50
MOH-NHIC,ttyqg.vn,DQ-EVID-04,evidence,"(""AI ethics"" OR ""AI governance"") AND (audit OR inspection OR monitoring OR incident OR complaint OR redress OR ""impact assessment"" OR outcome OR result) AND (Vietnam OR ""Viet Nam"") AND (health OR hospital)","site:ttyqg.vn (""AI ethics"" OR ""AI governance"") AND (audit OR inspection OR monitoring OR incident OR complaint OR redress OR ""impact assessment"" OR outcome OR result) AND (Vietnam OR ""Viet Nam"") AND (health OR hospital)",50,2026-08-01T08:05:55.566549+00:00,0,raw/search-MOH-NHIC-DQ-EVID-04.json,A358B1C07D44108E6BA676A4DC2B4AB9F9A9B6BF5D063751C70E5B33F1CFA1A2,18,raw/search-MOH-NHIC-DQ-EVID-04.stderr.txt,E3B0C44298FC1C149AFBF4C8996FB92427AE41E4649B934CA495991B7852B855,0,0,SEARCH_CAPTURED,FIRECRAWL_SITE_FALLBACK_REQUESTED_LIMIT_50
MOH-NHIC,ttyqg.vn,DQ-EVID-05,evidence,"(""artificial intelligence"" OR AI) AND (""post-implementation monitoring"" OR ""post-market surveillance"" OR ""incident reporting"" OR ""quality management"" OR ""effectiveness evaluation"" OR audit) AND (Vietnam OR ""Viet Nam"") AND (health OR hospital OR ""provincial health department"")","site:ttyqg.vn (""artificial intelligence"" OR AI) AND (""post-implementation monitoring"" OR ""post-market surveillance"" OR ""incident reporting"" OR ""quality management"" OR ""effectiveness evaluation"" OR audit) AND (Vietnam OR ""Viet Nam"") AND (health OR hospital OR ""provincial health department"")",50,2026-08-01T08:05:58.316642+00:00,0,raw/search-MOH-NHIC-DQ-EVID-05.json,A358B1C07D44108E6BA676A4DC2B4AB9F9A9B6BF5D063751C70E5B33F1CFA1A2,18,raw/search-MOH-NHIC-DQ-EVID-05.stderr.txt,E3B0C44298FC1C149AFBF4C8996FB92427AE41E4649B934CA495991B7852B855,0,0,SEARCH_CAPTURED,FIRECRAWL_SITE_FALLBACK_REQUESTED_LIMIT_50
MOH-PC,vuphapche.moh.gov.vn,DQ-IMPL-01,implementation,"(""đạo đức AI"" OR ""AI có trách nhiệm"" OR ""quản trị AI"") AND (kế hoạch OR triển khai OR áp dụng OR thí điểm)","site:vuphapche.moh.gov.vn (""đạo đức AI"" OR ""AI có trách nhiệm"" OR ""quản trị AI"") AND (kế hoạch OR triển khai OR áp dụng OR thí điểm)",50,2026-08-01T08:06:00.508541+00:00,0,raw/search-MOH-PC-DQ-IMPL-01.json,A358B1C07D44108E6BA676A4DC2B4AB9F9A9B6BF5D063751C70E5B33F1CFA1A2,18,raw/search-MOH-PC-DQ-IMPL-01.stderr.txt,E3B0C44298FC1C149AFBF4C8996FB92427AE41E4649B934CA495991B7852B855,0,0,SEARCH_CAPTURED,FIRECRAWL_SITE_FALLBACK_REQUESTED_LIMIT_50
MOH-PC,vuphapche.moh.gov.vn,DQ-IMPL-02,implementation,"(""đạo đức AI"" OR ""AI có trách nhiệm"" OR ""quản trị AI"") AND (""Bộ Y tế"" OR bệnh viện OR ""cơ sở khám bệnh, chữa bệnh"")","site:vuphapche.moh.gov.vn (""đạo đức AI"" OR ""AI có trách nhiệm"" OR ""quản trị AI"") AND (""Bộ Y tế"" OR bệnh viện OR ""cơ sở khám bệnh, chữa bệnh"")",50,2026-08-01T08:06:02.901183+00:00,0,raw/search-MOH-PC-DQ-IMPL-02.json,A358B1C07D44108E6BA676A4DC2B4AB9F9A9B6BF5D063751C70E5B33F1CFA1A2,18,raw/search-MOH-PC-DQ-IMPL-02.stderr.txt,E3B0C44298FC1C149AFBF4C8996FB92427AE41E4649B934CA495991B7852B855,0,0,SEARCH_CAPTURED,FIRECRAWL_SITE_FALLBACK_REQUESTED_LIMIT_50
MOH-PC,vuphapche.moh.gov.vn,DQ-IMPL-03,implementation,"(""responsible AI"" OR ""AI governance"" OR ""AI ethics"") AND (implementation OR adoption OR uptake OR plan OR pilot) AND (Vietnam OR ""Viet Nam"") AND (health OR hospital OR clinical)","site:vuphapche.moh.gov.vn (""responsible AI"" OR ""AI governance"" OR ""AI ethics"") AND (implementation OR adoption OR uptake OR plan OR pilot) AND (Vietnam OR ""Viet Nam"") AND (health OR hospital OR clinical)",50,2026-08-01T08:06:05.030344+00:00,0,raw/search-MOH-PC-DQ-IMPL-03.json,A358B1C07D44108E6BA676A4DC2B4AB9F9A9B6BF5D063751C70E5B33F1CFA1A2,18,raw/search-MOH-PC-DQ-IMPL-03.stderr.txt,E3B0C44298FC1C149AFBF4C8996FB92427AE41E4649B934CA495991B7852B855,0,0,SEARCH_CAPTURED,FIRECRAWL_SITE_FALLBACK_REQUESTED_LIMIT_50
MOH-PC,vuphapche.moh.gov.vn,DQ-TOOL-01,implementation_tool,"(""đánh giá tuân thủ"" OR ""tự đánh giá"") AND (""đạo đức AI"" OR ""AI có trách nhiệm"")","site:vuphapche.moh.gov.vn (""đánh giá tuân thủ"" OR ""tự đánh giá"") AND (""đạo đức AI"" OR ""AI có trách nhiệm"")",50,2026-08-01T08:06:07.782442+00:00,0,raw/search-MOH-PC-DQ-TOOL-01.json,A358B1C07D44108E6BA676A4DC2B4AB9F9A9B6BF5D063751C70E5B33F1CFA1A2,18,raw/search-MOH-PC-DQ-TOOL-01.stderr.txt,E3B0C44298FC1C149AFBF4C8996FB92427AE41E4649B934CA495991B7852B855,0,0,SEARCH_CAPTURED,FIRECRAWL_SITE_FALLBACK_REQUESTED_LIMIT_50
MOH-PC,vuphapche.moh.gov.vn,DQ-TOOL-02,implementation_tool,"(nền tảng OR công cụ) AND (""đánh giá tuân thủ"" OR ""đánh giá tác động"") AND (""AI"" OR ""trí tuệ nhân tạo"")","site:vuphapche.moh.gov.vn (nền tảng OR công cụ) AND (""đánh giá tuân thủ"" OR ""đánh giá tác động"") AND (""AI"" OR ""trí tuệ nhân tạo"")",50,2026-08-01T08:06:09.415012+00:00,1,raw/search-MOH-PC-DQ-TOOL-02.json,E3B0C44298FC1C149AFBF4C8996FB92427AE41E4649B934CA495991B7852B855,0,raw/search-MOH-PC-DQ-TOOL-02.stderr.txt,0A5B86C53513B340A654851D9CC565023A2784BFD36B105FFFE06013B1A80B23,253,0,SEARCH_FAILED,FIRECRAWL_SITE_FALLBACK_REQUESTED_LIMIT_50
MOH-PC,vuphapche.moh.gov.vn,DQ-IMPL-04,implementation,"(""trí tuệ nhân tạo"" OR AI) AND (""theo dõi sau triển khai"" OR hậu kiểm OR ""giám sát sau triển khai"" OR ""đánh giá hiệu quả"") AND (y tế OR bệnh viện OR ""Sở Y tế"")","site:vuphapche.moh.gov.vn (""trí tuệ nhân tạo"" OR AI) AND (""theo dõi sau triển khai"" OR hậu kiểm OR ""giám sát sau triển khai"" OR ""đánh giá hiệu quả"") AND (y tế OR bệnh viện OR ""Sở Y tế"")",50,2026-08-01T08:06:11.037025+00:00,1,raw/search-MOH-PC-DQ-IMPL-04.json,E3B0C44298FC1C149AFBF4C8996FB92427AE41E4649B934CA495991B7852B855,0,raw/search-MOH-PC-DQ-IMPL-04.stderr.txt,01A8184D71F9C6D266DFCB02DA825DB99D8B7B15EFCD0A0256F6CE8186EE2BF6,253,0,SEARCH_FAILED,FIRECRAWL_SITE_FALLBACK_REQUESTED_LIMIT_50
MOH-PC,vuphapche.moh.gov.vn,DQ-IMPL-05,implementation,"(""trí tuệ nhân tạo"" OR AI) AND (""báo cáo sự cố"" OR ""quản lý chất lượng"" OR kiểm toán OR thanh tra) AND (y tế OR bệnh viện OR ""Sở Y tế"")","site:vuphapche.moh.gov.vn (""trí tuệ nhân tạo"" OR AI) AND (""báo cáo sự cố"" OR ""quản lý chất lượng"" OR kiểm toán OR thanh tra) AND (y tế OR bệnh viện OR ""Sở Y tế"")",50,2026-08-01T08:06:12.551273+00:00,1,raw/search-MOH-PC-DQ-IMPL-05.json,E3B0C44298FC1C149AFBF4C8996FB92427AE41E4649B934CA495991B7852B855,0,raw/search-MOH-PC-DQ-IMPL-05.stderr.txt,C03480CAACE088CA7CC25FD4989F810174C93DD309BCF288A67D6E33B7EAB7F8,253,0,SEARCH_FAILED,FIRECRAWL_SITE_FALLBACK_REQUESTED_LIMIT_50
MOH-PC,vuphapche.moh.gov.vn,DQ-EVID-01,evidence,"(""đạo đức AI"" OR ""quản trị AI"") AND (kiểm toán OR thanh tra OR giám sát)","site:vuphapche.moh.gov.vn (""đạo đức AI"" OR ""quản trị AI"") AND (kiểm toán OR thanh tra OR giám sát)",50,2026-08-01T08:06:14.024902+00:00,1,raw/search-MOH-PC-DQ-EVID-01.json,E3B0C44298FC1C149AFBF4C8996FB92427AE41E4649B934CA495991B7852B855,0,raw/search-MOH-PC-DQ-EVID-01.stderr.txt,86582997FB5F68FE5C9B212C789D88E4CC5EEA5057EE52B2365C15FB71D93F7C,253,0,SEARCH_FAILED,FIRECRAWL_SITE_FALLBACK_REQUESTED_LIMIT_50
MOH-PC,vuphapche.moh.gov.vn,DQ-EVID-02,evidence,"(""AI"" OR ""trí tuệ nhân tạo"") AND (sự cố OR khiếu nại OR khắc phục) AND (y tế OR bệnh viện)","site:vuphapche.moh.gov.vn (""AI"" OR ""trí tuệ nhân tạo"") AND (sự cố OR khiếu nại OR khắc phục) AND (y tế OR bệnh viện)",50,2026-08-01T08:06:15.607191+00:00,1,raw/search-MOH-PC-DQ-EVID-02.json,E3B0C44298FC1C149AFBF4C8996FB92427AE41E4649B934CA495991B7852B855,0,raw/search-MOH-PC-DQ-EVID-02.stderr.txt,38482D3584A5A0F9A34C19F3578D1FB2241AA2DF4D376A6645B5C6BBE1EFD118,253,0,SEARCH_FAILED,FIRECRAWL_SITE_FALLBACK_REQUESTED_LIMIT_50
MOH-PC,vuphapche.moh.gov.vn,DQ-EVID-03,evidence,"(""AI"" OR ""trí tuệ nhân tạo"") AND (""đánh giá tác động"" OR kết quả) AND (y tế OR bệnh viện)","site:vuphapche.moh.gov.vn (""AI"" OR ""trí tuệ nhân tạo"") AND (""đánh giá tác động"" OR kết quả) AND (y tế OR bệnh viện)",50,2026-08-01T08:06:17.078506+00:00,1,raw/search-MOH-PC-DQ-EVID-03.json,E3B0C44298FC1C149AFBF4C8996FB92427AE41E4649B934CA495991B7852B855,0,raw/search-MOH-PC-DQ-EVID-03.stderr.txt,9059057EC9C68BECECABC047C8134E4AF286C5F265D652A8208A013F937AE010,253,0,SEARCH_FAILED,FIRECRAWL_SITE_FALLBACK_REQUESTED_LIMIT_50
MOH-PC,vuphapche.moh.gov.vn,DQ-EVID-04,evidence,"(""AI ethics"" OR ""AI governance"") AND (audit OR inspection OR monitoring OR incident OR complaint OR redress OR ""impact assessment"" OR outcome OR result) AND (Vietnam OR ""Viet Nam"") AND (health OR hospital)","site:vuphapche.moh.gov.vn (""AI ethics"" OR ""AI governance"") AND (audit OR inspection OR monitoring OR incident OR complaint OR redress OR ""impact assessment"" OR outcome OR result) AND (Vietnam OR ""Viet Nam"") AND (health OR hospital)",50,2026-08-01T08:06:18.553066+00:00,1,raw/search-MOH-PC-DQ-EVID-04.json,E3B0C44298FC1C149AFBF4C8996FB92427AE41E4649B934CA495991B7852B855,0,raw/search-MOH-PC-DQ-EVID-04.stderr.txt,499E857C4909092A33CFE4E7A6A52A2077610E149002F00A58EF547AA1F0E698,253,0,SEARCH_FAILED,FIRECRAWL_SITE_FALLBACK_REQUESTED_LIMIT_50
MOH-PC,vuphapche.moh.gov.vn,DQ-EVID-05,evidence,"(""artificial intelligence"" OR AI) AND (""post-implementation monitoring"" OR ""post-market surveillance"" OR ""incident reporting"" OR ""quality management"" OR ""effectiveness evaluation"" OR audit) AND (Vietnam OR ""Viet Nam"") AND (health OR hospital OR ""provincial health department"")","site:vuphapche.moh.gov.vn (""artificial intelligence"" OR AI) AND (""post-implementation monitoring"" OR ""post-market surveillance"" OR ""incident reporting"" OR ""quality management"" OR ""effectiveness evaluation"" OR audit) AND (Vietnam OR ""Viet Nam"") AND (health OR hospital OR ""provincial health department"")",50,2026-08-01T08:06:20.021752+00:00,1,raw/search-MOH-PC-DQ-EVID-05.json,E3B0C44298FC1C149AFBF4C8996FB92427AE41E4649B934CA495991B7852B855,0,raw/search-MOH-PC-DQ-EVID-05.stderr.txt,FA73BEFB7D803FBBEBBE40B43BBEB3EC65CA1F2C283E4B253B6C61981334F700,253,0,SEARCH_FAILED,FIRECRAWL_SITE_FALLBACK_REQUESTED_LIMIT_50
MOH-HSPI,hspi.org.vn,DQ-IMPL-01,implementation,"(""đạo đức AI"" OR ""AI có trách nhiệm"" OR ""quản trị AI"") AND (kế hoạch OR triển khai OR áp dụng OR thí điểm)","site:hspi.org.vn (""đạo đức AI"" OR ""AI có trách nhiệm"" OR ""quản trị AI"") AND (kế hoạch OR triển khai OR áp dụng OR thí điểm)",50,2026-08-01T08:06:21.499140+00:00,1,raw/search-MOH-HSPI-DQ-IMPL-01.json,E3B0C44298FC1C149AFBF4C8996FB92427AE41E4649B934CA495991B7852B855,0,raw/search-MOH-HSPI-DQ-IMPL-01.stderr.txt,C8CAF509281DC1FE0E2A9DD283FE558F1F88CBC6E8F5945E8BE9183D298A8DEB,253,0,SEARCH_FAILED,FIRECRAWL_SITE_FALLBACK_REQUESTED_LIMIT_50
MOH-HSPI,hspi.org.vn,DQ-IMPL-02,implementation,"(""đạo đức AI"" OR ""AI có trách nhiệm"" OR ""quản trị AI"") AND (""Bộ Y tế"" OR bệnh viện OR ""cơ sở khám bệnh, chữa bệnh"")","site:hspi.org.vn (""đạo đức AI"" OR ""AI có trách nhiệm"" OR ""quản trị AI"") AND (""Bộ Y tế"" OR bệnh viện OR ""cơ sở khám bệnh, chữa bệnh"")",50,2026-08-01T08:06:22.987092+00:00,1,raw/search-MOH-HSPI-DQ-IMPL-02.json,E3B0C44298FC1C149AFBF4C8996FB92427AE41E4649B934CA495991B7852B855,0,raw/search-MOH-HSPI-DQ-IMPL-02.stderr.txt,7945F4ADFB58F0F1560D7F525AD85E849650A2EEEF0EF49F6B14ACB6972F545E,253,0,SEARCH_FAILED,FIRECRAWL_SITE_FALLBACK_REQUESTED_LIMIT_50
MOH-HSPI,hspi.org.vn,DQ-IMPL-03,implementation,"(""responsible AI"" OR ""AI governance"" OR ""AI ethics"") AND (implementation OR adoption OR uptake OR plan OR pilot) AND (Vietnam OR ""Viet Nam"") AND (health OR hospital OR clinical)","site:hspi.org.vn (""responsible AI"" OR ""AI governance"" OR ""AI ethics"") AND (implementation OR adoption OR uptake OR plan OR pilot) AND (Vietnam OR ""Viet Nam"") AND (health OR hospital OR clinical)",50,2026-08-01T08:06:24.521520+00:00,1,raw/search-MOH-HSPI-DQ-IMPL-03.json,E3B0C44298FC1C149AFBF4C8996FB92427AE41E4649B934CA495991B7852B855,0,raw/search-MOH-HSPI-DQ-IMPL-03.stderr.txt,0015BA5311C8D83AC5B27BF1194AC662FDB0E9255B1F12BD659E7D53D690EB04,253,0,SEARCH_FAILED,FIRECRAWL_SITE_FALLBACK_REQUESTED_LIMIT_50
MOH-HSPI,hspi.org.vn,DQ-TOOL-01,implementation_tool,"(""đánh giá tuân thủ"" OR ""tự đánh giá"") AND (""đạo đức AI"" OR ""AI có trách nhiệm"")","site:hspi.org.vn (""đánh giá tuân thủ"" OR ""tự đánh giá"") AND (""đạo đức AI"" OR ""AI có trách nhiệm"")",50,2026-08-01T08:06:25.967426+00:00,1,raw/search-MOH-HSPI-DQ-TOOL-01.json,E3B0C44298FC1C149AFBF4C8996FB92427AE41E4649B934CA495991B7852B855,0,raw/search-MOH-HSPI-DQ-TOOL-01.stderr.txt,220550A4FC172D6783844032ACA9D1055ABD37C2846C931A133ADFE41D261BBB,253,0,SEARCH_FAILED,FIRECRAWL_SITE_FALLBACK_REQUESTED_LIMIT_50
MOH-HSPI,hspi.org.vn,DQ-TOOL-02,implementation_tool,"(nền tảng OR công cụ) AND (""đánh giá tuân thủ"" OR ""đánh giá tác động"") AND (""AI"" OR ""trí tuệ nhân tạo"")","site:hspi.org.vn (nền tảng OR công cụ) AND (""đánh giá tuân thủ"" OR ""đánh giá tác động"") AND (""AI"" OR ""trí tuệ nhân tạo"")",50,2026-08-01T08:06:27.403014+00:00,1,raw/search-MOH-HSPI-DQ-TOOL-02.json,E3B0C44298FC1C149AFBF4C8996FB92427AE41E4649B934CA495991B7852B855,0,raw/search-MOH-HSPI-DQ-TOOL-02.stderr.txt,DA02E250F8F513E93B07932A757DC7FA7BB005341159F4F5D85D7A10448E5445,253,0,SEARCH_FAILED,FIRECRAWL_SITE_FALLBACK_REQUESTED_LIMIT_50
MOH-HSPI,hspi.org.vn,DQ-IMPL-04,implementation,"(""trí tuệ nhân tạo"" OR AI) AND (""theo dõi sau triển khai"" OR hậu kiểm OR ""giám sát sau triển khai"" OR ""đánh giá hiệu quả"") AND (y tế OR bệnh viện OR ""Sở Y tế"")","site:hspi.org.vn (""trí tuệ nhân tạo"" OR AI) AND (""theo dõi sau triển khai"" OR hậu kiểm OR ""giám sát sau triển khai"" OR ""đánh giá hiệu quả"") AND (y tế OR bệnh viện OR ""Sở Y tế"")",50,2026-08-01T08:06:28.945859+00:00,1,raw/search-MOH-HSPI-DQ-IMPL-04.json,E3B0C44298FC1C149AFBF4C8996FB92427AE41E4649B934CA495991B7852B855,0,raw/search-MOH-HSPI-DQ-IMPL-04.stderr.txt,14B2EE749AF21104F274410F0CB54497489B096D5B7127FBA3AB9DBD8192C7C9,253,0,SEARCH_FAILED,FIRECRAWL_SITE_FALLBACK_REQUESTED_LIMIT_50
MOH-HSPI,hspi.org.vn,DQ-IMPL-05,implementation,"(""trí tuệ nhân tạo"" OR AI) AND (""báo cáo sự cố"" OR ""quản lý chất lượng"" OR kiểm toán OR thanh tra) AND (y tế OR bệnh viện OR ""Sở Y tế"")","site:hspi.org.vn (""trí tuệ nhân tạo"" OR AI) AND (""báo cáo sự cố"" OR ""quản lý chất lượng"" OR kiểm toán OR thanh tra) AND (y tế OR bệnh viện OR ""Sở Y tế"")",50,2026-08-01T08:06:30.553411+00:00,1,raw/search-MOH-HSPI-DQ-IMPL-05.json,E3B0C44298FC1C149AFBF4C8996FB92427AE41E4649B934CA495991B7852B855,0,raw/search-MOH-HSPI-DQ-IMPL-05.stderr.txt,9C8CD018FB06D230F672994AE0C90E1388B0A4FCB5E55500C2CC2F83419A0912,252,0,SEARCH_FAILED,FIRECRAWL_SITE_FALLBACK_REQUESTED_LIMIT_50
MOH-HSPI,hspi.org.vn,DQ-EVID-01,evidence,"(""đạo đức AI"" OR ""quản trị AI"") AND (kiểm toán OR thanh tra OR giám sát)","site:hspi.org.vn (""đạo đức AI"" OR ""quản trị AI"") AND (kiểm toán OR thanh tra OR giám sát)",50,2026-08-01T08:06:31.445635+00:00,3221226505,raw/search-MOH-HSPI-DQ-EVID-01.json,E3B0C44298FC1C149AFBF4C8996FB92427AE41E4649B934CA495991B7852B855,0,raw/search-MOH-HSPI-DQ-EVID-01.stderr.txt,E3B0C44298FC1C149AFBF4C8996FB92427AE41E4649B934CA495991B7852B855,0,0,SEARCH_FAILED,FIRECRAWL_SITE_FALLBACK_REQUESTED_LIMIT_50
MOH-HSPI,hspi.org.vn,DQ-EVID-02,evidence,"(""AI"" OR ""trí tuệ nhân tạo"") AND (sự cố OR khiếu nại OR khắc phục) AND (y tế OR bệnh viện)","site:hspi.org.vn (""AI"" OR ""trí tuệ nhân tạo"") AND (sự cố OR khiếu nại OR khắc phục) AND (y tế OR bệnh viện)",50,2026-08-01T08:06:32.976216+00:00,1,raw/search-MOH-HSPI-DQ-EVID-02.json,E3B0C44298FC1C149AFBF4C8996FB92427AE41E4649B934CA495991B7852B855,0,raw/search-MOH-HSPI-DQ-EVID-02.stderr.txt,FB62C08A31C10562DA70EC99C6F89448C2F5F0D34574DE0A9894E645E9878856,252,0,SEARCH_FAILED,FIRECRAWL_SITE_FALLBACK_REQUESTED_LIMIT_50
MOH-HSPI,hspi.org.vn,DQ-EVID-03,evidence,"(""AI"" OR ""trí tuệ nhân tạo"") AND (""đánh giá tác động"" OR kết quả) AND (y tế OR bệnh viện)","site:hspi.org.vn (""AI"" OR ""trí tuệ nhân tạo"") AND (""đánh giá tác động"" OR kết quả) AND (y tế OR bệnh viện)",50,2026-08-01T08:06:34.474419+00:00,1,raw/search-MOH-HSPI-DQ-EVID-03.json,E3B0C44298FC1C149AFBF4C8996FB92427AE41E4649B934CA495991B7852B855,0,raw/search-MOH-HSPI-DQ-EVID-03.stderr.txt,B15F5A48A9D934A8D8BF98CA138580DC8C52B6854CE9AC09C3F06C729BB77352,252,0,SEARCH_FAILED,FIRECRAWL_SITE_FALLBACK_REQUESTED_LIMIT_50
MOH-HSPI,hspi.org.vn,DQ-EVID-04,evidence,"(""AI ethics"" OR ""AI governance"") AND (audit OR inspection OR monitoring OR incident OR complaint OR redress OR ""impact assessment"" OR outcome OR result) AND (Vietnam OR ""Viet Nam"") AND (health OR hospital)","site:hspi.org.vn (""AI ethics"" OR ""AI governance"") AND (audit OR inspection OR monitoring OR incident OR complaint OR redress OR ""impact assessment"" OR outcome OR result) AND (Vietnam OR ""Viet Nam"") AND (health OR hospital)",50,2026-08-01T08:06:35.975911+00:00,1,raw/search-MOH-HSPI-DQ-EVID-04.json,E3B0C44298FC1C149AFBF4C8996FB92427AE41E4649B934CA495991B7852B855,0,raw/search-MOH-HSPI-DQ-EVID-04.stderr.txt,447FF3B460DA4EE8C29C923D8AEB7BD2D191720BE5BD0274482E9F068763EEC3,252,0,SEARCH_FAILED,FIRECRAWL_SITE_FALLBACK_REQUESTED_LIMIT_50
MOH-HSPI,hspi.org.vn,DQ-EVID-05,evidence,"(""artificial intelligence"" OR AI) AND (""post-implementation monitoring"" OR ""post-market surveillance"" OR ""incident reporting"" OR ""quality management"" OR ""effectiveness evaluation"" OR audit) AND (Vietnam OR ""Viet Nam"") AND (health OR hospital OR ""provincial health department"")","site:hspi.org.vn (""artificial intelligence"" OR AI) AND (""post-implementation monitoring"" OR ""post-market surveillance"" OR ""incident reporting"" OR ""quality management"" OR ""effectiveness evaluation"" OR audit) AND (Vietnam OR ""Viet Nam"") AND (health OR hospital OR ""provincial health department"")",50,2026-08-01T08:06:37.323291+00:00,1,raw/search-MOH-HSPI-DQ-EVID-05.json,E3B0C44298FC1C149AFBF4C8996FB92427AE41E4649B934CA495991B7852B855,0,raw/search-MOH-HSPI-DQ-EVID-05.stderr.txt,C1C427C228CD6AE76397987F009E9F5EB7080FBDAB5F0EA283AD04BF3D5F5375,252,0,SEARCH_FAILED,FIRECRAWL_SITE_FALLBACK_REQUESTED_LIMIT_50
MST,most.gov.vn,DQ-IMPL-01,implementation,"(""đạo đức AI"" OR ""AI có trách nhiệm"" OR ""quản trị AI"") AND (kế hoạch OR triển khai OR áp dụng OR thí điểm)","site:most.gov.vn (""đạo đức AI"" OR ""AI có trách nhiệm"" OR ""quản trị AI"") AND (kế hoạch OR triển khai OR áp dụng OR thí điểm)",50,2026-08-01T08:06:38.669443+00:00,1,raw/search-MST-DQ-IMPL-01.json,E3B0C44298FC1C149AFBF4C8996FB92427AE41E4649B934CA495991B7852B855,0,raw/search-MST-DQ-IMPL-01.stderr.txt,9C16D219570E65C17FEA3F6E688EE2081F8B484386A9377701F6F166BE54376B,252,0,SEARCH_FAILED,FIRECRAWL_SITE_FALLBACK_REQUESTED_LIMIT_50
MST,most.gov.vn,DQ-IMPL-02,implementation,"(""đạo đức AI"" OR ""AI có trách nhiệm"" OR ""quản trị AI"") AND (""Bộ Y tế"" OR bệnh viện OR ""cơ sở khám bệnh, chữa bệnh"")","site:most.gov.vn (""đạo đức AI"" OR ""AI có trách nhiệm"" OR ""quản trị AI"") AND (""Bộ Y tế"" OR bệnh viện OR ""cơ sở khám bệnh, chữa bệnh"")",50,2026-08-01T08:06:40.526696+00:00,0,raw/search-MST-DQ-IMPL-02.json,A358B1C07D44108E6BA676A4DC2B4AB9F9A9B6BF5D063751C70E5B33F1CFA1A2,18,raw/search-MST-DQ-IMPL-02.stderr.txt,E3B0C44298FC1C149AFBF4C8996FB92427AE41E4649B934CA495991B7852B855,0,0,SEARCH_CAPTURED,FIRECRAWL_SITE_FALLBACK_REQUESTED_LIMIT_50
MST,most.gov.vn,DQ-IMPL-03,implementation,"(""responsible AI"" OR ""AI governance"" OR ""AI ethics"") AND (implementation OR adoption OR uptake OR plan OR pilot) AND (Vietnam OR ""Viet Nam"") AND (health OR hospital OR clinical)","site:most.gov.vn (""responsible AI"" OR ""AI governance"" OR ""AI ethics"") AND (implementation OR adoption OR uptake OR plan OR pilot) AND (Vietnam OR ""Viet Nam"") AND (health OR hospital OR clinical)",50,2026-08-01T08:06:42.447008+00:00,0,raw/search-MST-DQ-IMPL-03.json,A358B1C07D44108E6BA676A4DC2B4AB9F9A9B6BF5D063751C70E5B33F1CFA1A2,18,raw/search-MST-DQ-IMPL-03.stderr.txt,E3B0C44298FC1C149AFBF4C8996FB92427AE41E4649B934CA495991B7852B855,0,0,SEARCH_CAPTURED,FIRECRAWL_SITE_FALLBACK_REQUESTED_LIMIT_50
MST,most.gov.vn,DQ-TOOL-01,implementation_tool,"(""đánh giá tuân thủ"" OR ""tự đánh giá"") AND (""đạo đức AI"" OR ""AI có trách nhiệm"")","site:most.gov.vn (""đánh giá tuân thủ"" OR ""tự đánh giá"") AND (""đạo đức AI"" OR ""AI có trách nhiệm"")",50,2026-08-01T08:06:44.892560+00:00,0,raw/search-MST-DQ-TOOL-01.json,A358B1C07D44108E6BA676A4DC2B4AB9F9A9B6BF5D063751C70E5B33F1CFA1A2,18,raw/search-MST-DQ-TOOL-01.stderr.txt,E3B0C44298FC1C149AFBF4C8996FB92427AE41E4649B934CA495991B7852B855,0,0,SEARCH_CAPTURED,FIRECRAWL_SITE_FALLBACK_REQUESTED_LIMIT_50
MST,most.gov.vn,DQ-TOOL-02,implementation_tool,"(nền tảng OR công cụ) AND (""đánh giá tuân thủ"" OR ""đánh giá tác động"") AND (""AI"" OR ""trí tuệ nhân tạo"")","site:most.gov.vn (nền tảng OR công cụ) AND (""đánh giá tuân thủ"" OR ""đánh giá tác động"") AND (""AI"" OR ""trí tuệ nhân tạo"")",50,2026-08-01T08:06:59.830424+00:00,0,raw/search-MST-DQ-TOOL-02.json,4973C2866EE9D2C0F8DBEB13FD06BBAAD4607660DC7DD98FFA6B1F8E352E7BAC,1219,raw/search-MST-DQ-TOOL-02.stderr.txt,E3B0C44298FC1C149AFBF4C8996FB92427AE41E4649B934CA495991B7852B855,0,3,SEARCH_CAPTURED,FIRECRAWL_SITE_FALLBACK_REQUESTED_LIMIT_50
MST,most.gov.vn,DQ-IMPL-04,implementation,"(""trí tuệ nhân tạo"" OR AI) AND (""theo dõi sau triển khai"" OR hậu kiểm OR ""giám sát sau triển khai"" OR ""đánh giá hiệu quả"") AND (y tế OR bệnh viện OR ""Sở Y tế"")","site:most.gov.vn (""trí tuệ nhân tạo"" OR AI) AND (""theo dõi sau triển khai"" OR hậu kiểm OR ""giám sát sau triển khai"" OR ""đánh giá hiệu quả"") AND (y tế OR bệnh viện OR ""Sở Y tế"")",50,2026-08-01T08:07:11.314745+00:00,0,raw/search-MST-DQ-IMPL-04.json,948DE8DBD080F881145521CB26B6CF1962AFBDB03E5A0CB6A98D090D1D1069CE,818,raw/search-MST-DQ-IMPL-04.stderr.txt,E3B0C44298FC1C149AFBF4C8996FB92427AE41E4649B934CA495991B7852B855,0,2,SEARCH_CAPTURED,FIRECRAWL_SITE_FALLBACK_REQUESTED_LIMIT_50
MST,most.gov.vn,DQ-IMPL-05,implementation,"(""trí tuệ nhân tạo"" OR AI) AND (""báo cáo sự cố"" OR ""quản lý chất lượng"" OR kiểm toán OR thanh tra) AND (y tế OR bệnh viện OR ""Sở Y tế"")","site:most.gov.vn (""trí tuệ nhân tạo"" OR AI) AND (""báo cáo sự cố"" OR ""quản lý chất lượng"" OR kiểm toán OR thanh tra) AND (y tế OR bệnh viện OR ""Sở Y tế"")",50,2026-08-01T08:07:19.540601+00:00,0,raw/search-MST-DQ-IMPL-05.json,86CE527F55D82528C6767C5518FC51E7CE84CA2E37530BC8316E14BB99927506,830,raw/search-MST-DQ-IMPL-05.stderr.txt,E3B0C44298FC1C149AFBF4C8996FB92427AE41E4649B934CA495991B7852B855,0,2,SEARCH_CAPTURED,FIRECRAWL_SITE_FALLBACK_REQUESTED_LIMIT_50
MST,most.gov.vn,DQ-EVID-01,evidence,"(""đạo đức AI"" OR ""quản trị AI"") AND (kiểm toán OR thanh tra OR giám sát)","site:most.gov.vn (""đạo đức AI"" OR ""quản trị AI"") AND (kiểm toán OR thanh tra OR giám sát)",50,2026-08-01T08:07:22.572276+00:00,0,raw/search-MST-DQ-EVID-01.json,5DF391931B872445C337D2E07BA7ECC6FE78ECE58E8EDDFAD4F312A7B795C26F,436,raw/search-MST-DQ-EVID-01.stderr.txt,E3B0C44298FC1C149AFBF4C8996FB92427AE41E4649B934CA495991B7852B855,0,1,SEARCH_CAPTURED,FIRECRAWL_SITE_FALLBACK_REQUESTED_LIMIT_50
MST,most.gov.vn,DQ-EVID-02,evidence,"(""AI"" OR ""trí tuệ nhân tạo"") AND (sự cố OR khiếu nại OR khắc phục) AND (y tế OR bệnh viện)","site:most.gov.vn (""AI"" OR ""trí tuệ nhân tạo"") AND (sự cố OR khiếu nại OR khắc phục) AND (y tế OR bệnh viện)",50,2026-08-01T08:07:26.199405+00:00,0,raw/search-MST-DQ-EVID-02.json,2862B15D09EF920F2F69D52451FE7C04A97167F781392AC16948175DA8F8768C,4018,raw/search-MST-DQ-EVID-02.stderr.txt,E3B0C44298FC1C149AFBF4C8996FB92427AE41E4649B934CA495991B7852B855,0,10,SEARCH_CAPTURED,FIRECRAWL_SITE_FALLBACK_REQUESTED_LIMIT_50
MST,most.gov.vn,DQ-EVID-03,evidence,"(""AI"" OR ""trí tuệ nhân tạo"") AND (""đánh giá tác động"" OR kết quả) AND (y tế OR bệnh viện)","site:most.gov.vn (""AI"" OR ""trí tuệ nhân tạo"") AND (""đánh giá tác động"" OR kết quả) AND (y tế OR bệnh viện)",50,2026-08-01T08:07:27.894939+00:00,0,raw/search-MST-DQ-EVID-03.json,4A241840B8E2B0ED492A6CFF77BC21107FC4D044367E5707B12E53E4568CB009,13144,raw/search-MST-DQ-EVID-03.stderr.txt,E3B0C44298FC1C149AFBF4C8996FB92427AE41E4649B934CA495991B7852B855,0,30,SEARCH_CAPTURED,FIRECRAWL_SITE_FALLBACK_REQUESTED_LIMIT_50
MST,most.gov.vn,DQ-EVID-04,evidence,"(""AI ethics"" OR ""AI governance"") AND (audit OR inspection OR monitoring OR incident OR complaint OR redress OR ""impact assessment"" OR outcome OR result) AND (Vietnam OR ""Viet Nam"") AND (health OR hospital)","site:most.gov.vn (""AI ethics"" OR ""AI governance"") AND (audit OR inspection OR monitoring OR incident OR complaint OR redress OR ""impact assessment"" OR outcome OR result) AND (Vietnam OR ""Viet Nam"") AND (health OR hospital)",50,2026-08-01T08:07:29.367261+00:00,0,raw/search-MST-DQ-EVID-04.json,A358B1C07D44108E6BA676A4DC2B4AB9F9A9B6BF5D063751C70E5B33F1CFA1A2,18,raw/search-MST-DQ-EVID-04.stderr.txt,E3B0C44298FC1C149AFBF4C8996FB92427AE41E4649B934CA495991B7852B855,0,0,SEARCH_CAPTURED,FIRECRAWL_SITE_FALLBACK_REQUESTED_LIMIT_50
MST,most.gov.vn,DQ-EVID-05,evidence,"(""artificial intelligence"" OR AI) AND (""post-implementation monitoring"" OR ""post-market surveillance"" OR ""incident reporting"" OR ""quality management"" OR ""effectiveness evaluation"" OR audit) AND (Vietnam OR ""Viet Nam"") AND (health OR hospital OR ""provincial health department"")","site:most.gov.vn (""artificial intelligence"" OR AI) AND (""post-implementation monitoring"" OR ""post-market surveillance"" OR ""incident reporting"" OR ""quality management"" OR ""effectiveness evaluation"" OR audit) AND (Vietnam OR ""Viet Nam"") AND (health OR hospital OR ""provincial health department"")",50,2026-08-01T08:07:30.767254+00:00,1,raw/search-MST-DQ-EVID-05.json,E3B0C44298FC1C149AFBF4C8996FB92427AE41E4649B934CA495991B7852B855,0,raw/search-MST-DQ-EVID-05.stderr.txt,213AB73169424ED309DEC63A569BE28151700859332BA69993E25533164794B4,253,0,SEARCH_FAILED,FIRECRAWL_SITE_FALLBACK_REQUESTED_LIMIT_50
UNESCO-RAM,www.unesco.org,DQ-IMPL-01,implementation,"(""đạo đức AI"" OR ""AI có trách nhiệm"" OR ""quản trị AI"") AND (kế hoạch OR triển khai OR áp dụng OR thí điểm)","site:www.unesco.org (""đạo đức AI"" OR ""AI có trách nhiệm"" OR ""quản trị AI"") AND (kế hoạch OR triển khai OR áp dụng OR thí điểm)",50,2026-08-01T08:07:32.239849+00:00,1,raw/search-UNESCO-RAM-DQ-IMPL-01.json,E3B0C44298FC1C149AFBF4C8996FB92427AE41E4649B934CA495991B7852B855,0,raw/search-UNESCO-RAM-DQ-IMPL-01.stderr.txt,F0DE6B861D60FEAC6A177F0FE7B5735C09470CFCEF25D936E67C86F2B01322C4,252,0,SEARCH_FAILED,FIRECRAWL_SITE_FALLBACK_REQUESTED_LIMIT_50
UNESCO-RAM,www.unesco.org,DQ-IMPL-02,implementation,"(""đạo đức AI"" OR ""AI có trách nhiệm"" OR ""quản trị AI"") AND (""Bộ Y tế"" OR bệnh viện OR ""cơ sở khám bệnh, chữa bệnh"")","site:www.unesco.org (""đạo đức AI"" OR ""AI có trách nhiệm"" OR ""quản trị AI"") AND (""Bộ Y tế"" OR bệnh viện OR ""cơ sở khám bệnh, chữa bệnh"")",50,2026-08-01T08:07:33.662315+00:00,1,raw/search-UNESCO-RAM-DQ-IMPL-02.json,E3B0C44298FC1C149AFBF4C8996FB92427AE41E4649B934CA495991B7852B855,0,raw/search-UNESCO-RAM-DQ-IMPL-02.stderr.txt,EA049C95CAB1BCE882EF3074A7FF99F4D6817E58FB58A3627CBB263C0A21FE49,252,0,SEARCH_FAILED,FIRECRAWL_SITE_FALLBACK_REQUESTED_LIMIT_50
UNESCO-RAM,www.unesco.org,DQ-IMPL-03,implementation,"(""responsible AI"" OR ""AI governance"" OR ""AI ethics"") AND (implementation OR adoption OR uptake OR plan OR pilot) AND (Vietnam OR ""Viet Nam"") AND (health OR hospital OR clinical)","site:www.unesco.org (""responsible AI"" OR ""AI governance"" OR ""AI ethics"") AND (implementation OR adoption OR uptake OR plan OR pilot) AND (Vietnam OR ""Viet Nam"") AND (health OR hospital OR clinical)",50,2026-08-01T08:07:34.882324+00:00,1,raw/search-UNESCO-RAM-DQ-IMPL-03.json,E3B0C44298FC1C149AFBF4C8996FB92427AE41E4649B934CA495991B7852B855,0,raw/search-UNESCO-RAM-DQ-IMPL-03.stderr.txt,4A6EDA79C8F48A1B31D320DB58D4F0A96526D344A7945BB7D63BB3517E6367E5,252,0,SEARCH_FAILED,FIRECRAWL_SITE_FALLBACK_REQUESTED_LIMIT_50
UNESCO-RAM,www.unesco.org,DQ-TOOL-01,implementation_tool,"(""đánh giá tuân thủ"" OR ""tự đánh giá"") AND (""đạo đức AI"" OR ""AI có trách nhiệm"")","site:www.unesco.org (""đánh giá tuân thủ"" OR ""tự đánh giá"") AND (""đạo đức AI"" OR ""AI có trách nhiệm"")",50,2026-08-01T08:07:36.291446+00:00,1,raw/search-UNESCO-RAM-DQ-TOOL-01.json,E3B0C44298FC1C149AFBF4C8996FB92427AE41E4649B934CA495991B7852B855,0,raw/search-UNESCO-RAM-DQ-TOOL-01.stderr.txt,A8BE35966AABD0A69F7864C340633690C7919593432AFF9289A3339805CDE80F,252,0,SEARCH_FAILED,FIRECRAWL_SITE_FALLBACK_REQUESTED_LIMIT_50
UNESCO-RAM,www.unesco.org,DQ-TOOL-02,implementation_tool,"(nền tảng OR công cụ) AND (""đánh giá tuân thủ"" OR ""đánh giá tác động"") AND (""AI"" OR ""trí tuệ nhân tạo"")","site:www.unesco.org (nền tảng OR công cụ) AND (""đánh giá tuân thủ"" OR ""đánh giá tác động"") AND (""AI"" OR ""trí tuệ nhân tạo"")",50,2026-08-01T08:07:37.764979+00:00,1,raw/search-UNESCO-RAM-DQ-TOOL-02.json,E3B0C44298FC1C149AFBF4C8996FB92427AE41E4649B934CA495991B7852B855,0,raw/search-UNESCO-RAM-DQ-TOOL-02.stderr.txt,95BC4C0DE32767E2141A2C61D27E06124FB97A38E3A8C040F10933A538C87583,252,0,SEARCH_FAILED,FIRECRAWL_SITE_FALLBACK_REQUESTED_LIMIT_50
UNESCO-RAM,www.unesco.org,DQ-IMPL-04,implementation,"(""trí tuệ nhân tạo"" OR AI) AND (""theo dõi sau triển khai"" OR hậu kiểm OR ""giám sát sau triển khai"" OR ""đánh giá hiệu quả"") AND (y tế OR bệnh viện OR ""Sở Y tế"")","site:www.unesco.org (""trí tuệ nhân tạo"" OR AI) AND (""theo dõi sau triển khai"" OR hậu kiểm OR ""giám sát sau triển khai"" OR ""đánh giá hiệu quả"") AND (y tế OR bệnh viện OR ""Sở Y tế"")",50,2026-08-01T08:07:39.303687+00:00,1,raw/search-UNESCO-RAM-DQ-IMPL-04.json,E3B0C44298FC1C149AFBF4C8996FB92427AE41E4649B934CA495991B7852B855,0,raw/search-UNESCO-RAM-DQ-IMPL-04.stderr.txt,0B80F715AE2338D92ED881C9488FB75CEF7C8C8645EA919218CE4F7FF29550F0,252,0,SEARCH_FAILED,FIRECRAWL_SITE_FALLBACK_REQUESTED_LIMIT_50
UNESCO-RAM,www.unesco.org,DQ-IMPL-05,implementation,"(""trí tuệ nhân tạo"" OR AI) AND (""báo cáo sự cố"" OR ""quản lý chất lượng"" OR kiểm toán OR thanh tra) AND (y tế OR bệnh viện OR ""Sở Y tế"")","site:www.unesco.org (""trí tuệ nhân tạo"" OR AI) AND (""báo cáo sự cố"" OR ""quản lý chất lượng"" OR kiểm toán OR thanh tra) AND (y tế OR bệnh viện OR ""Sở Y tế"")",50,2026-08-01T08:07:41.066596+00:00,0,raw/search-UNESCO-RAM-DQ-IMPL-05.json,A358B1C07D44108E6BA676A4DC2B4AB9F9A9B6BF5D063751C70E5B33F1CFA1A2,18,raw/search-UNESCO-RAM-DQ-IMPL-05.stderr.txt,E3B0C44298FC1C149AFBF4C8996FB92427AE41E4649B934CA495991B7852B855,0,0,SEARCH_CAPTURED,FIRECRAWL_SITE_FALLBACK_REQUESTED_LIMIT_50
UNESCO-RAM,www.unesco.org,DQ-EVID-01,evidence,"(""đạo đức AI"" OR ""quản trị AI"") AND (kiểm toán OR thanh tra OR giám sát)","site:www.unesco.org (""đạo đức AI"" OR ""quản trị AI"") AND (kiểm toán OR thanh tra OR giám sát)",50,2026-08-01T08:07:43.370726+00:00,0,raw/search-UNESCO-RAM-DQ-EVID-01.json,A358B1C07D44108E6BA676A4DC2B4AB9F9A9B6BF5D063751C70E5B33F1CFA1A2,18,raw/search-UNESCO-RAM-DQ-EVID-01.stderr.txt,E3B0C44298FC1C149AFBF4C8996FB92427AE41E4649B934CA495991B7852B855,0,0,SEARCH_CAPTURED,FIRECRAWL_SITE_FALLBACK_REQUESTED_LIMIT_50
UNESCO-RAM,www.unesco.org,DQ-EVID-02,evidence,"(""AI"" OR ""trí tuệ nhân tạo"") AND (sự cố OR khiếu nại OR khắc phục) AND (y tế OR bệnh viện)","site:www.unesco.org (""AI"" OR ""trí tuệ nhân tạo"") AND (sự cố OR khiếu nại OR khắc phục) AND (y tế OR bệnh viện)",50,2026-08-01T08:07:46.914674+00:00,0,raw/search-UNESCO-RAM-DQ-EVID-02.json,EA80B5D5754A5301F90689689954D5E5250F5A67583B5DFCADBDB1C7C776C27A,859,raw/search-UNESCO-RAM-DQ-EVID-02.stderr.txt,E3B0C44298FC1C149AFBF4C8996FB92427AE41E4649B934CA495991B7852B855,0,2,SEARCH_CAPTURED,FIRECRAWL_SITE_FALLBACK_REQUESTED_LIMIT_50
UNESCO-RAM,www.unesco.org,DQ-EVID-03,evidence,"(""AI"" OR ""trí tuệ nhân tạo"") AND (""đánh giá tác động"" OR kết quả) AND (y tế OR bệnh viện)","site:www.unesco.org (""AI"" OR ""trí tuệ nhân tạo"") AND (""đánh giá tác động"" OR kết quả) AND (y tế OR bệnh viện)",50,2026-08-01T08:07:48.783021+00:00,0,raw/search-UNESCO-RAM-DQ-EVID-03.json,B834BDFCA54A0D25B2E8A6DEF02C178AE67CC5A33BB3487C61977C02DF045166,1276,raw/search-UNESCO-RAM-DQ-EVID-03.stderr.txt,E3B0C44298FC1C149AFBF4C8996FB92427AE41E4649B934CA495991B7852B855,0,3,SEARCH_CAPTURED,FIRECRAWL_SITE_FALLBACK_REQUESTED_LIMIT_50
UNESCO-RAM,www.unesco.org,DQ-EVID-04,evidence,"(""AI ethics"" OR ""AI governance"") AND (audit OR inspection OR monitoring OR incident OR complaint OR redress OR ""impact assessment"" OR outcome OR result) AND (Vietnam OR ""Viet Nam"") AND (health OR hospital)","site:www.unesco.org (""AI ethics"" OR ""AI governance"") AND (audit OR inspection OR monitoring OR incident OR complaint OR redress OR ""impact assessment"" OR outcome OR result) AND (Vietnam OR ""Viet Nam"") AND (health OR hospital)",50,2026-08-01T08:07:50.562959+00:00,0,raw/search-UNESCO-RAM-DQ-EVID-04.json,349834941ED6D393347D5297D8EDFB428353486EF8B56D024FFA897FDAAD2B6E,9084,raw/search-UNESCO-RAM-DQ-EVID-04.stderr.txt,E3B0C44298FC1C149AFBF4C8996FB92427AE41E4649B934CA495991B7852B855,0,26,SEARCH_CAPTURED,FIRECRAWL_SITE_FALLBACK_REQUESTED_LIMIT_50
UNESCO-RAM,www.unesco.org,DQ-EVID-05,evidence,"(""artificial intelligence"" OR AI) AND (""post-implementation monitoring"" OR ""post-market surveillance"" OR ""incident reporting"" OR ""quality management"" OR ""effectiveness evaluation"" OR audit) AND (Vietnam OR ""Viet Nam"") AND (health OR hospital OR ""provincial health department"")","site:www.unesco.org (""artificial intelligence"" OR AI) AND (""post-implementation monitoring"" OR ""post-market surveillance"" OR ""incident reporting"" OR ""quality management"" OR ""effectiveness evaluation"" OR audit) AND (Vietnam OR ""Viet Nam"") AND (health OR hospital OR ""provincial health department"")",50,2026-08-01T08:07:52.994510+00:00,0,raw/search-UNESCO-RAM-DQ-EVID-05.json,7D26129116D07D1ECCDD6D86B7CB420A74F0D8291317C61B2C41353084CCCDC0,7226,raw/search-UNESCO-RAM-DQ-EVID-05.stderr.txt,E3B0C44298FC1C149AFBF4C8996FB92427AE41E4649B934CA495991B7852B855,0,20,SEARCH_CAPTURED,FIRECRAWL_SITE_FALLBACK_REQUESTED_LIMIT_50
WHO-VNM,www.who.int,DQ-IMPL-01,implementation,"(""đạo đức AI"" OR ""AI có trách nhiệm"" OR ""quản trị AI"") AND (kế hoạch OR triển khai OR áp dụng OR thí điểm)","site:www.who.int (""đạo đức AI"" OR ""AI có trách nhiệm"" OR ""quản trị AI"") AND (kế hoạch OR triển khai OR áp dụng OR thí điểm)",50,2026-08-01T08:07:54.588349+00:00,0,raw/search-WHO-VNM-DQ-IMPL-01.json,A358B1C07D44108E6BA676A4DC2B4AB9F9A9B6BF5D063751C70E5B33F1CFA1A2,18,raw/search-WHO-VNM-DQ-IMPL-01.stderr.txt,E3B0C44298FC1C149AFBF4C8996FB92427AE41E4649B934CA495991B7852B855,0,0,SEARCH_CAPTURED,FIRECRAWL_SITE_FALLBACK_REQUESTED_LIMIT_50
WHO-VNM,www.who.int,DQ-IMPL-02,implementation,"(""đạo đức AI"" OR ""AI có trách nhiệm"" OR ""quản trị AI"") AND (""Bộ Y tế"" OR bệnh viện OR ""cơ sở khám bệnh, chữa bệnh"")","site:www.who.int (""đạo đức AI"" OR ""AI có trách nhiệm"" OR ""quản trị AI"") AND (""Bộ Y tế"" OR bệnh viện OR ""cơ sở khám bệnh, chữa bệnh"")",50,2026-08-01T08:07:56.113731+00:00,0,raw/search-WHO-VNM-DQ-IMPL-02.json,A358B1C07D44108E6BA676A4DC2B4AB9F9A9B6BF5D063751C70E5B33F1CFA1A2,18,raw/search-WHO-VNM-DQ-IMPL-02.stderr.txt,E3B0C44298FC1C149AFBF4C8996FB92427AE41E4649B934CA495991B7852B855,0,0,SEARCH_CAPTURED,FIRECRAWL_SITE_FALLBACK_REQUESTED_LIMIT_50
WHO-VNM,www.who.int,DQ-IMPL-03,implementation,"(""responsible AI"" OR ""AI governance"" OR ""AI ethics"") AND (implementation OR adoption OR uptake OR plan OR pilot) AND (Vietnam OR ""Viet Nam"") AND (health OR hospital OR clinical)","site:www.who.int (""responsible AI"" OR ""AI governance"" OR ""AI ethics"") AND (implementation OR adoption OR uptake OR plan OR pilot) AND (Vietnam OR ""Viet Nam"") AND (health OR hospital OR clinical)",50,2026-08-01T08:07:58.205534+00:00,0,raw/search-WHO-VNM-DQ-IMPL-03.json,CCF69CFDD91EFAFB1E03321D1F5AFE09543F697F77E28B6E81CE305B63F21373,4582,raw/search-WHO-VNM-DQ-IMPL-03.stderr.txt,E3B0C44298FC1C149AFBF4C8996FB92427AE41E4649B934CA495991B7852B855,0,10,SEARCH_CAPTURED,FIRECRAWL_SITE_FALLBACK_REQUESTED_LIMIT_50
WHO-VNM,www.who.int,DQ-TOOL-01,implementation_tool,"(""đánh giá tuân thủ"" OR ""tự đánh giá"") AND (""đạo đức AI"" OR ""AI có trách nhiệm"")","site:www.who.int (""đánh giá tuân thủ"" OR ""tự đánh giá"") AND (""đạo đức AI"" OR ""AI có trách nhiệm"")",50,2026-08-01T08:07:59.755147+00:00,0,raw/search-WHO-VNM-DQ-TOOL-01.json,A358B1C07D44108E6BA676A4DC2B4AB9F9A9B6BF5D063751C70E5B33F1CFA1A2,18,raw/search-WHO-VNM-DQ-TOOL-01.stderr.txt,E3B0C44298FC1C149AFBF4C8996FB92427AE41E4649B934CA495991B7852B855,0,0,SEARCH_CAPTURED,FIRECRAWL_SITE_FALLBACK_REQUESTED_LIMIT_50
WHO-VNM,www.who.int,DQ-TOOL-02,implementation_tool,"(nền tảng OR công cụ) AND (""đánh giá tuân thủ"" OR ""đánh giá tác động"") AND (""AI"" OR ""trí tuệ nhân tạo"")","site:www.who.int (nền tảng OR công cụ) AND (""đánh giá tuân thủ"" OR ""đánh giá tác động"") AND (""AI"" OR ""trí tuệ nhân tạo"")",50,2026-08-01T08:08:01.227201+00:00,1,raw/search-WHO-VNM-DQ-TOOL-02.json,E3B0C44298FC1C149AFBF4C8996FB92427AE41E4649B934CA495991B7852B855,0,raw/search-WHO-VNM-DQ-TOOL-02.stderr.txt,18CC1E38C22949314EC5A6A697570DD02FFFF610422EA69E3ABD55E23369AF6A,253,0,SEARCH_FAILED,FIRECRAWL_SITE_FALLBACK_REQUESTED_LIMIT_50
WHO-VNM,www.who.int,DQ-IMPL-04,implementation,"(""trí tuệ nhân tạo"" OR AI) AND (""theo dõi sau triển khai"" OR hậu kiểm OR ""giám sát sau triển khai"" OR ""đánh giá hiệu quả"") AND (y tế OR bệnh viện OR ""Sở Y tế"")","site:www.who.int (""trí tuệ nhân tạo"" OR AI) AND (""theo dõi sau triển khai"" OR hậu kiểm OR ""giám sát sau triển khai"" OR ""đánh giá hiệu quả"") AND (y tế OR bệnh viện OR ""Sở Y tế"")",50,2026-08-01T08:08:02.613639+00:00,1,raw/search-WHO-VNM-DQ-IMPL-04.json,E3B0C44298FC1C149AFBF4C8996FB92427AE41E4649B934CA495991B7852B855,0,raw/search-WHO-VNM-DQ-IMPL-04.stderr.txt,A3FB192D190135B2894493CB4D0CCDF27128C9A79D7B5835E96AE3B02283D475,253,0,SEARCH_FAILED,FIRECRAWL_SITE_FALLBACK_REQUESTED_LIMIT_50
WHO-VNM,www.who.int,DQ-IMPL-05,implementation,"(""trí tuệ nhân tạo"" OR AI) AND (""báo cáo sự cố"" OR ""quản lý chất lượng"" OR kiểm toán OR thanh tra) AND (y tế OR bệnh viện OR ""Sở Y tế"")","site:www.who.int (""trí tuệ nhân tạo"" OR AI) AND (""báo cáo sự cố"" OR ""quản lý chất lượng"" OR kiểm toán OR thanh tra) AND (y tế OR bệnh viện OR ""Sở Y tế"")",50,2026-08-01T08:08:03.953574+00:00,1,raw/search-WHO-VNM-DQ-IMPL-05.json,E3B0C44298FC1C149AFBF4C8996FB92427AE41E4649B934CA495991B7852B855,0,raw/search-WHO-VNM-DQ-IMPL-05.stderr.txt,74246857A8A2A914E6166135915B6254D705F2C606AB76C67598396BF10041DF,253,0,SEARCH_FAILED,FIRECRAWL_SITE_FALLBACK_REQUESTED_LIMIT_50
WHO-VNM,www.who.int,DQ-EVID-01,evidence,"(""đạo đức AI"" OR ""quản trị AI"") AND (kiểm toán OR thanh tra OR giám sát)","site:www.who.int (""đạo đức AI"" OR ""quản trị AI"") AND (kiểm toán OR thanh tra OR giám sát)",50,2026-08-01T08:08:05.408157+00:00,1,raw/search-WHO-VNM-DQ-EVID-01.json,E3B0C44298FC1C149AFBF4C8996FB92427AE41E4649B934CA495991B7852B855,0,raw/search-WHO-VNM-DQ-EVID-01.stderr.txt,01B8CA730519D1A2F4B5A85B7944EFCABBDF02842C787E3D1476A456C4466735,253,0,SEARCH_FAILED,FIRECRAWL_SITE_FALLBACK_REQUESTED_LIMIT_50
WHO-VNM,www.who.int,DQ-EVID-02,evidence,"(""AI"" OR ""trí tuệ nhân tạo"") AND (sự cố OR khiếu nại OR khắc phục) AND (y tế OR bệnh viện)","site:www.who.int (""AI"" OR ""trí tuệ nhân tạo"") AND (sự cố OR khiếu nại OR khắc phục) AND (y tế OR bệnh viện)",50,2026-08-01T08:08:06.807969+00:00,1,raw/search-WHO-VNM-DQ-EVID-02.json,E3B0C44298FC1C149AFBF4C8996FB92427AE41E4649B934CA495991B7852B855,0,raw/search-WHO-VNM-DQ-EVID-02.stderr.txt,7EF7ACDA08510C59A15F530D072B8221412C594677A64B82C978E938CEBE33DC,253,0,SEARCH_FAILED,FIRECRAWL_SITE_FALLBACK_REQUESTED_LIMIT_50
WHO-VNM,www.who.int,DQ-EVID-03,evidence,"(""AI"" OR ""trí tuệ nhân tạo"") AND (""đánh giá tác động"" OR kết quả) AND (y tế OR bệnh viện)","site:www.who.int (""AI"" OR ""trí tuệ nhân tạo"") AND (""đánh giá tác động"" OR kết quả) AND (y tế OR bệnh viện)",50,2026-08-01T08:08:08.097908+00:00,1,raw/search-WHO-VNM-DQ-EVID-03.json,E3B0C44298FC1C149AFBF4C8996FB92427AE41E4649B934CA495991B7852B855,0,raw/search-WHO-VNM-DQ-EVID-03.stderr.txt,967DA3CA1B100163A15F4ACFA2B6749F3C2FE51C842C63F62112A3B9EE7CFA5D,253,0,SEARCH_FAILED,FIRECRAWL_SITE_FALLBACK_REQUESTED_LIMIT_50
WHO-VNM,www.who.int,DQ-EVID-04,evidence,"(""AI ethics"" OR ""AI governance"") AND (audit OR inspection OR monitoring OR incident OR complaint OR redress OR ""impact assessment"" OR outcome OR result) AND (Vietnam OR ""Viet Nam"") AND (health OR hospital)","site:www.who.int (""AI ethics"" OR ""AI governance"") AND (audit OR inspection OR monitoring OR incident OR complaint OR redress OR ""impact assessment"" OR outcome OR result) AND (Vietnam OR ""Viet Nam"") AND (health OR hospital)",50,2026-08-01T08:08:09.587620+00:00,1,raw/search-WHO-VNM-DQ-EVID-04.json,E3B0C44298FC1C149AFBF4C8996FB92427AE41E4649B934CA495991B7852B855,0,raw/search-WHO-VNM-DQ-EVID-04.stderr.txt,EAB30DB30CF2625DE9042FC937642D18F65D0CDBFD1DE376E00293E42A064ABD,253,0,SEARCH_FAILED,FIRECRAWL_SITE_FALLBACK_REQUESTED_LIMIT_50
WHO-VNM,www.who.int,DQ-EVID-05,evidence,"(""artificial intelligence"" OR AI) AND (""post-implementation monitoring"" OR ""post-market surveillance"" OR ""incident reporting"" OR ""quality management"" OR ""effectiveness evaluation"" OR audit) AND (Vietnam OR ""Viet Nam"") AND (health OR hospital OR ""provincial health department"")","site:www.who.int (""artificial intelligence"" OR AI) AND (""post-implementation monitoring"" OR ""post-market surveillance"" OR ""incident reporting"" OR ""quality management"" OR ""effectiveness evaluation"" OR audit) AND (Vietnam OR ""Viet Nam"") AND (health OR hospital OR ""provincial health department"")",50,2026-08-01T08:08:11.006484+00:00,1,raw/search-WHO-VNM-DQ-EVID-05.json,E3B0C44298FC1C149AFBF4C8996FB92427AE41E4649B934CA495991B7852B855,0,raw/search-WHO-VNM-DQ-EVID-05.stderr.txt,FE66758799C5B093B9EA464E4C1A64960F8E1AA21304C9CB50871B6F02EC10A6,253,0,SEARCH_FAILED,FIRECRAWL_SITE_FALLBACK_REQUESTED_LIMIT_50
